"source","id","doi","title","authors","journal","published_date","url","abstract"
"pubmed","42764010","10.1016/j.bios.2026.119227","CRISPR-AMPED: A CRISPR/Cas-based immunoassay with attomolar sensitivity enabled by magnetic proximity extension and detection.","Shao, Fangchi; Hu, Jiumei; Traylor, Amelia; Lei, Hanran; Zhang, Pengfei; Akarapipad, Patarajarin; Park, Joon Soo; Hsieh, Kuangwen; Wang, Tza-Huei","Biosensors & bioelectronics","2026-09-20","https://pubmed.ncbi.nlm.nih.gov/42764010/","Clustered regularly interspaced short palindromic repeats (CRISPR)/Cas-associated systems have emerged as powerful tools for next-generation molecular diagnostics, particularly for nucleic acid detection. However, ultrasensitive protein detection is equally critical across diverse applications in biology and medicine, especially for diagnosing and prognosing diseases such as cancer, traumatic brain injury (TBI), Alzheimer's disease, and cardiovascular diseases. Despite recent efforts to adapt CRISPR/Cas systems for protein detection, these methods have typically achieved sensitivity in the femtomolar to picomolar range, underscoring the need for enhanced detection capabilities. Here, we developed CRISPR-AMPED, a CRISPR/Cas-based immunoassay enhanced by magnetic proximity extension and detection. This approach combines proximity extension assay (PEA) with magnetic beads to convert protein targets into DNA barcodes while enabling effective washing to reduce background noise. The resulting DNA barcodes are detected through recombinase polymerase amplification (RPA) coupled with CRISPR/Cas12a, eliminating thermocycling and providing simultaneous target and signal amplification. CRISPR-AMPED achieves attomolar-level sensitivity, surpassing ELISA by over three orders of magnitude and outperforming existing immunoassays and CRISPR/Cas-based protein detection systems. As an initial demonstration of clinical utility, we applied CRISPR-AMPED to detect the inflammatory biomarker interleukin-8 (IL-8) in serum samples from patients with TBI and healthy controls. Further integration with a smartphone-based detection device demonstrates its potential for portable testing, while the digital format extends the dynamic range and enhances quantitation precision. Together, these results establish CRISPR-AMPED as a sensitive protein detection approach using IL-8 as an initial model target and provide a framework for future adaptation to additional protein biomarkers."
"pubmed","42763497","10.1016/j.gendis.2026.102232","Autosomal dominant gain-of-function mutations in LCP1 cause a syndromic neutropenia and immunodeficiency.","Yu, Lang; Zhou, Bo; Liu, Wei; Li, Wenhui; Wei, Qinglv; Zhang, Yishi; Li, Chen; Li, Wendao; Li, Yulin; Li, Guangzhao; Sun, Gan; Gan, Rui; Chen, Ran; Zhang, Wenjing; Zeng, Anle; Zhao, Rongtao; He, Wenli; Jia, Yanjun; Zhou, Lina; Zhang, Zhiyong; Tang, Xuemei; Qiu, Xiang; Zhou, Qing; Song, Wenxia; Zhao, Xiaodong; An, Yunfei","Genes & diseases","2026-09-20","https://pubmed.ncbi.nlm.nih.gov/42763497/","Actin cytoskeleton defects underlie immuno-actinopathies. We identified three patients with heterozygous LCP1 gain-of-function mutations (L362F, A365D) causing activated LCP1-associated immunodeficiency syndrome, characterized by congenital neutropenia, variable combined immunodeficiency, and allergy. Patients' neutrophils show maturation arrest and excessive apoptosis, while T/B cells are reduced and functionally impaired. Patient-derived iPSCs, CRISPR-edited cells, and LCP1(+/L362F) mice replicate these defects. Mechanistically, mutant LCP1 hyper-bundles F-actin, inducing VDAC1 oligomerization and mitochondrial apoptosis. This study further establishes LCP1 as a regulator of immune cell fate and suggests targeting actin dynamics as therapy."
"pubmed","42763486","10.1007/s44164-026-00123-z","Pathophysiology and biomaterials based therapeutic strategies for spinal muscular atrophy.","Nasser, Aya Ayman; Nasser, Rasha Ayman; Singh, Hemant; Veettil, Rukshana Mangattu; Tuffaha, Muath Abdullah; Oueis, Emilia; Pitsalidis, Charalampos; Ashraf, Syed Salman; Athamneh, Khawlah Najib; Hassan, Shabir","In vitro models","2026-09-20","https://pubmed.ncbi.nlm.nih.gov/42763486/","BACKGROUND: Spinal muscular atrophy (SMA) is a disorder characterized by the degeneration of lower motor neurons caused by mutations in the survival motor neuron 1 (SMN1) gene on chromosome 5. These mutations lead to a decline in SMN protein levels, which contributes to the development of this disease. SMA is an autosomal recessive disorder that results in intensified weakness in respiratory and skeletal muscles, leading to severe disability. Understanding the pathophysiology and etiology of the disease paves a clear path for scientists in developing and advancing treatment approaches for this condition. METHODS: This review article provides an overview of SMA, encompassing the characteristics of the disease, standard-of-care techniques, including respiratory care and physiotherapy, and existing treatments and recent advancements in novel therapeutic strategies and biomaterials for SMA. Several limitations associated with the existing SMA treatment methods are also discussed. RESULTS: The review highlights significant progress in SMA therapy, including gene replacement therapies, antisense oligonucleotides, and small-molecule drugs that enhance SMN protein production. Despite these advancements, current treatments face limitations related to delivery efficiency, cost, and long-term efficacy. Novel biomaterials and delivery systems show promise in overcoming these challenges and improving treatment outcomes. CONCLUSIONS: A deeper understanding of SMA pathophysiology has led to transformative therapeutic advances; however, challenges remain in optimizing treatment accessibility, durability, and safety. Continued research focusing on innovative therapeutic designs and biomaterial applications holds potential to further enhance the quality of life and prognosis for individuals with SMA."
"pubmed","42763217","10.1016/j.tice.2026.103977","Corrigendum ""A novel immortalization method for immortalizing human primary CD8(+) T cells by inserting a single copy of human telomerase reverse transcriptase via CRISPR/Cas9""[Tissue and Cell 95 (2025), 102908].","He, Zhiyong; Cole, Kenneth D; He, Hua-Jun","Tissue & cell","2026-09-19","https://pubmed.ncbi.nlm.nih.gov/42763217/",""
"pubmed","42763182","10.1016/j.aca.2026.346016","Signal transduction and engineering strategies of CRISPR-Cas biosensors: A review.","Zhou, Lei; Wei, Kehui; Liu, Qian; Wu, Guozhi; Wang, Kun","Analytica chimica acta","2026-09-19","https://pubmed.ncbi.nlm.nih.gov/42763182/","BACKGROUND: Class 2 CRISPR-Cas systems are characterized by their single-component architecture and RNA-guided effector proteins such as Cas9, Cas12, and Cas13. They have established a versatile molecular framework for developing a new generation of biosensing platforms. The programmability of these systems, combined with their unique enzymatic properties, particularly the target-activated trans-cleavage of reporters, allows molecular detection with exceptional specificity and sensitivity. However, translation of these advantages into practical applications and resource-limited settings remains challenging due to complex signal readout, engineering constraints, and integration hurdles. RESULTS: This review systematically examines the current CRISPR-Cas biosensing landscape, focusing on the operational mechanisms of major effector proteins and the broad spectrum of signal transduction methodologies that convert molecular recognition into measurable signals. These approaches encompass optical techniques (fluorescence, colorimetry, surface-enhanced Raman scattering, chemiluminescence) and electrochemical-based methods (conventional electrochemistry, photoelectrochemistry, electrochemiluminescence). We further highlight engineering advances that enhance performance through protein engineering, amplification-free strategies, and expansion to non-nucleic acid targets and multiplexed assays. Integration with miniaturized platforms, digital readouts, and artificial intelligence is accelerating the transition toward practical use. We conclude that CRISPR-Cas biosensors hold considerable potential to advance decentralized diagnostics, biomedical research, and global health surveillance."
"pubmed","42763168","10.1016/j.aca.2026.346109","A purification-free one-pot CRISPR/Cas13a assay for detection of porcine epidemic diarrhea virus.","Zhang, Xuan; Pan, Zhuhao; Wen, Jiafeng; Wang, Chen; Tang, Chao; Tang, Zhonglin","Analytica chimica acta","2026-09-19","https://pubmed.ncbi.nlm.nih.gov/42763168/","Porcine epidemic diarrhea virus (PEDV) causes up to 80-100% mortality in neonatal piglets, yet field surveillance remains constrained by RT-qPCR's dependence on column-based nucleic acid purification and centralized laboratory infrastructure-a bottleneck especially severe in the inhibitor-rich matrices typical of swine clinical samples. Here we report an integrated sample-to-answer methodology coupling a purification-free thermal lysis step with one-pot RT-RPA-CRISPR/Cas13a chemistry, delivering PEDV detection within 35 min. Reverse transcription, recombinase polymerase amplification, T7 in vitro transcription, and Cas13a collateral cleavage are confined to a single sealed tube, eliminating open-tube transfer and aerosol contamination. Optimized thermal lysis (80 degrees C, 7 min) liberates amplifiable viral RNA directly from crude anal swabs and feces, obviating column purification. The assay attained 10(1) copies/muL analytical sensitivity with high analytical specificity against six non-target porcine pathogens under the tested conditions. Critically, matrix-tolerance profiling showed the CRISPR-based workflow suppressed inhibition to 7.16% (anal swabs) and 11.89% (feces), versus 63.65% and 69.39% for RT-qPCR (P < 0.01), demonstrating markedly superior robustness under authentic matrices. In a double-blind evaluation of 297 clinical specimens, the platform reached 98.65% concordance with national reference standards (Cohen's kappa = 0.941), correctly identifying all 37 RT-qPCR-confirmed positives and additionally resolving four low-titer infections missed by RT-qPCR. By converting an inhibitor-sensitive, infrastructure-bound assay into a purification-free, contamination-resistant workflow with validated clinical reliability, this work provides a robust sample-to-answer analytical strategy for PEDV detection in complex clinical matrices."
"pubmed","42763167","10.1016/j.aca.2026.346108","Rapid and sensitive on-site detection of PBoV G3 using an EsCas13d-based platform.","Fu, Peng-Fei; Zhang, Zhuo-Wei; Hong, Jun; Hu, An-Xin; Shi, Yi-Yang; Lin, Jia-Wen; Pi, Si-Yi; Zhang, Yu-Yan; Wang, Yan-Hong; Lu, Min; Yin, Guo-You; Wang, Dong-Mei","Analytica chimica acta","2026-09-19","https://pubmed.ncbi.nlm.nih.gov/42763167/","Rapid, sensitive, and user-friendly nucleic acid diagnostic methods are crucial for controlling the spread of PBoV G3. In this study, we developed SENTRY (Single-step Enzymatic Nucleic acid Targeted Reporter Yield), a pathogen detection platform designed for on-site deployment in resource-limited settings. Combined with GENE (General Extraction-free Nucleic acid Exposure reagent), a room-temperature lysis protocol, SENTRY can release viral nucleic acids within 5 min. The addition of accessory proteins enhances the sensitivity of the one-step SENTRY platform and shortens the reaction time. SENTRY provides results within 30 min, with clinical sample detection rates matching those of qPCR, and shows no cross-reactivity with non-target viruses. The system operates efficiently at body temperature ( approximately 37  degrees C) without requiring temperature control devices. Lyophilized reagents make SENTRY robust to transport conditions and extend shelf life. Overall, these features make SENTRY highly suitable for POCT outside conventional laboratory environments."
"pubmed","42763165","10.1016/j.aca.2026.346106","A double-key responsive TDNs-HC/Cas13a DNA circuit for free-amplified detection and precise imaging of miRNAs in living cell.","Xiao, Shixiu; Liang, Yuying; Zhang, Yihan; Liang, Longjin; Xu, Bin; Mu, Xiaomei; Zhao, Shulin; Tian, Jianniao","Analytica chimica acta","2026-09-19","https://pubmed.ncbi.nlm.nih.gov/42763165/","BACKGROUND: The clustered regularly interspaced short palindromic repeats(CRISPR)/CRISPR-associated (Cas) proteins is an RNA-guided gene editing system with high targeting specificity. Its exceptional recognition capability for target genes has demonstrated immense potential in the field of biosensing. However, the effective integration and delivery of CRISPR/Cas systems and nucleic acid hybridization for precise imaging and detection of lowly expressed analyte in cellulo remains a critical challenge. Here, an integrated TDNs-HC/Cas13a DNA circuit was constructed for free-amplified detection and precise imaging of miRNAs in living cell. The novel design of this method utilizes DNA Tetrahedrons (TDNs) as nanoscaffolds, with three vertices assembled to incorporate miRNA-155-responsive CRISPR/Cas13a and the lock that recognizes miRNA-21, enabling precise molecular recognition through an AND logic gate mechanism. RESULTS: This TDNs-HC/Cas13a strategy integrated target recognition module, logical operations module, and signal output module, enabling intracellular co-delivery of elements of module without external vectors. The dual target recognition and synergistically signal-amplification of CRISPR/Cas13a enabled the sensitive and free-amplified detection of miRNA-155 and miRNA-21, and the limit of detection is 32 pM and 5 pM, respectively. At the same time it can be applied for the expression level analysis and single-cell imaging of miRNA-155 and miRNA-21 in cells. Experimental results show that the TDNs-HC/Cas13a system effectively discriminates between normal cells and cancer cells based on fluorescence intensity, confirming its capability for specific imaging of cancer cells. SIGNIFICANCE AND NOVELTY: This design likes a dual-password safe lock, precisely excluding other cells that express only a single marker or ingest a small number of probe molecules, significantly improving the signal-to-noise ratio and accuracy of detection and imaging."
"pubmed","42763149","10.1016/j.aca.2026.346090","Amplification-free electrochemiluminescence biosensors based on peptide-templated gold nanocluster and CRISPR-Cas12a for Mycobacterium tuberculosis IS6110 detection.","Cheng, Lingjun; Yang, Qingmei; Yang, Yuanyuan; Wang, Yufeng; He, Qingfei; Zou, Zhiyan; Su, Canping; Chen, Jiaming; Liu, Yinhuan; Hong, Guolin","Analytica chimica acta","2026-09-19","https://pubmed.ncbi.nlm.nih.gov/42763149/","BACKGROUND: Tuberculosis (TB) nucleic acid diagnosis urgently requires rapid, amplification-free methods to overcome limitations of quantitative real-time polymerase chain reaction (qPCR), including instrument dependency, prolonged time, and contamination risks from nucleic acid amplification. RESULTS: Here, an amplification-free electrochemiluminescence (ECL) biosensor based on peptide-templated gold nanoclusters and the clustered regularly interspaced short palindromic repeats-Cas12a system (CRISPR-Cas12a) has been constructed for the detection of Mycobacterium tuberculosis (MTB)-specific IS6110 sequences. Peptide-templated gold nanoclusters with low background and high ECL response can be used as sensitive signal probes. When CRISPR-Cas12a recognizes the target IS6110 DNA, it exhibits non-specific cleavage activity, repeatedly cleaving ferrocene-labelled DNA. This results in the restoration of ECL signals quenched by ferrocene, thereby achieving signal amplification. There is a linear relationship between the signal and the target concentration range from 10 CFU/mL to 10(4) CFU/mL, with a detection limit of 7 CFU/mL (S/N = 3). Clinical validation (n = 40) showed strong agreement with qPCR (kappa = 0.90). SIGNIFICANCE: Critically, this amplification-free strategy eliminates the need for temperature cycling equipment, reduces detection time to 1 h, and completely avoids the risk of amplicon contamination, providing an ideal solution for rapid screening of highly infectious diseases such as TB."
"pubmed","42763141","10.1016/j.aca.2026.346071","UPCRISPR: an ultrafast, one-tube multiplexed nucleic acid detection system for resolving the diagnostic gray zone in HPV16/18 detection.","Bai, Linlin; Liu, Dianwei; Qian, Chunyan; Yuan, Weiqi; Guo, Kaiming; Wang, Yao; Qian, Feng; Shi, Mingmin; Wang, Bei; Wang, Rui","Analytica chimica acta","2026-09-19","https://pubmed.ncbi.nlm.nih.gov/42763141/","Detection of high-risk human papillomavirus (HPV) is crucial for early cervical cancer screening. Polymerase chain reaction (PCR) is widely regarded as the gold standard for nucleic acid detection. However, there are still several constraints, such as long turnaround time and the ""gray zone"" issue. In this study, an ultrafast one-tube multiplex detection method called UPCRISPR was developed for highly sensitive simultaneous detection of HPV16 and HPV18. The entire detection process was completed in  approximately 10 min. By integrating ultrafast multiplex PCR and Cas12a cleavage, it simultaneously detected as few as 10 copies/muL of HPV16 and 100 copies/muL of HPV18. The proposed method was further validated using 130 clinical samples for practical applications. In 100 routine clinical samples, the UPCRISPR results showed 100% agreement with a commercial quantitative PCR kit used as the comparison method. In addition, all 30 qPCR gray-zone samples were correctly classified relative to qPCR combined with melting curve analysis. In summary, the proposed UPCRISPR method exhibits excellent sensitivity, specificity, speed and ease of use, demonstrating great potential for widespread application in cervical cancer screening."
"pubmed","42763006","10.1016/j.critrevonc.2026.105610","CRISPR and Gene Editing Approaches in Prostate Cancer: Clinical Applications and Therapeutic Potential.","Patel, Vaibhavkumar; Singh, Pratichi; Dutta, Sthiti Porna; Pande, Sonal; Langstang, Rica; Kushwaha, Aarti","Critical reviews in oncology/hematology","2026-09-19","https://pubmed.ncbi.nlm.nih.gov/42763006/","Prostate cancer is one of the leading causes of cancer-related morbidity and mortality among men worldwide and is characterized by substantial molecular heterogeneity and the development of therapeutic resistance. Recent advances in genome-editing technologies, particularly CRISPR-Cas systems, have expanded opportunities for precise investigation and modification of genetic and epigenetic determinants involved in prostate cancer progression. This review comprehensively describes the evolution of CRISPR-based genome-editing tools, including Cas9 nucleases, base editing, prime editing, and CRISPR interference/activation systems, and their applications in prostate cancer models. Particular emphasis is placed on androgen receptor (AR) signaling and DNA damage repair (DDR) pathways, as well as genomic alterations such as PTEN loss and TMPRSS2-ERG fusion, which represent important molecular determinants and therapeutic targets in prostate cancer. The review further examines the application of CRISPR in functional genomic screening, disease modeling, and the identification of synthetic lethal interactions that may reveal novel therapeutic vulnerabilities. Emerging therapeutic strategies, including gene correction, targeting mechanisms underlying resistance to androgen deprivation and AR-directed therapies, sensitization to chemotherapy and radiotherapy, epigenome editing, and immunotherapy engineering, are critically discussed. Advances in CRISPR delivery modalities, including viral vectors, lipid-based nanoparticles, polymeric systems, and extracellular vesicles, are also evaluated with emphasis on tumor targeting, delivery efficiency, safety, and translational challenges. Overall, CRISPR-based technologies show considerable potential to support precision oncology in prostate cancer by enabling molecularly informed therapeutic strategies and addressing treatment resistance, although challenges related to delivery, off-target effects, tumor heterogeneity, immunogenicity, and clinical translation remain to be resolved."
"pubmed","42762688","10.1016/j.jiph.2026.103365","Molecular epidemiology, genetic characteristics, and antimicrobial resistance of Staphylococcus capitis clinical isolates: First identification of the NRCS-A and proto-NRCS-A clones in Japan.","Osada, Masako; Aung, Meiji Soe; Nishida, Mana; Kawamura, Kayo; Ito, Masahiko; Urushibara, Noriko; Kawaguchiya, Mitsuyo; Ohashi, Nobuhide; Suzuki, Satoshi; Higuchi, Toru; Hirose, Mina; Kobayashi, Nobumichi","Journal of infection and public health","2026-09-19","https://pubmed.ncbi.nlm.nih.gov/42762688/","BACKGROUND: A pathogenic clone of Staphylococcus capitis, NRCS-A, possesses specific virulence factors and shows broader antimicrobial resistance (AMR). The present study aimed to analyze the genetic characteristics and AMR profiles of S. capitis clinical isolates and determine the prevalence of the NRCS-A clone in Japan. METHODS: S. capitis isolates from clinical specimens were analyzed for the presence of virulence factors and AMR-associated genes by PCR and sequencing. Genetic classification of S. capitis isolates was performed by an in-house multilocus sequence typing (MLST) based on four loci (arcC-rpoB-gap-tuf). RESULTS: A total of 194 S. capitis isolates (44 subsp. capitis and 150 subsp. urealyticus) were collected for 7 months. mecA was detected in 33% (63/194) of isolates (only subsp. urealyticus), while the most common AMR determinants identified were fosSC (77%, n = 150) and blaZ (59%, n = 114). Virulence factors associated with the NRCS-A clone, nsr and tarJ, were found in 20% (n = 39) and 37% (n = 71) of isolates, respectively. Both nsr and tarJ were present in 13 isolates (7%), among which three isolates had the traits of the NRCS-A clone (SCCmec-V with CRISPR/Cas-IIIA; SCCcad/ars/cop in two isolates), whereas the remaining 10 isolates were considered presumptive proto-NRCS-A clone (nsr+, tarJ+, CRISPR-Cas-IIIA/SCCmec-negative). By the MLST scheme, all the S. capitis isolates were differentiated into 48 STs and six major clonal complexes (CCs). Isolates assigned to the NRCS-A clone were classified as ST13 or ST14 in CC1, which was a minor lineage of S. capitis subsp. urealyticus. Similarly, most isolates of proto-NRCS-A clone were grouped into CC1, with ST13 being dominant. CONCLUSION: The present study first revealed the presence of NRCS-A and proto-NRCS-A clones among S. capitis clinical isolates in Japan. Careful monitoring and attention to these clones may be necessary in clinical settings."
"pubmed","42762644","10.1016/j.bios.2026.119251","Universal contamination-free nucleic acid biosensing enabled by guide-independent Argonaute amplicon elimination.","Shi, Jinyi; Ding, Sheng; Du, Feng; Dong, Juan; Wang, Sifan; Ren, Kaiyuan; Li, Jing; Li, Haiyan; Wu, Chengze; Zhao, Song; Yang, Xijun; Wang, Fei; Wang, Wei; Chen, Rong; Cui, Xin; Tang, Zhuo","Biosensors & bioelectronics","2026-09-19","https://pubmed.ncbi.nlm.nih.gov/42762644/","Amplicon contamination remains a major challenge in nucleic acid biosensing, frequently compromising diagnostic accuracy in both clinical testing and field-deployable sensing systems. Although strategies such as uracil-DNA glycosylase (UDG) treatment and CRISPR-based approaches have been developed to mitigate this problem, their broader implementation is often limited by incomplete decontamination, increased assay cost, and the complexity associated with exogenous guide design. Here we introduce CREDIT (chopping-based Argonaute-mediated testing), a molecular diagnostic biosensor platform that harnesses the intrinsic chopping activity of Pyrococcus furiosus Argonaute (PfAgo). Unlike conventional Argonaute-based biosensing assays that primarily use Argonaute as a signal-generating enzyme, CREDIT operates as a dual-function system: it degrades amplification products into short fragments that are inert to further amplification, while simultaneously repurposing these chopping-derived fragments as guides to direct sequence-specific cleavage of reporter probes for signal generation. We demonstrate that this integrated detect-and-destroy mechanism enables seamless coupling of CREDIT with both PCR and isothermal amplification for ultrasensitive nucleic acid detection. The platform preserves the attomolar sensitivity of the amplification-based assay without compromising assay speed. Notably, a stringent 20-round consecutive open-lid stress test confirms complete suppression of amplicon contamination, thereby enabling uncapped post-amplification handling for lateral flow strip (LFS) sensor readout-an operation previously considered unsafe in field-deployable molecular testing. Together, these results establish CREDIT as a contamination-resistant biosensing strategy for molecular diagnostics that enables reliable and consecutive nucleic acid detection, particularly in resource-limited settings."
"pubmed","42762614","10.1016/j.plaphy.2026.111771","Systematic identification and functional characterization of EPF/EPFL peptides involved in drought stress responses in tobacco.","Wen, Lichao; Xiong, Tao; Xu, Wenzhong; Wan, Shanglin; Long, Yuting; Kong, Na; Guo, Yongfeng; Wang, Kaituo","Plant physiology and biochemistry : PPB","2026-09-19","https://pubmed.ncbi.nlm.nih.gov/42762614/","Members of the Epidermal Patterning Factor/EPF-Like (EPF/EPFL) gene family encode cysteine-rich small peptides that participate in plant development and environmental adaptation. To investigate the potential roles of EPF/EPFL peptides in drought responses, a comprehensive bioinformatics analysis was performed to identify NtEPF/EPFL genes in tobacco (Nicotiana tabacum L.). A total of 23 NtEPF/EPFL proteins were identified and classified into two major groups based on their conserved EPF/EPFL domains. Expression analysis by qRT-PCR showed that several NtEPF/EPFL genes responded to abscisic acid (ABA), low temperature, osmotic stress, and salt stress. Exogenous application of synthetic NtEPF/EPFL peptides alleviated mannitol-induced osmotic damage and was associated with improved drought-related phenotypes in tobacco and Arabidopsis thaliana. In particular, NtEPF3 and NtEPFL6 positively regulated drought tolerance in tobacco, as overexpression lines showed enhanced drought tolerance whereas the corresponding CRISPR/Cas9 mutants were more drought sensitive. NtEPF3 and NtEPFL6 were also associated with changes in stomatal aperture, water loss, and gas-exchange parameters under drought stress. In addition, drought-enhanced phosphorylation of NtSAPK2-L, a putative tobacco ortholog of OST1, was observed following NtEPF3 or NtEPFL6 peptide treatment and in the corresponding overexpression backgrounds, whereas weaker phosphorylation was detected in the mutant backgrounds. Parallel changes in Mitogen-Activated Protein Kinase (MAPK)-like phosphorylation were also observed. These findings indicate that NtEPF3 and NtEPFL6 may participate in tobacco drought responses through stomatal regulation and drought-responsive kinase signaling."
"pubmed","42762268","10.1007/s00018-026-06437-1","Dosage-sensitive regulation of Cofilin-1 and LIMK signaling controls myoblast differentiation and fusion.","Gjirlic, Dora; Weber, Anja; Posern, Guido; Singh, Anurag Kumar","Cellular and molecular life sciences : CMLS","2026-09-19","https://pubmed.ncbi.nlm.nih.gov/42762268/","Skeletal muscle differentiation requires coordinated cytoskeletal remodeling and transcriptional reprogramming. Members of the actin-depolymerizing factor/Cofilin family regulate actin filament turnover, yet the isoform-specific functions of Cofilin-1 and Cofilin-2 during myogenesis remain incompletely understood. Murine C2C12 myoblasts were used to investigate the expression and function of Cofilin isoforms during differentiation. CRISPR/Cas9-mediated knockout, shRNA-mediated knockdown, immunofluorescence, gene expression analyses, MRTF reporter assays, and pharmacological inhibition of LIM kinase were used to assess myogenic progression and signaling. Myogenic differentiation was accompanied by a pronounced isoform transition characterized by progressive downregulation of Cofilin-1 and Actin-Depolymerizing Factor together with increased expression of Cofilin-2. Loss of Cofilin-1 resulted in marked morphological abnormalities, impaired cell-cycle exit, elevated MRTF activity, and reduced myotube formation, whereas Cofilin-2 deficiency produced comparatively mild effects during early differentiation. Importantly, partial reduction of Cofilin-1 enhanced myoblast fusion, while stronger depletion impaired differentiation, demonstrating a dosage-sensitive requirement for Cofilin-1. In addition, Cofilin-1 activity was dynamically regulated by transient LIM kinase-mediated phosphorylation during early differentiation, and inhibition of this pathway disrupted myogenic progression. Analyses of mRNA and protein stability indicated that isoform switching is primarily regulated at the level of gene expression. Cofilin-1 functions as a dosage-sensitive regulator of myogenic progression that links cytoskeletal remodeling to signaling pathways controlling proliferation and differentiation. Coordinated regulation of Cofilin-1 expression and activity, together with the transition to Cofilin-2, is required for efficient myoblast fusion and muscle formation."
"pubmed","42762129","10.1111/jipb.70388","The CmMYB6-CmWRKY13-CmBr module mediates cucurbitacin B accumulation in melon fruit under CPPU treatment.","Luo, Fei; Tang, Haoxiong; Han, Yuqing; Zhen, Liyuan; Wei, Ruirui; Huang, Yushan; Pan, Jian; Liu, Tao; Qi, Hongyan","Journal of integrative plant biology","2026-09-19","https://pubmed.ncbi.nlm.nih.gov/42762129/","Cucurbitacin B (CuB), a key compound responsible for the bitterness of melon fruit, significantly reduces fruit quality and consumer acceptance. Therefore, understanding the molecular mechanism underlying CuB biosynthesis is essential for improving melon fruit quality. In this research, we investigated CuB levels in the cmwrky13-knockout mutant following treatment with 20 mg L(-1) CPPU (20CPPU) and hand pollination. The CuB content decreased by approximately 30% in the cmwrky13-knockout mutant compared with wild type under 20CPPU treatment. Yeast one-hybrid, dual-luciferase, and electrophoretic mobility shift assays demonstrated that CmWRKY13 activates the promoter of CmBr, a key regulator of bitterness, and physically interacts with CmBr. Moreover, the nuclear-localized transcription factor CmMYB6 was specifically induced by 20CPPU treatment. Interestingly, CmMYB6 binds to the CmWRKY13 promoter and interacts with its protein, synergistically enhancing CuB gene expression. The cmmyb6-knockout mutants confirmed that CmMYB6 positively regulates CuB accumulation in melon fruit. Furthermore, CRISPR/Cas9-generated cmmyb6 cmwrky13 double mutants revealed that the CmMYB6-CmWRKY13 module controls CmBr expression and regulates CuB accumulation. Collectively, these findings elucidate the transcriptional cascade of CuB accumulation mediated by the CmMYB6-CmWRKY13-CmBr module in melon fruit, providing new insights into the molecular basis of bitterness formation and offering theoretical guidance for the breeding of non-bitter melon varieties."
"pubmed","42762127","10.1111/jipb.70401","T2T genome assembly and CRISPR/Cas9 editing of Medicago lupulina.","Yuan, Qing; Li, Cheng; Wang, Guangyan; Dai, Wenfei; Eerdungaridi; Wu, Di; Fan, Qingdun; Yang, Yongping; Duan, Yuanwen; Sun, Xudong","Journal of integrative plant biology","2026-09-19","https://pubmed.ncbi.nlm.nih.gov/42762127/","A complete, gap-free genome of Medicago lupulina, a tough, high-protein forage legume, and a gene-editing tool for this species, which was used to alter its leaf shape, provide key resources for improving alfalfa and breeding better forage crops for high-altitude environments."
"pubmed","42761838","10.1002/pei3.70208","Graft Biology in the CRISPR Era: From Tissue Fusion to Genome Compatibility.","Sahaja, Melagani Subash Chandra Gowda; Sahana, Melagani Subash Chandra Gowda; Thottathil, Revathi; Rekha, Chithra; Priyada, Poomangalath; Babu, Vidhu Sankar","Plant-environment interactions (Hoboken, N.J.)","2026-09-19","https://pubmed.ncbi.nlm.nih.gov/42761838/","Plant lineage has traditionally constrained grafting compatibility, with monocots generally considered incompatible because of their dispersed vascular bundles and limited secondary growth. Recent studies have shown that embryonic grafting can establish successful graft unions in selected monocot systems by exploiting early developmental plasticity before anatomical constraints become fully established. Experimental evidence from cereals and orchids has demonstrated callus adhesion, vascular reconnection, and early tissue integration under controlled conditions, indicating that embryonic grafting represents a promising developmental approach distinct from conventional grafting. However, successful graft union formation does not necessarily ensure long-term functional integration. Current evidence indicates that distant grafts may exhibit developmental desynchronization, endoplasmic reticulum stress-associated reproductive defects, genomic dosage imbalance, and sterility, while reproducibility across taxa and translation beyond controlled environments remains poorly understood. Genome-editing studies have identified sterility-associated genes (ORF3/4/5, Ms1, and S-RNase), flowering regulators (Hd1 and FT homologs), and meristem-vascular identity genes (WUS, CUC/LOB, and MADS-box family members) as candidate targets for investigating mechanisms underlying compatibility and reproductive stability. However, the application of these molecular approaches to embryonic graft-derived systems remains largely unexplored. This review synthesizes current advances in embryonic grafting, discusses the molecular basis of graft compatibility and reproductive stability, and highlights key challenges and future research directions for integrating developmental biology with genome editing to improve graft success across wider taxonomic boundaries."
"pubmed","42761694","10.3389/fphar.2026.1859926","DepPrior: integrating CRISPR dependency predictability with multi-omics reproducibility to prioritize candidate LUAD therapeutic targets.","Zhou, Feng; Wang, Cheng; Mo, Lizhi; Sun, Xuan; Zhang, Ji","Frontiers in pharmacology","2026-09-19","https://pubmed.ncbi.nlm.nih.gov/42761694/","Lung adenocarcinoma (LUAD) remains molecularly heterogeneous, and many tumors lack clearly tractable vulnerabilities. We developed DepPrior, a computational framework that ranks candidate LUAD therapeutic targets by requiring concordant evidence of CRISPR dependency separability, molecular predictability, and cross-cohort expression/protein reproducibility. DepMap dependency scores were modeled from matched expression and copy-number features using linear and non-linear learners, and gene-level AUROC and R(2) were combined into a heuristic DepScore. The final candidate set included FERMT2, CRKL, MYC, CHMP4B and related genes. The set formed a coherent tumor expression module in TCGA-LUAD, was strongly associated with proliferation-linked features, and showed rank-based concordance across GEO transcriptomic cohorts and CPTAC transcriptomic/proteomic resources. Five-fold cross-validation supported the ranking of non-linear models, although performance gains were moderate and should be interpreted as model-ranking evidence rather than as large effect-size proof. Orthogonal experiments in HCC827 cells showed modest but reproducible protein-level reductions after FERMT2 and CRKL knockdown, accompanied by a directionally stronger apoptosis-associated protein shift after combined suppression than after single perturbation. These findings support DepPrior as a reproducibility-oriented, hypothesis-generating approach for target nomination. Because cross-cohort expression concordance does not prove patient-tumor dependency conservation, and experimental validation was restricted to selected genes and cell-line systems without rescue or proliferation/clonogenic assays, the prioritized genes should be considered candidates for further perturbation, rescue, patient-derived model, and therapeutic tractability studies."
"pubmed","42761512","10.3389/fgeed.2026.1789016","Rewriting the genome: harnessing R2 retrotransposons for precise DNA insertion.","Fu, Liangzheng; Wu, Yachao; Jin, Xiaohua; Ma, Xu","Frontiers in genome editing","2026-09-19","https://pubmed.ncbi.nlm.nih.gov/42761512/","CRISPR-based genome editors are fundamentally limited by their requirement for double-strand DNA breaks (DSBs), restricted transgene cargo capacity, and reliance on error-prone endogenous DNA repair mechanisms. Non-long terminal repeat (non-LTR) retrotransposons-especially the site-specific R2 element-offer a mechanistically distinct and potentially safer choice for programmable genomic integration. These elements employ target-primed reverse transcription (TPRT)-an RNA-templated integration mechanism that circumvents DSB formation and supports amplification of self-copy. This review delineates the molecular mechanism of R2 retrotransposons, emphasizing their highly specific integration into the 28 S ribosomal DNA locus-a recognized genomic safe harbor. We describe the functional domains of the R2 protein, including the reverse transcriptase, restriction-like endonuclease, and nucleic acid-binding motifs, and explain how they coordinate to achieve precise DNA cleavage and cDNA synthesis. Recent cryo-electron microscopy (cryo-EM) structures have revealed discrete RNA-protein complex that orchestrate the stepwise progression of TPRT. Informed by these mechanistic insights, researchers have engineered programmable platforms-including PRINT and STITCHR-that enable RNA-directed transgene integration in mammalian systems. These platforms establish R2 as a viable all-RNA programmable system for targeted genomic integration. Future directions include reprogramming the DNA-binding specificity of R2 through protein engineering to target loci, optimizing integration fidelity and efficiency, and mining diverse R2-like elements from metagenomic data. With continued optimization and rigorous safety validation, R2-derived platforms could supplant current nuclease-dependent editors in applications requiring high-fidelity, large-cargo integration."
"pubmed","42761362","10.1016/j.omtn.2026.103077","Functional analysis of TTN uORFs reveals context-dependent translational regulation.","Kirk, Rosemary B; Sparrow, Alexander J; Moya-Jodar, Marta; Roberts, Thomas C; Toepfer, Christopher N; Watkins, Hugh","Molecular therapy. Nucleic acids","2026-09-19","https://pubmed.ncbi.nlm.nih.gov/42761362/","Familial dilated cardiomyopathy (DCM) is a common condition with a high clinical burden, and no therapies that target the underlying genetic mechanisms. The leading genetic cause of DCM is heterozygous truncating variants in TTN, which are thought to drive disease through haploinsufficiency, where titin is reduced. This raises the possibility of treating disease through therapeutic upregulation of endogenous TTN expression. Upstream open reading frames (uORFs) are regulatory elements that repress translation and have been targeted to upregulate gene expression in a range of genes. Two uORFs in the TTN 5' untranslated region have been shown to repress expression in luciferase reporter assays, suggesting potential for therapeutic targeting. Here, we investigated the role of TTN uORFs in reporter systems and in the endogenous locus in a human-induced pluripotent stem cell-derived cardiomyocyte (hiPSC-CM) model. While disruption of uORFs increased expression in luciferase reporter gene assays, including in hiPSC-CMs, CRISPR-Cas9-mediated disruption of uORFs at the endogenous TTN locus in hiPSC-CMs did not increase titin protein expression. These findings indicate that uORF-mediated repression of TTN is context-dependent and not recapitulated in a disease-relevant model. This highlights the complex regulation of TTN expression and the importance of validating regulatory elements in their endogenous context."
"pubmed","42761059","10.3389/fcell.2026.1907674","TCF4 at the crest of development: a zebrafish model to explore craniofacial and gastrointestinal defects in Pitt-Hopkins syndrome.","Orefice, Martina; Remondino, Francesca; Pieraccioni, Irene; Salamone, Giulia; Savoli, Silvia; Vitobello, Antonio; Gabellini, Chiara; Ori, Michela","Frontiers in cell and developmental biology","2026-09-19","https://pubmed.ncbi.nlm.nih.gov/42761059/","BACKGROUND: Pitt-Hopkins Syndrome (PTHS) is a rare neurodevelopmental disorder caused by haploinsufficiency of the TCF4 gene. It is characterized by intellectual disability, distinctive facial features, breathing abnormalities, and gastrointestinal dysfunction. While the role of TCF4 in central nervous system development has been extensively investigated, the developmental basis underlying craniofacial and enteric alterations remains poorly understood. METHODS: We generated a zebrafish tcf4 mutant line using CRISPR/Cas9 genome editing to unveil the role of Tcf4 in neural crest-derived lineages that contribute to craniofacial and Enteric Nervous System development. The model was characterized by multiple integrated approaches to evaluate the morphological, cellular and functional alterations associated with tcf4 haploinsufficiency. As a proof-of-concept that the observed phenotypes resulted from Tcf4 loss of function, we reinstated human TCF4 expression in mutant larvae and assessed the rescue of the pathological phenotypes previously described. RESULTS: Heterozygous mutants exhibit key features of PTHS, including craniofacial skeletal abnormalities and impaired gastrointestinal motility. Functional analysis revealed a significant reduction of spontaneous peristaltic contractions and a delayed swallow-induced gut transit, consistently with human patients and PTHS mouse model. To further elucidate these developmental alterations, we showed that these defects are associated with a reduced number of Phox2b-positive enteric progenitors and HuC-positive enteric neurons, though early vagal neural crest migration appears unaffected. Reintroducing human TCF4 mRNA in tcf4 heterozygous mutant embryos rescues both craniofacial and gastrointestinal phenotypes, confirming the specificity of the observed phenotypes. Furthermore, we showed that the human TCF4 mRNA overexpression can alter craniofacial development in zebrafish embryos suggesting that TCF4 reinstatement dosage should be evaluated in gene therapy approaches to avoid a gain of function phenotype. CONCLUSION: Together, our results shed light on TCF4 as a key regulator of neural crest-derived lineages and provide a new perspective on two major clinical features of PTHS. The tcf4 mutant line represents a novel in vivo platform for investigating PTHS pathogenesis at cellular and molecular level and testing novel therapeutic strategies."
"pubmed","42760781","10.1016/j.ymthe.2026.09.020","Development of CRISPR_SCD001, an Autologous Hematopoietic Stem Cell Gene Therapy for Sickle Cell Disease after CRISPR-Cas9 Mediated Correction.","DeWitt, Mark; Campo-Fernandez, Beatriz; Roy, Sohini; Kleinhenz, Alissa L W; Davila, Alejandra; Lennon, Mallory; Vu, Jonnathan T; Krishnappa, Netravathi; Said, Suzanne; Tseng, Chin-Hong; Park, So Hyun; Bao, Gang; Magis, Wendy; Martin, David I K; Boffelli, Dario; Wyman, Stacia K; Kohn, Donald B; Walters, Mark C; Romero, Zulema","Molecular therapy : the journal of the American Society of Gene Therapy","2026-09-19","https://pubmed.ncbi.nlm.nih.gov/42760781/","We developed CRISPR_SCD001, an autologous cellular therapy in which the pathogenic HBB sickle allele is corrected by CRISPR-Cas9-mediated homology-directed repair using a single-stranded oligodeoxyribonucleotide as DNA donor template. The Drug Product (DP) from Plerixafor-mobilized peripheral-blood CD34(+) cells from sickle and healthy donors were used for: 1) pharmacodynamic assessments to interrogate therapeutic potential; 2) evaluation of genotoxicity; and 3) in vivo characterization by a non-GLP toxicology study in NBSGW mice. Large-scale DP lots yielded 89 +/- 5 % CD34(+) purity with 84 +/- 6 % viability. Mean gene correction at HBB was 22 +/- 4 % of alleles, with 51 +/- 6 % of allelic disruption. Edited erythroid cultures produced 39 +/- 5 % adult hemoglobin and 40 +/- 6 % fetal hemoglobin, reducing sickle hemoglobin from 89% to 22 +/- 6 %. In NBSGW mice, CRISPR_SCD001 engrafted robustly (59 +/- 25%), maintained editing frequencies comparable to injected cells ( approximately 20% gene correction), showed polyclonal distribution of the edited cells, and no noteworthy treatment-related toxicity or pathologic evident were found by a blinded histopathology assessment. Our protocol generates a clinical-grade, cryopreserved CD34(+) cell product that corrects the sickle mutation, restores anti-sickling hemoglobins, and meets pre-clinical safety criteria, establishing a reproducible manufacturing process suitable for clinical translation. These data support initiation of a first-in-human phase I trial of CRISPR_SCD001 for sickle patients presenting with severe pathology."
"pubmed","42760780","10.1016/j.ymthe.2026.09.019","Targeting white matter astrocytes with a Gfap-disruptive Cas9 nuclease benefits a murine model of Alexander disease.","Hillen, Anne E J; Capuano, Irene; Gega, Barbara; Norata, Rossana; Mombled, Margaux; Laface, Ilaria; Zambonini, Giada; Lomagno, Andrea; Rouillon, Marine; Giannelli, Serena G; Benedicenti, Fabrizio; Gazzo, Francesco; Arevalo, Sergio; Spinozzi, Giulio; Sanvito, Francesca; Amendola, Mario; Broccoli, Vania; Montini, Eugenio; Gritti, Angela; Meneghini, Vasco","Molecular therapy : the journal of the American Society of Gene Therapy","2026-09-19","https://pubmed.ncbi.nlm.nih.gov/42760780/","Astrocytes are intriguing therapeutic targets due to their crucial role in initiating and promoting demyelination in the central nervous system. By efficient on-target editing, we can permanently disrupt detrimental genes and restore normal physiological processes. Here, we have optimized an AAV platform to deliver the CRISPR/Cas9 system to white matter astrocytes. A single neonatal intra-CSF administration of an all-in-one AAV-DJ8 vector expressing the Staphylococcus aureus Cas9 enzyme under an astrocyte-specific promoter resulted in effective downregulation of Glial Fibrillary Acidic Protein (GFAP), which is responsible for the primary astrocytic dysfunctions in Alexander disease (AxD), a fatal leukodystrophy. This treatment achieved an editing rate of up to 32% in Gfap(+/R76H) mice, leading to decreased gliosis and formation of Rosenthal fibers, an AxD pathological hallmark. The integration of the AAV vector occurred at low abundance in the host genome, showed a positive correlation with transduction and gene editing efficiencies, and did not cause tumorigenic events. Overall, this study demonstrates the feasibility of gene editing strategies and paves the way for therapies treating AxD and other demyelinating disorders."
"pubmed","42760426","10.1007/s00438-026-02509-w","The phosphate specific transport system protein PhoU modulates persister cell formation of Klebsiella pneumoniae.","Sun, Yanxin; Xu, Weihao; Chen, Kexu; Hong, Xinyu; Sun, Xuhong; Ma, Wenru; Wang, Xin; Cao, Qingmei; Xue, Zhaoping; Zhou, Bingcun; Zhang, Yuhui; Liu, Zhijun; Cui, Zimai; Wang, Dahui; Dong, Zhouyan; Zhang, Yumei","Molecular genetics and genomics : MGG","2026-09-19","https://pubmed.ncbi.nlm.nih.gov/42760426/","The indiscriminate use of antibiotics has exacerbated the clinical challenge posed by Klebsiella pneumoniae, with persisters often evading antibiotic treatment. To investigate the mechanisms underlying persister formation, we identified the phosphate transporter gene phoU as differentially expressed during persister emergence and recovery. Using CRISPR-Cas9 gene editing, we created a ∆phoU knockout strain in K. pneumoniae ATCC 700603, along with its complemented (CphoU) and various overexpression strains (OE phoU, OE metE, and OE phoA). While growth rates and antibiotic susceptibility remained unchanged in the ∆phoU strain, its capacity to form persisters under levofloxacin and tobramycin stress was significantly reduced. Metabolomic and transcriptomic analyses linked phoU deletion to downregulation of metE (involved in methionine synthesis) and phoA (encoding alkaline phosphatase). ∆phoU also exhibited impaired biofilm formation and reduced extracellular polymeric substance (EPS) production compared to WT, CphoU, and the OE metE and OE phoA overexpression strains. Complementation of metE or phoA partially restored both biofilm formation and persister levels. Importantly, the reduction in persisters is primarily attributed to metabolic defects in planktonic cells-specifically, impaired methionine synthesis and stress response-rather than to reduced biofilm mass, which is considered a parallel phenotype. We conclude that PhoU promotes K. pneumoniae persistence by transcriptionally upregulating metE and phoA, thereby supporting the stress response capacity of planktonic cells. This study elucidates a novel pathway for persister formation and identifies PhoU and its downstream targets as potential therapeutic vulnerabilities."
"pubmed","42760354","10.1007/s00299-026-03979-3","Tomato DOR encodes a signal peptide peptidase-like protein required for adventitious organogenesis and rooting.","Jaquez-Gutierrez, Marybel; Bretones, Sandra; Martin-Vasquez, Constanza; Fonseca, Rocio; Aguiar, Alberto; Pineda, Benito; Lozano, Rafael; Moreno, Vicente; Yuste-Lisbona, Fernando J; Atares, Alejandro","Plant cell reports","2026-09-19","https://pubmed.ncbi.nlm.nih.gov/42760354/","The identification of the tomato DOR gene that is essential for adventitious organogenesis provides a genetic target for improving regeneration efficiency and root system performance in tissue culture and plant breeding. Plant rooting and adventitious organogenesis represent major bottlenecks in the application of plant tissue culture techniques. In this study, we characterize the dor mutant (defective in organogenesis and rooting) identified in our collection of tomato T-DNA lines. This mutant exhibits normal callus proliferation but fails to differentiate adventitious buds. Additionally, it displays underdeveloped embryonic roots, and its adventitious roots derived from various explants are also altered. Grafting experiments revealed compromised in vivo development primarily due to its abnormal root system. Upon identifying an allelic mutant in another tomato line, we observed no co-segregation between a T-DNA insert and the phenotype in either of the identified allelic mutants. Through mapping-by-sequencing, we identified Solyc12g098670 as the gene responsible for this mutation, which is homologous to SIGNAL PEPTIDE PEPTIDASE-LIKE (SPPL) genes from Arabidopsis thaliana, particularly SPPL3 and SPPL5. The expression pattern of DOR in tomato is nearly ubiquitous, similar to SPPL3 in Arabidopsis, yet the regeneration and rooting of sppl3 Arabidopsis mutants resemble the wild-type. In both tomato and Solanum pennellii (Correll) D'Arcy, RNAi lines and plants edited by CRISPR/Cas exhibit a dor mutant phenotype. However, by increasing the expression level of DOR, the plants become indistinguishable from the wild-type in terms of in vitro and in vivo development. Overexpression of this gene in the mutant has enabled the regeneration of plants with a wild-type phenotype. These results demonstrate that DOR is the first member of the tomato SPPL gene family known to be associated with root development and adventitious organogenesis."
"pubmed","42759923","10.1016/j.canlet.2026.218851","CRISPR-based diagnostics as a specificity layer for the early detection of pancreatic cancer.","Rocco, Mafalda Angelica; Kirvaityte, Milda; Lencioni, Giulia; Mariani, Stefano; McDonnell, Liam A; Hussein, Mouraya; Giovannetti, Elisa","Cancer letters","2026-09-18","https://pubmed.ncbi.nlm.nih.gov/42759923/","Pancreatic ductal adenocarcinoma (PDAC) remains a highly lethal malignancy, largely because early-stage symptoms are non-specific and diagnosis is often delayed. Although liquid biopsies (LBs) offer a promising non-invasive strategy for early detection, their clinical translation is hindered by substantial analytical limitations. This review examines the current landscape of nucleic acid-based liquid biopsy biomarkers for PDAC detection. We evaluate key limitations of established diagnostic methodologies, including next-generation sequencing (NGS) and droplet digital PCR (ddPCR). In complex biofluids, these approaches may be confounded by background signal and amplification artifacts, particularly when applied for the detection of ultra-rare targets. To address this diagnostic gap, we discuss the role of CRISPR-based biosensing and bioassay not as a replacement but as an additional specificity layer within existing diagnostic workflows. In this framework, CRISPR technologies can act as sequence-specific molecular filters that introduce an active post-amplification validation step. Although pre-analytical limitations remain to be fully characterized, integrating CRISPR into the diagnostic workflow may contribute to a rapid, cost-effective, and highly specific framework for the early detection of PDAC."
"pubmed","42759768","10.1016/j.bbagrm.2026.195183","Repair-associated epigenetic memory: A conceptual framework for persistent chromatin signatures following DNA double-Strand break repair.","Burabaev, Altunbek Amirbekovih; Burabaev, Assilbek Amirbekovih","Biochimica et biophysica acta. Gene regulatory mechanisms","2026-09-18","https://pubmed.ncbi.nlm.nih.gov/42759768/","DNA double-strand breaks (DSBs) represent one of the most deleterious forms of genomic damage and are repaired primarily through non-homologous end joining (NHEJ) and homologous recombination (HR). Although these pathways efficiently restore DNA sequence integrity, increasing evidence indicates that DNA repair is accompanied by extensive chromatin remodeling involving histone modifications, nucleosome repositioning, DNA methylation changes, and recruitment of chromatin-associated regulatory proteins. Whether these epigenetic alterations are completely reversed following repair remains unresolved. Recent studies have reported persistent chromatin-associated features after DNA repair, including prolonged gammaH2AX retention, altered histone modification profiles, localized DNA methylation changes, and sustained differences in chromatin accessibility. However, their biological significance remains controversial, as they may reflect stable epigenetic alterations, delayed chromatin restoration, persistent DNA damage signaling, or adaptive cellular responses. In this review, we critically examine current evidence linking DNA damage responses with long-term chromatin remodeling and evaluate whether existing data support the concept of repair-associated epigenetic memory. We integrate findings from chromatin dynamics, epigenetic regulation, genome maintenance, radiation biology, aging, and cancer, while discussing methodological limitations and alternative interpretations. Particular attention is given to emerging approaches, including CRISPR-mediated DSB systems, single-cell epigenomics, and high-resolution chromatin profiling, that may distinguish transient repair-associated chromatin changes from persistent epigenetic alterations. Rather than presenting repair-associated epigenetic memory as an established mechanism, we propose it as a testable conceptual framework that may broaden current understanding of genome maintenance beyond DNA sequence fidelity and guide future studies of aging, genome stability, radiation responses, and disease susceptibility."
"pubmed","42759490","10.1093/plphys/kiag696","Precision genetic manipulation: CRISPR toolkits reshape plant biology.","Li, Zhenxiang; Xiong, Xiangyu; Cao, Renqi; Li, Jian-Feng","Plant physiology","2026-09-18","https://pubmed.ncbi.nlm.nih.gov/42759490/","The emergence of clustered regularly interspaced short palindromic repeats (CRISPR) technology has revolutionized plant genome engineering over the past decade. This review begins by highlighting four seminal early CRISPR studies published in Plant Physiology that laid critical foundations for crop genome editing and tool development. We then summarize major advances in optimizing CRISPR performance, expanding targeting scope, and developing strategies for transgene removal and transient editing. We also discuss a wide array of innovative applications beyond gene knockout, such as gene targeting, chromosome engineering, synthetic apomixis, and gene drive. Furthermore, we introduce key CRISPR-derived tools, including base editors, prime editors, and programmable transcriptional and epigenetic regulators. Finally, we outline remaining challenges to stimulate future exploration of the full potential of CRISPR toolkits."
"pubmed","42759161","10.1016/j.micres.2026.128734","CRISPR-Cas9 engineering for high-level beta-galactosidase production in Saccharomyces boulardii.","Carvalho, Joao Paulo; Moreno, David Saez; Costa, Carlos E; Domingues, Lucilia","Microbiological research","2026-09-18","https://pubmed.ncbi.nlm.nih.gov/42759161/","Saccharomyces boulardii is a clinically validated probiotic yeast widely used to treat gastrointestinal disorders. Its natural probiotic effects, combined with the capacity of surviving the harsh gastrointestinal conditions, makes it an attractive chassis for therapeutic protein delivery. However, its engineering has relied on a limited set of genetic tools and lacks systematic validation, which has constrained its development as a next generation engineered probiotic. In this study, the compatibility of the EasyClone-MarkerFree vector system with CRISPR-Cas9 editing in S. boulardii was systematically assessed. Eight genomic loci were identified in silico as suitable for integration, and four were used to construct strains with the Aspergillus niger lacA gene integrated at one or multiple genomic loci, encoding an extracellular beta-galactosidase capable of hydrolysing lactose into glucose and galactose, an activity of potential therapeutic relevance for lactose intolerance. Engineered strains efficiently hydrolysed lactose, with the strain with the lacA cassette integrated in three genomic loci (Sb-Triple) displaying up to an 11.76-fold increase in specific beta-galactosidase activity relative to single-integration strains, without compromising growth. Importantly, Sb-Triple retained the native pH tolerance characteristic of S. boulardii and was able to grow on, and hydrolyse lactose from, cheese whey powder, a food-grade substrate. These results demonstrate a validated CRISPR-Cas9 strategy for high extracellular beta-galactosidase secretion in the clinically established S. boulardii CNCM I-745, while evaluating the compatibility of EasyClone-MarkerFree vector set with this strain. Overall, this work provides a foundation for future studies where the potential of the developed strains is evaluated in clinically relevant settings."
"pubmed","42759108","10.1016/j.plaphy.2026.111740","CRISPR/Cas9 engineering: Insights into tomato fruit development, stress resilience via brassinosteroid pathways.","Tahira, Maryam; Su, Wenran; Maqsood, Faizan Khurram; Ikram, Muhammad; Javaid, Muhammad Haseeb; Rao, Muhammad Junaid; Zhang, Junhong","Plant physiology and biochemistry : PPB","2026-09-18","https://pubmed.ncbi.nlm.nih.gov/42759108/","Tomato (Solanum lycopersicum), a cornerstone of global agriculture and nutrition, has undergone decades of breeding focused on yield and stress resilience. Yet, consumer-driven traits such as fruit uniformity, flavor complexity, and nutritional value remain suboptimal. The emerging convergence of hormonal biology and precision genome editing presents a transformative approach to addressing this gap. Brassinosteroids (BRs), a class of steroidal phytohormones, act as central regulators of cell expansion, tissue patterning, and developmental plasticity. Their signaling cascade, initiated by perception at the BRI1-BAK1 receptor complex and transduced via BES1/BZR1 transcriptional modules, intersects with networks controlling fruit set, morphology, ripening, and stress adaptation. Gene editing through CRISPR/Cas9 technology now enables targeted dissection and manipulation of these BR-regulated nodes with unprecedented accuracy. CRISPR/Cas9 studies have directly characterized BR signaling regulators such as SlBZR1, SlBIN2, and SlBES1, while complementary genetic and transgenic studies have provided functional evidence for other BR-related components, including SlBRI1 and the BR-biosynthetic gene SlDWF4, further supporting the roles of BR signaling in tomato fruit development, ripening, and carotenoid accumulation. Beyond improvement of traits, CRISPR/Cas9 offers the potential to tune BR pathways and their crosstalk with auxin and ethylene, providing a systems-level framework for engineering climate-resilient and nutritionally superior cultivars. This review integrates mechanistic insights into BR signaling with cutting-edge CRISPR/Cas9 applications, positioning tomato as a model for reprogramming fruit development and as a paradigm for next-generation crop improvement."
"pubmed","42758820","10.1126/sciadv.aec0722","A high-density CRISPR activation platform for mapping cancer dependencies and resistance pathways ex vivo and in vivo.","Diepstraten, Sarah T; Deng, Yexuan; Potts, Margaret A; Heidersbach, Amy; Konig, Christina; Dorighi, Kristel M; Tai, Lin; Kueh, Andrew J; Whelan, Lauren; Chang, Catherine; Brown, Felix; Kelly, Gemma L; Fortin, Jean-Philippe; Haley, Benjamin; La Marca, John E; Herold, Marco J","Science advances","2026-09-18","https://pubmed.ncbi.nlm.nih.gov/42758820/","CRISPR activation (CRISPRa) enables precise up-regulation of gene expression for ex vivo and in vivo applications. However, a lack of scalable, high-coverage tools has limited comprehensive genetic screening in murine models. Here, we introduce Partita, a next-generation mouse whole-genome CRISPRa sgRNA platform, designed for unparalleled efficiency in gene activation studies. Partita uses a high-density targeting strategy, deploying 10 sgRNAs per transcriptional start site, structured into five gene class-specific sublibraries to maximize transcriptional induction. To demonstrate the capabilities of Partita, we performed a series of large-scale screens: an in vitro enrichment/depletion screen, whole-genome CRISPRa screens in a double-hit lymphoma model to uncover resistance factors to proapoptotic drugs (venetoclax, nutlin-3a, and etoposide) and an in vivo screen to identify accelerators of MYC-driven lymphomagenesis. Each experiment revealed both expected and unexpected regulators, with high validation rates. By enabling robust gain-of-function screening, Partita unlocks new avenues for functional genomics and expands the toolkit for discovering key drivers of biological processes across diverse research fields."
"pubmed","42758798","10.1126/sciimmunol.aea4179","In vivo CRISPR screens identify the glutamine transporter SLC1A5 as a metabolic barrier to antitumor immunity.","Jia, Wenlong; Yu, Guanxing; Han, Shenqi; Ma, Zhibo; Liang, Junnan; Yan, Wei; Zhang, Xinling; Zeng, Chenglong; Xue, Lin; Xia, Feng; Li, Ganxun; Tao, Ran; Lan, Peixiang; Yan, Wei; Zhang, Wanguang; Liang, Huifang; Chen, Xiaoping; Huang, Zhao; Zhang, Bixiang","Science immunology","2026-09-18","https://pubmed.ncbi.nlm.nih.gov/42758798/","Tumor cells often evade immune pressure via metabolic reprogramming, yet the key metabolic regulators orchestrating this process remain incompletely defined. Here, using in vivo metabolic CRISPR screening under distinct immune pressures, we identified tumor cell-intrinsic solute carrier family 1 member 5 (SLC1A5) as a metabolic node that sustains an immunosuppressive tumor microenvironment. SLC1A5-mediated glutamine metabolism in tumor cells modulated CD8 T cell infiltration and effector function, reshaping tumor responses to immune checkpoint blockade therapy. Glucose deprivation up-regulated SLC1A5 isoforms in tumor cells, enhancing glutamine uptake and glutathione synthesis. This adaptation limited mitochondrial oxidative stress and cytosolic mitochondrial DNA release, thereby suppressing cyclic GMP-AMP synthase-stimulator of interferon genes (cGAS-STING) activation, interferon-beta production, and CD8 T cell antitumor responses. These findings define a glutamine-fueled metabolic program as a barrier to tumor immunogenicity, positioning SLC1A5 as a tumor-intrinsic metabolic regulator with potential therapeutic relevance."
"pubmed","42758584","10.1016/j.xpro.2026.104817","Protocol to establish endogenous knockins in Jurkat T-ALL cells using CRISPR-Cas9-mediated homology-directed repair.","Costa, Joana R; Li, Yang; Ahrabi, Sara; Li, Zhaodong; Rapoz-D'Silva, Tanya; Krulik, Mateja E; Hyseni, Sara; Morrow, George; Guo, Yanping; Look, A Thomas; Mansour, Marc R","STAR protocols","2026-09-18","https://pubmed.ncbi.nlm.nih.gov/42758584/","Jurkat cells are a versatile cell-line model utilized across multiple areas of biology. Here, we present a protocol for inserting DNA sequences (knockins) at an endogenous locus using CRISPR-Cas9 technology via homology-directed repair (HDR). We describe steps for designing, constructing, and validating endogenous knockins in T-ALL Jurkat cells. This protocol has potential application in gene regulatory studies, cancer biology, HIV research, and T-cell signaling, among others. For complete details on the use and execution of this protocol, please refer to Costa JR et al.(1)."
"pubmed","42758398","10.1007/s12010-026-05916-2","Rapid Differential Detection of PRRSV NADC30-like and NADC34-like Strains Using a CRISPR-Cas13a/RT-RAA Assay.","Wang, Hao; Wang, Xinwei; Geng, Qinghua; Li, Miao; Li, Zhuo; Liu, Jinling; Yang, Zuofeng; Lan, Desong; Chen, Zeliang","Applied biochemistry and biotechnology","2026-09-18","https://pubmed.ncbi.nlm.nih.gov/42758398/","The global swine industry suffers substantial economic losses from Porcine Reproductive and Respiratory Syndrome Virus (PRRSV), which causes reproductive and respiratory disorders. With NADC30- and NADC34-like strains now predominant, differentiation is complicated by their similar biology, despite characteristic Nsp2 gene deletions of 131 aa and 100 aa, respectively, highlighting a need for improved diagnostics. Moving fundamentally beyond conventional broad-spectrum detection, this assay innovatively targets the characteristic Nsp2 deletion signatures. A diagnostic platform integrating CRISPR-Cas13a with recombinase-aided amplification (RT-RAA) was constructed. Utilising aligned Nsp2 sequences, conserved crRNAs, and RT-RAA primers, NADC30- and NADC34-like strains were evaluated for their assay time, specificity, sensitivity, and consistency with RT-qPCR. The assay achieved rapid, specific detection with no cross-reactivity to common swine pathogens, and highly sensitive detection limits of 1.7 x 10(1) and 2.3 x 10(1) copies/microL for NADC30- and NADC34-like strains, respectively. Clinical validation using 30 samples demonstrated complete concordance with RT-qPCR, and the integration of T7 transcription enabled the single-tube differentiation of both strains. In summary, this one-tube, two-step fluorescent system presents a robust alternative for PRRSV diagnostics, combining specificity, sensitivity, and ease of use. It is well-suited for rapid field identification, molecular typing, and surveillance, thereby aiding in the implementation of targeted control measures."
"pubmed","42758354","10.1007/s11033-026-12771-1","CRISPR-Cas9 genome editing: technological advances, delivery strategies and precision engineering of primary cells for therapeutic application in genetic disorders and diabetes mellitus.","Islam, Md Nur; Islam, Md Mahmudul; Feng, Han; Bellah, Sm Faysal; Zaman Miah, M Morsed; Hossain, Md Shafayat","Molecular biology reports","2026-09-18","https://pubmed.ncbi.nlm.nih.gov/42758354/","The CRISPR-Cas9 system has revolutionized modern life sciences, driving a paradigm shift in biomedical research and becoming an indispensable tool in molecular biology due to its remarkable precision, efficiency, and simplicity. Originating from a bacterial adaptive immune mechanism, CRISPR-Cas9 has evolved rapidly, providing a versatile framework for manipulating genetic material and addressing a wide spectrum of human diseases. Recent progress includes the discovery of novel Cas orthologs and the rational engineering of Cas9 variants to enhance editing fidelity, broaden target range, and minimize off-target effects. Structural and functional optimization of single-guide RNAs (sgRNAs) has further improved target binding affinity, stability, and Cas9-sgRNA complex formation, thereby increasing overall editing performance. The development of high-fidelity Cas9 derivatives and next-generation platforms such as base editors and prime editors has enabled precise single-nucleotide substitutions and small insertions or deletions without generating double-stranded DNA breaks. Advanced delivery systems-including viral vectors, lipid nanoparticles, and ribonucleoprotein electroporation-have facilitated efficient CRISPR-mediated editing across in vitro, ex vivo, and in vivo models. Remarkable therapeutic milestones have been achieved in treating monogenic disorders such as sickle cell disease, beta-thalassemia, and cystic fibrosis, where long-term clinical benefits have been documented. Furthermore, CRISPR-Cas9 technology is redefining diabetes research by enabling precise modeling of disease mechanisms, uncovering molecular pathways involved in glucose homeostasis, and opening new avenues for cellular and gene-based therapies. This review highlights recent advances in CRISPR-Cas9-mediated genome editing, emphasizing breakthroughs in primary cell editing and the development of translational models for genetic diseases and diabetes mellitus."
"pubmed","42758019","10.1128/jb.00241-26","Strain-specific outcomes of cytosine-base editing in Streptomyces.","Boneza, Maxime M; Keller, Thomas; Mostek, Josephine; Smanski, Michael J","Journal of bacteriology","2026-09-18","https://pubmed.ncbi.nlm.nih.gov/42758019/","The clustered regularly interspaced short palindromic repeats (CRISPR)-Cas system has facilitated gene editing of different organisms. Specifically, programmable base editing enables stable conversion of a single nucleotide to another nucleotide without causing DNA double-strand breaks. Cas9-derived base editors, including adenine and cytidine base editors, catalyze the formation of transition mutations with high efficiency. The third-generation cytidine base editors comprise a nickase-Cas9 fused to a cytidine deaminase and uracil DNA glycosylase inhibitor to enable the transition from C:G to T:A. We observed that in certain Streptomyces spp., this cytidine base editor produced C:G to G:C transversions at a surprisingly high rate of 44, while in other strains, it yielded the expected C:G to T:A transition mutations. There was also a notable timing difference for base editing between distinct strains. Bioinformatics analysis revealed differences in DNA mismatch repair and nucleotide excision repair pathways, including the presence of uvrD helicase gene only in the C:G to G:C transversion strain. Expression of uvrD in the C:G to T:A transition strain led to higher rates of C:G to G:C transversions. These discoveries will aid in the development of efficient C:G to G:C base editors. IMPORTANCE: Base editors are useful tools that allow genetic engineers to precisely change single bases in an organism's genome. Most base editors catalyze transition mutations (e.g., A-to-G or C to-T). Transversion mutations, which convert a purine base to a pyrimidine base, have been described but operate at much lower efficiency. Here, we describe a surprising discovery that a transition base editor produced high-efficiency transversion mutations in a species of Streptomyces. This information was used to engineer a high-efficiency transversion base editor."
"pubmed","42757024","10.1016/j.dib.2026.113229","Draft genome sequence dataset of Actinoalloteichus caeruleus strain 372 isolated from saline soil in Kazakhstan: genomic features and predicted biosynthetic gene clusters.","Alexyuk, Madina S; Bogoyavlenskiy, Andrey P; Kerimov, Timur T; Berezin, Vladimir E; Alexyuk, Pavel G","Data in brief","2026-09-18","https://pubmed.ncbi.nlm.nih.gov/42757024/","This article presents the draft genome sequence of Actinoalloteichus caeruleus strain 372, isolated from saline soil in Kazakhstan. Whole-genome sequencing was performed using the Illumina platform, followed by de novo assembly with SPAdes. Genome quality assessment using CheckM indicated 99.25% completeness with no detectable contamination. The draft genome is 6.18 Mb in size and contains 5,024 predicted protein-coding genes, 47 tRNA genes, and 22 CRISPR arrays. Average nucleotide identity (ANI) analysis showed 96.27% identity to the closest publicly available A. caeruleus genome. Biosynthetic gene cluster (BGCs) analysis using antiSMASH v8.0.4 identified 31 predicted clusters, including NRPS, PKS, NRPS-PKS hybrids, terpenes, and RiPPs. These data expand the genomic resources available for the genus Actinoalloteichus."
"pubmed","42756827","10.71480/nmj.v67i5.1313","Precision Genome Engineering in Human Disease: Expanding Therapeutic Roles of CRISPR Technologies.","Ubhenin, Abraham Ehinomhen; Adamude, Fatima Adis; Ochalefu, Dickson Owoicho; Anura, Fatimah; Tarnande, Clement Iorhembe; Adam, Ibrahim Khalil","Nigerian medical journal : journal of the Nigeria Medical Association","2026-09-18","https://pubmed.ncbi.nlm.nih.gov/42756827/","The advent of CRISPR-Cas9 technology has revolutionized genome editing, enabling precise modifications to the human genome with unprecedented accuracy and sequence specificity. This review examines current mechanistic insights, translational advances, and clinical developments in gene editing, focusing on applications in diabetes mellitus, cancer, hematologic disorders, neurodegenerative diseases, and autoimmune pathologies. This study provides a comprehensive analysis of recent literature on CRISPR-based genome editing, emphasizing next-generation modalities like base editing and prime editing, and their impact on target specificity and genomic integrity. Therapeutic strategies involving ex vivo editing of hematopoietic stem cells and in vivo delivery approaches, including lipid nanoparticle-mediated systems, are evaluated. Base editing and prime editing have improved sequence specificity and reduced double-strand DNA breaks, enhancing safety profiles. Ex vivo editing of hematopoietic stem cells for hemoglobinopathies and in vivo genome editing via lipid nanoparticles show translational promise. However, limitations persist: off-target effects, immunogenicity, delivery inefficiencies, and ethical concerns surrounding germline editing require careful consideration. Gene editing technologies show potential for treating previously intractable diseases. Technical, safety, and ethical challenges must be addressed through continued refinement of editing platforms, rigorous scientific validation, and the establishment of robust governance frameworks to ensure safe and responsible translation into clinical medicine."
"pubmed","42756168","10.3389/fpls.2026.1870041","Modern approaches and future prospects in lettuce breeding for controlled environment agriculture.","Poudel, Ajaya; Bhusal, Asmita; Bhattarai, Krishna","Frontiers in plant science","2026-09-18","https://pubmed.ncbi.nlm.nih.gov/42756168/","Controlled environment agriculture (CEA) is expanding rapidly as a climate-resilient approach for year-round lettuce production near consumption centers. However, despite its supply chain advantages and high productivity, the economic viability and scalability of CEA-grown lettuce remain constrained by the continued reliance on cultivars developed for variable open-field conditions rather than stable, high-input, and space-limited environments of indoor production systems. This mismatch between existing germplasm and CEA-specific production requirements represents a critical gap that has not been comprehensively addressed in lettuce breeding. This review discusses the need for a paradigm shift in breeding priorities toward cultivars specifically optimized for CEA, with an emphasis on traits that improve output per unit of energy, time, and growing area. Key breeding targets include accelerated growth and shortened crop cycles, enhanced light-use efficiency and photosynthetic performance, improved tolerance to temperature extremes, compact plant architecture for high-density production, optimized shoot-to-root biomass partitioning for hydroponic systems, and resilience to major CEA-associated physiological disorders, pests, and diseases. Because CEA reduces many field-related stressors, breeding efforts can place greater emphasis on consumer- and market-oriented traits, including consistent product quality, enhanced nutritional value, and uniformity compatible with automated production systems. This review consolidates dispersed evidence on these CEA-targeted traits and links them to a modern lettuce breeding toolbox, providing a framework to guide cultivar development for controlled environments. We outline how integrating approaches ranging from conventional genetics and marker-assisted selection to genomic selection and gene-editing technologies such as CRISPR can accelerate genetic gain for these complex trait combinations. Furthermore, the integration of high-throughput phenotyping, artificial intelligence, and multi-omics platforms offers a powerful, data-driven approach to decipher genotype-by-environment interactions and optimize lettuce for controlled environments. By identifying critical knowledge gaps and outlining a targeted breeding framework, this review provides a roadmap for developing resource-efficient, high-performing, quality-focused lettuce cultivars tailored to next-generation CEA, thereby improving the industry's profitability, sustainability and ability to meet the food demands of a rapidly urbanizing global population."
"pubmed","42756135","10.3389/fvets.2026.1870607","On-site and visual detection of genotype VII Newcastle disease virus based on RT-RPA and CRISPR/Cas13a.","Huang, Yaping; Li, Wei; Song, Yuhui; Liang, Qizhang; Fu, Qiuling; Cheng, Ningning; Xie, Yong; Fu, Guanghua","Frontiers in veterinary science","2026-09-18","https://pubmed.ncbi.nlm.nih.gov/42756135/","INTRODUCTION: Newcastle Disease Virus (NDV) is not only a significant and persistent threat to the healthy development of poultry industry, but also an important pathogen endangering food safety and harboring potential zoonotic risks. METHODS: In this study, a rapid and highly sensitive diagnostic assay was established for genotype VII NDV by integrating reverse transcription recombinase polymerase amplification (RT-RPA) with the clustered regularly interspaced short palindromic repeats (CRISPR)/Cas13a system, in combination with a lateral flow dipstick (LFD) for visual signal readout. Specific RT-RPA primers were designed based on the fusion (F) gene of genotype VII NDV, and CRISPR RNAs (crRNAs) were constructed to establish a simplified CRISPR/Cas13a-based diagnostic workflow targeting the fusion (F) gene of genotype VII NDV. RESULTS: The optimized detection platform integrates RT-RPA amplification at 39  degrees C for 20 min and CRISPR/Cas13a-mediated cleavage at 37  degrees C for 20 min. The final results can be quantified by fluorescence signals or visualized via LFD band within 5 min, with the total detection procedure completed in less than 45 min. Performance evaluation demonstrated that this assay achieved a limit of detection (LOD) as low as 6 copies per microliter of input and high specificity, with no cross-reactivity against other common avian pathogens. Clinical validation of 154 samples showed 100% concordance between the RT-RPA-CRISPR/Cas13a-(LFD) assay and RT-PCR sequencing for genotype VII NDV detection. DISCUSSION: This method requires no sophisticated instruments and enables simple operation. It provides a field-deployable tool for rapid on-site detection of genotype VII NDV, which is suitable for preliminary screening in primary laboratories, and holds promising application potential for the early surveillance and food safety monitoring of virulent NDV strains."
"pubmed","42755592","10.3389/fcimb.2026.1911702","Diagnostic accuracy of recombinase polymerase amplification-based assays for mosquito-borne virus detection in clinical samples: a systematic review and meta-analysis.","Gao, Yonghui; Chen, Jihong","Frontiers in cellular and infection microbiology","2026-09-18","https://pubmed.ncbi.nlm.nih.gov/42755592/","BACKGROUND: Mosquito-borne viral diseases pose an important public health threat due to their frequent outbreaks, similar early clinical manifestations, and potential for rapid transmission. Conventional diagnostic methods, such as virus isolation, serological assays and RT-qPCR, are reliable but may be limited by long turnaround time, cross-reactivity, laboratory equipment requirements and trained operators. Recombinase polymerase amplification (RPA)-based methods have emerged as promising tools for rapid detection of mosquito-borne viruses, but their overall diagnostic accuracy still requires comprehensive evaluation. This meta-analysis aimed to systematically evaluate the diagnostic performance of RPA-based assays for mosquito-borne virus detection. METHODS: A systematic search of PubMed, Embase, Web of Science, Scopus and MEDLINE was conducted using search terms related to mosquito-borne viruses, RPA technology and diagnostic accuracy. Studies reporting sensitivity and specificity or providing sufficient data to construct 2 x 2 contingency tables were included. The methodological quality of included studies was assessed using QUADAS-2. R software was used for statistical analysis. A Bayesian bivariate random-effects model was applied to calculate pooled sensitivity, specificity, positive likelihood ratio (PLR), negative likelihood ratio (NLR) and summary receiver operating characteristic (SROC) curve. RESULTS: Ten studies involving 13 data sets in total were included in this meta-analysis. The pooled sensitivity and specificity of RPA-based assays were 0.96 (95% CrI: 0.92-0.98) and 0.99 (95% CrI: 0.98-1.00), respectively. The pooled PLR was 146.25 (95% CrI: 35.79-597.57), and the pooled NLR was 0.05 (95% CrI: 0.02-0.10). The area under the SROC curve was 0.987 (95% CrI: 0.972-0.995), suggesting excellent overall diagnostic performance. Subgroup analyses showed that RPA-based assays maintained good diagnostic accuracy in both CRISPR-based and non-CRISPR groups, as well as in DENV and non-DENV subgroups. No significant publication bias was detected by Deeks' funnel plot asymmetry test. CONCLUSION: RPA-based assays showed good diagnostic accuracy for mosquito-borne virus detection, with high pooled sensitivity, specificity and AUC. These findings suggest that RPA-based methods may provide a useful technical choice for rapid case identification and public health response. Nevertheless, the limited number of included studies, methodological limitations and insufficient real-world evidence warrant cautious interpretation. More high-quality prospective studies are still needed to confirm their practical feasibility and application value in clinical and public health settings. SYSTEMATIC REVIEW REGISTRATION: https://www.crd.york.ac.uk/prospero/, identifier CRD420261380107."
"pubmed","42755359","10.1093/nar/gkag907","Large serine recombinase-mediated gene insertion for high-throughput screens: advantages, design principles, and applications.","Martella, Andrea; Matreyek, Kenneth A; Fisher, David I","Nucleic acids research","2026-09-18","https://pubmed.ncbi.nlm.nih.gov/42755359/","High-throughput functional assays, such as multiplexed assays of variant effect (MAVE), increasingly demand stable, precise integration of large DNA libraries into mammalian genomes. While CRISPR-based technologies excel at localized, small-scale edits, they are constrained by payload size limits, heterogeneous editing outcomes, and, depending on the specific modality and repair pathway utilized, potential variability in junction fidelity during multikilobase insertions. In this review, we highlight large serine recombinases (LSRs) as highly efficient, single-enzyme alternatives for unidirectional, site-specific integration of large payloads with deterministic junctions. We survey targeted genomic integration strategies and detail best practices for implementing recombinase-based landing pad architectures. By enforcing single-copy, orientation-fixed integration at defined loci, landing pads decouple variant delivery from local chromatin effects to ensure the uniform, isogenic expression required for quantitative genotype-phenotype mapping. We further outline scalable applications of LSR-mediated integration across pooled and arrayed MAVE, CRISPR screens, and precise gene expression tuning. Finally, we assess current technological bottlenecks, particularly large donor delivery and the requisite pre-installation of canonical att recognition sites, while exploring emerging innovations in virus-like particle delivery, one-step CRISPR-recombinase systems, and computationally engineered programmable recombinases that promise to bypass these limitations and broaden mammalian genome engineering."
"pubmed","42755348","10.1097/MOL.0000000000001062","CRISPR therapy for dyslipidemia.","Nicholls, Stephen J","Current opinion in lipidology","2026-09-18","https://pubmed.ncbi.nlm.nih.gov/42755348/","PURPOSE OF REVIEW: Several lipid and lipoprotein risk factors play an important role in the causality of atherosclerotic cardiovascular disease. Many therapies are limited by suboptimal long-term adherence. This narrative review summarizes the potential for gene editing and epigenetic therapy for the management of dyslipidemia. RECENT FINDINGS: Recent advances in genomic engineering permit the ability to develop gene editing, base editing and epigenomic editing of specific regions of DNA in humans. These therapies have advanced to early phase clinical evaluation with initial reports demonstrating favorable reductions in ANGPTL3 and proprotein convertase subtilisin kexin type 9, with consequent decreases in levels of low-density lipoprotein cholesterol and triglycerides. Apart from mild-moderate infusion reactions, the early experience with these therapies appears to be well tolerated. SUMMARY: Advances in genomic engineering have developed a number of agents with the potential for robust and durable changes to atherosclerotic lipid and lipoprotein risk factors. How these agents will enter clinical practice will require further evaluation in clinical trials."
"pubmed","42755327","10.1080/03630269.2026.2729189","CRISPR-Based Mediated Reactivation of Fetal Hemoglobin as a Therapeutic Strategy for Hemoglobinopathies: Evidence from Preclinical to Clinical Trials in Sickle Cell Disease and beta-Thalassemia.","Wong Castro, Daniel Antonio; Morocho Perugachi, Amelie Camille; Fuel Herrera, Marco Orlando","Hemoglobin","2026-09-18","https://pubmed.ncbi.nlm.nih.gov/42755327/","beta-Hemoglobinopathies, including sickle cell disease (SCD) and beta-thalassemia, are inherited disorders caused by mutations in the beta-globin gene (HBB), leading to defective production of adult hemoglobin (HbA), vaso-occlusive crises, and rapid destruction of erythrocytes as they leave the bone marrow, resulting in hemolytic anemia. In recent years, CRISPR-based genome-editing technologies have emerged as promising therapeutic strategies to reactivate fetal hemoglobin (HbF) expression by targeting key regulatory elements, including the BCL11A enhancer and the HBG1/HBG2 promoters. This review aimed to synthesize available scientific evidence from PubMed, Scopus, Web of Science, and ClinicalTrials.gov on preclinical and clinical studies evaluating CRISPR-based genome-editing approaches for the treatment of SCD and beta-thalassemia. This review was conducted and reported in accordance with the Preferred Reporting Items for Systematic Reviews and Meta-Analyses (PRISMA 2020) Statement. A total of 247 records were identified; 20 studies met the inclusion criteria and were included in the qualitative synthesis. The included studies investigated various CRISPR-based platforms, including nuclease-mediated editing and base-editing strategies, to reactivate HbF expression. The studies reported durable increases in HbF levels, with therapeutic effects persisting for up to 22 months after treatment. Clinically, these outcomes were associated with the elimination or marked reduction of vaso-occlusive crises in patients with SCD and with transfusion independence in patients with beta-thalassemia. Overall, the available evidence suggests that CRISPR-based HbF reactivation is a promising therapeutic approach for beta-hemoglobinopathies, although long-term efficacy and safety data remain necessary."
"pubmed","42754893","10.1186/s13073-026-01772-1","Accurate characterization of CRISPR-Cas9 genome editing outcomes and mosaicism with near-perfect long reads.","Hoijer, Ida; van Schendel, Robin; Emmanouilidou, Anastasia; Ostlund, Rebecka; Bunikis, Ignas; Tijsterman, Marcel; den Hoed, Marcel; Ameur, Adam","Genome medicine","2026-09-18","https://pubmed.ncbi.nlm.nih.gov/42754893/","BACKGROUND: Genetic mosaicism is a well-recognized consequence of CRISPR-Cas9 genome editing, yet its characterization remains challenging, especially when it involves low-frequency structural variants. A comprehensive analysis of mosaicism requires deep and unbiased sequencing of the target loci, with accurate single-molecule reads. METHODS: We performed amplification-free PureTarget PacBio sequencing to investigate CRISPR-Cas9 outcomes at on-target and off-target sites in genome edited zebrafish and their offspring. CRISPR-Cas9 genome editing was performed by micro-injection in fertilized eggs at the single-cell stage. RESULTS: Thirty samples from pooled larvae and individual zebrafish were successfully sequenced, resulting in > 1100x average target coverage. The PacBio reads reached an exceptional accuracy (QV39) over the target regions, with every read originating from a unique DNA molecule. The two haplotypes of the target loci displayed a balanced depth of coverage, while long-range PCR of the same samples resulted in skewed data. Further analysis of the PureTarget data revealed widespread genetic mosaicism in individual founder (F0) fish, with up to 18 distinct on-target events and 11 off-target events present in a single adult founder. Several CRISPR-Cas9 editing outcomes, including large structural variants and off-target mutations, were inherited to the F1 generation. Notably, as many as seven unique editing events were found among sibling F1 juvenile offspring derived from a single founder pair, thereby confirming the presence of genetic mosaicism in germ cells of founder zebrafish. This implies that some consequences of CRISPR-Cas9 editing may emerge only in the second generation. We also analyzed DNA methylation signals in the PureTarget data but did not observe altered 5mC CpG levels in genome edited samples. CONCLUSIONS: PureTarget enables efficient, accurate, and unbiased profiling of genetic mosaicism and DNA methylation at pre-defined genomic regions. Our results show that CRISPR-Cas9-induced mosaicism is widespread and represents an important factor to consider in genome editing experiments."
"pubmed","42754810","10.1186/s43556-026-00580-8","CRISPR/dCas9-induced upregulation of endogenous apolipoprotein A1 and paraoxonase 1 genes reduces the aortic lipid deposits in apoE(-/-) mice.","Toma, Laura; Barbalata, Teodora; Haratau, Jessica Isabela Catalina; Sanda, Gabriela Maria; Fuior, Elena Valeria; Fenyo, Ioana Madalina; Niculescu, Loredan Stefan; Daian, Laura-Maria; Sasson, Shlomo; Sima, Anca Volumnia; Stancu, Camelia Sorina","Molecular biomedicine","2026-09-18","https://pubmed.ncbi.nlm.nih.gov/42754810/","High-density lipoproteins (HDL) are essential to alleviate the progression of atherosclerosis by mediating reverse-cholesterol transport, antioxidant and anti-inflammatory effects. We aimed to enhance the expression of endogenous HDL components, apolipoprotein A1 (APOA1) and antioxidant enzyme paraoxonase 1 (PON1), and to investigate their athero-protective effects. The CRISPR/dCas9 technology was used to activate the transcription of endogenous APOA1/PON1 in human hepatocytes (Huh7 line) and Apoa1/Pon1 in apoE(-/-) mice. The expression of APOA1/PON1 genes was successfully upregulated in hepatocytes, and their proteins were secreted in the culture medium in the presence/absence of tumor necrosis factor-alpha (TNFalpha). APOA1-rich Huh7-derived conditioned medium exerted antioxidant and anti-inflammatory effects in TNFalpha-activated EA.hy926 endothelial cells. A single dose of the CRISPR/dCas9 plasmids i.v. injected in apoE(-/-) mice increased the expression of hepatic Apoa1/Pon1 and their serum levels up to four weeks. FPLC analysis showed that increased serum APOA1 was distributed between HDL, LDL, and in lipid-free form. These mice also exhibited high levels of hepatic, gallbladder and feces cholesterol, in part due to the upregulation of hepatic scavenger receptor class-B1, cholesterol 7-alpha-hydroxylase, and ATP-binding cassette sub-family-G-member-8 transporter. In apoE(-/-) mice with upregulated Apoa1/Pon1, no increased inflammatory stress or innate immune activation were detected, while lipid peroxides were decreased in PON1 mice. Of major interest, the area of aortic lipid deposits was halved in the treated mice. Our findings demonstrate the successful upregulation of endogenous Apoa1/Pon1 in apoE(-/-) mice by using the CRISPR/dCas9 system, and highlight new mechanisms for APO1/PON1 anti-atherosclerotic action, explaining the reduction of aortic lipid deposits."
"pubmed","42754710","10.1038/s41564-026-02471-8","In vivo CRISPRi screens reveal Escherichia coli functional adaptations in the mouse gut.","Maire, Amandine; Ortelli, Monica; Tkacz, Emma; Dehio, Christoph; Chassaing, Benoit; Sokol, Harry; Rolhion, Nathalie; Bikard, David","Nature microbiology","2026-09-18","https://pubmed.ncbi.nlm.nih.gov/42754710/","Escherichia coli exhibits remarkable genetic diversity that enables it to adapt to the intestinal environment. Here we establish an in vivo CRISPR interference platform that leverages bacterial gene fitness as a high-resolution functional reporter of E. coli adaptations within mice harbouring a defined minimal microbial community (OligoMM12). The screen revealed that diet profoundly shapes the metabolic landscape of E. coli and the essential gene profile identified cross-feeding interactions. Comparison between a laboratory strain (MG1655), a uropathogenic strain (CFT073) and an adherent-invasive E. coli (AIEC LF82) identified distinct genetic requirements for intestinal colonization, highlighting divergent motility, stress response and respiration strategies. In a host inflammatory environment, we found that AIEC LF82 preferably colonized the small intestine with a mobile genetic element, Gally prophage, playing an important role in modulating fitness. These findings provide a high-resolution genetic atlas of E. coli's functional adaptation and demonstrate the utility of functional genomics to probe the gut environment itself."
"pubmed","42754663","10.1038/s41388-026-03977-5","CRISPR/Cas9 screening revealed BIRC6-AS1/BIRC6 mediates abiraterone resistance via NHEJ pathway-dependent A20 degradation in prostate cancer.","Li, Lan; An, Xue-Ni; Ruan, Yong-Tong; Yang, Rong; Li, Peng; Shen, Pei-Tong; Zeng, Han-Yu; Wu, Xiao-Yu; Huang, Xian-Chao; Song, Ming-Yuan; Hao, Jing-Lan; Gao, Ping; Dong, Xiao-Ming","Oncogene","2026-09-18","https://pubmed.ncbi.nlm.nih.gov/42754663/","Abiraterone acetate is a standard-of-care therapy for prostate cancer (PCa). However, resistance frequently emerges, often characterized by the progression to AR-independent phenotypes. Employing a genome-wide CRISPR/Cas9 library screening strategy, we identified 523 long non-coding RNAs (lncRNAs) and 2,183 protein-coding genes as potential candidates associated with abiraterone resistance. Notably, a pair of sense-antisense genes, BIRC6-AS1/BIRC6, was identified as a significant contributor to abiraterone resistance, serving as a critical survival factor in AR-independent contexts. BIRC6-AS1 depletion led to a reduction in both the mRNA and protein levels of BIRC6. Moreover, depletion of either BIRC6-AS1 or BIRC6 enhanced the sensitivity of PCa cells to abiraterone in both in vitro and in vivo settings. Further investigation revealed that BIRC6-AS1 stabilized the mRNA of BIRC6 through interaction with ILF2. Suppression of either BIRC6-AS1 or BIRC6 attenuated non-homologous end joining (NHEJ) repair activity, resulting in the disassembly of 53BP1 foci at DNA damage sites and an increased accumulation of DNA damage, thereby exposing a vulnerability in AR-independent resistant cells. Mechanistically, BIRC6 interacted with A20 and facilitated the K48-linked ubiquitination and subsequent degradation of A20 at the K337 residue. Additionally, A20 knockdown effectively reversed the abiraterone sensitivity induced by BIRC6-AS1 depletion. Collectively, our study provides a landscape of lncRNAs and protein-coding genes associated with abiraterone resistance and suggests that targeting the BIRC6-AS1/BIRC6 axis represents a potential therapeutic strategy to eradicate AR-independent resistant tumors in prostate cancer."
"pubmed","42754477","10.1016/j.anl.2026.09.005","Distinct cerebellar and inner-ear phenotypes in Atoh1 promoter-proximal deletion mice.","Sakamoto, Susumu; Kita, Tomoko; Yamada, Mayumi; Imayoshi, Itaru; Tateya, Tomoko","Auris, nasus, larynx","2026-09-17","https://pubmed.ncbi.nlm.nih.gov/42754477/","OBJECTIVE: Atoh1 is essential for the development of the cerebellum and inner ear, but the in vivo role of its promoter-proximal region remains incompletely understood. We generated deletion lines targeting the Atoh1 promoter-proximal region containing C sites and examined their phenotypes in the cerebellum and inner ear. METHODS: Using the CRISPR-Cas9 genome editing method, mice with deletions in the Atoh1 promoter-proximal region containing C sites were generated, and four independent deletion lines were established. Gross morphology and histology of the cerebellum and inner ear were examined in 2-month-old mice. RESULTS: Four independent deletion alleles were obtained and designated line A to line D in ascending order of deletion size. In the cerebellum, gross examination and sagittal sections showed progressively more severe hypoplasia from line A to line D, accompanied by reduced foliation and disorganization of cortical architecture. The granule cell layer was progressively reduced, whereas Purkinje cells were relatively preserved. Behavioral abnormalities were detected only in the most severely affected line. In the inner ear, the maculae of the otolith organs were relatively preserved across all lines. The ampullary cristae were relatively preserved in lines A-C but showed hair-cell loss in line D. Cochlear phenotypes were more severe: line A retained relatively preserved inner hair cells with reduced outer hair cells, whereas lines B-D showed near-complete loss of hair cells and marked disruption of the organ of Corti in the analyzed regions. Descriptive quantitative analyses of available specimens supported progressive cerebellar hypoplasia, relative macular preservation, line D crista involvement, and severe cochlear hair-cell loss in lines B-D. CONCLUSION: Deletion of the Atoh1 promoter-proximal region produced distinct tissue-specific phenotypes in vivo. These findings suggest that the Atoh1 promoter-proximal region is differentially required in the cerebellum and inner ear and that its contribution varies among vestibular and cochlear sensory organs."
"pubmed","42754103","10.1016/j.mimet.2026.107715","Auditing bacterial dark-gene screens for superimposed open reading frame artefacts: A multi-layer analysis of Rv2438A in Mycobacterium tuberculosis.","Guyeux, Christophe","Journal of microbiological methods","2026-09-17","https://pubmed.ncbi.nlm.nih.gov/42754103/","Essentiality and knockdown-vulnerability screens can promote spurious bacterial open reading frames when those frames overlap essential genes, because such a frame inherits its neighbour's signals undiluted and therefore satisfies the screen's criteria better than a genuine small gene. We present a multi-layer audit that tests this failure mode across genome annotation, transposon mutagenesis, CRISPR interference, homology, transcript mapping, proteomics, and population variation. We apply it to Rv2438A, a 92-codon conserved hypothetical open reading frame of Mycobacterium tuberculosis ranked first by our own dark-gene target screen. Rv2438A is superimposed on the essential NAD synthetase locus nadE: 44% lies within its coding sequence on the opposite strand, and the remainder covers its promoter and transcription start site. Consequently, three of five Himar1 sites lie within nadE, no CRISPRi guide can target Rv2438A without binding nadE, and the cross-species hit maps to the same nadE start junction. Rv2438A lacks its own transcription start site and is absent from every proteomic dataset that detects nadE. A genome-wide scan identifies six short, overlapping, uncharacterised loci among 3907 annotated genes, but only Rv2438A combines overlap and essentiality with non-detection across all proteomic datasets; rare genome-wide, it ranked first among screen hits. We provide an implementable audit workflow and a codon-position control, but measure the control's sensitivity as only two of five genes with attested protein, limiting it to confirmatory use. Overlap coordinates and neighbour-specific experimental resolution should therefore be reported before bacterial dark genes are prioritised."
"pubmed","42754079","10.1016/j.ajo.2026.09.019","Regeneration and Replacement of the Corneal Endothelium: Advances in Cell Therapy, Tissue Engineering, Molecular and Pharmacologic Strategies.","Tone, Stephan Ong; Kee, Ae Ra; Weiliang, Wang; Dan, Jiang; Mimouni, Michael; Jurkunas, Ula; Kinoshita, Shigeru; Mehta, Jodhbir","American journal of ophthalmology","2026-09-17","https://pubmed.ncbi.nlm.nih.gov/42754079/","Endothelial keratoplasty remains the current gold standard for treating corneal endothelial dysfunction, relying on transplantation of cadaveric donor-derived Descemet's membrane with functional corneal endothelial cells (CECs) to restore corneal clarity. However, global shortages of suitable cadaveric donor tissue have accelerated interest in corneal endothelial cell therapy, tissue engineering, and non-surgical, donor-sparing, and potentially donor-independent therapeutic approaches. In this review, we discuss recent advances in corneal endothelial cell therapy, tissue engineering, gene- and RNA-targeted approaches, and pharmacologic therapies aimed at preserving or replacing the corneal endothelium. These modalities span markedly different levels of translational maturity. Cultured donor-derived CEC injection is the most clinically advanced, with regulatory approval and commercial use in Japan and Phase 3 development in the United States. Tissue-engineered endothelial grafts have entered first-in-human evaluation, whereas mitochondrial transfer and extracellular vesicle-based strategies remain preclinical. Molecular and pharmacologic approaches range from Phase 2 evaluation of TCF4-directed transcriptional modulation and clinically studied ROCK inhibitors to preclinical antisense oligonucleotides (ASO) and CRISPR-based strategies. We therefore compare these modalities according to current evidence, translational readiness, scalability, manufacturing requirements, and potential clinical role."
"pubmed","42754011","10.1016/j.trsl.2026.09.012","MGAT5 drives melanoma aggressiveness via TIMP1 glycosylation-dependent CD63-beta1-integrin signaling.","Justo, Beatriz Lais; Lengert, Andre van Helvoort; Han, Sang Won; Jasiulionis, Miriam Galvonas","Translational research : the journal of laboratory and clinical medicine","2026-09-17","https://pubmed.ncbi.nlm.nih.gov/42754011/","MGAT5-mediated N-glycosylation plays a central role in tumor progression and metastasis by affecting proteins involved in tumor cell behavior. One relevant target is Tissue inhibitor of metalloproteases 1 (TIMP1), which, beyond its classical role as a metalloproteinase inhibitor, promotes oncogenic signaling through interactions with CD63 and beta1-integrins. Emerging evidence suggests that aberrant TIMP1 N-glycosylation may regulate these diverse functions. Here, we investigated the role of MGAT5 in melanoma cell behavior and how MGAT5-mediated aberrant N-glycosylation influences TIMP1 function, including its activity as a signaling molecule and as an inhibitor of metalloproteinases. We performed Mgat5 knockout using CRISPR/Cas9 in metastatic melanoma cells to understand the role of MGAT5 in cell proliferation, migration, invasion, and tumor growth. Through site-directed mutagenesis, we generated melanoma cells expressing aglycosylated TIMP1 and evaluated the effect of N-glycosylation on TIMP1 function, including its role as a signaling molecule, by co-immunoprecipitation and anoikis resistance assays, and as an inhibitor of metalloproteinases, by zymography. We demonstrated that Mgat5 knockout reduced metastatic melanoma cell proliferation, migration, invasion, and tumor growth, TIMP1 is a target of MGAT5 in metastatic melanoma cells, and aberrant glycosylation of TIMP1 favors its interaction with CD63/beta1-integrins and cell survival while decreasing its ability to inhibit metalloproteases (MMPs). Therefore, MGAT5 plays a pro-tumor role in metastatic melanoma cells and the aberrant glycoform of TIMP1 directs its function as a signaling molecule, orchestrating the pleiotropic functions of TIMP1."
"pubmed","42753930","10.1016/j.matbio.2026.102053","Tumor FAK supports fibrillar collagen expression in ovarian cancer ascites.","Ojalill, Marjaana; Haanen, Terrance J 3rd; Khan, Safir Ullah; Zhang, Yichi; Boyer, Antonia; Chen, Xiao Lei; Suwal, Ujjwal; Rappu, Pekka; Heino, Jyrki; McHale, Michael T; Stupack, Dwayne G; Schlaepfer, David D","Matrix biology : journal of the International Society for Matrix Biology","2026-09-17","https://pubmed.ncbi.nlm.nih.gov/42753930/","High-grade serous ovarian cancer (HGSOC) is a lethal malignancy where matrix proteins enhance ascites-associated recurrent tumor growth. Elevated focal adhesion kinase (FAK/PTK2) and collagen protein expression support tumor survival, chemoresistance, and immune evasion. However, the sources and regulation of collagen production within HGSOC tumorspheres is unclear. Using CRISPR-mediated FAK knockout and FAK re-expression in two syngeneic HGSOC models (MOVCAR and KMF), FAK loss impaired tumorsphere growth in vitro and in vivo while reducing collagen expression, as determined by RNA sequencing, quantitative RT-PCR, and protein mass spectrometry. FAK re-expression promoted spontaneous metastatic ovarian tumor dissemination. Integrated bioinformatic analyses of MOVCAR, KMF, and HGSOC patient datasets identified 56 common mRNAs co-elevated with PTK2, including COL3A1 and COL5A2. Single-cell RNA sequencing of murine KMF ascites revealed a subset of tumor cells expressing Col3a1 and Col5a2 that exhibited epithelial-to-mesenchymal pathway enrichment that was diminished by genetic or pharmacologic FAK inhibition. In primary HGSOC ascites samples, FAK inhibitor (IN10018 or VS-4718) or FAK protein degrader (PROTAC) treatment selectively reduced COL1A1, COL3A1, and COL5A2 mRNA levels in tumor cells. Further, human OVCAR8 spheroid COL1A1, COL3A1, and COL5A2 mRNA and spheroid structure were significantly impacted by FAK inhibition and blocking anti-alpha1 or anti-beta1 integrin antibodies. As elevated PTK2 and COL3A1 expression correlate with poor ovarian cancer patient survival, and FAK, alpha1, and beta1 integrin inhibition reduced spheroid COL3A1 protein levels, our findings support a feed-forward linkage whereby FAK regulates fibrillar collagen acting in part via collagen binding integrins supporting HGSOC tumorsphere survival and metastatic spread."
"pubmed","42753721","10.1016/j.molcel.2026.08.023","De novo-engineered guide RNA-directed transposition with TnpB-family proteins.","Schargel, Richard D; Chacon Machado, Laura; Kumaran, Shravanika; Thesier, Jordan E; Krishnan, Shreya S; Guarne, Alba; Peters, Joseph E","Molecular cell","2026-09-17","https://pubmed.ncbi.nlm.nih.gov/42753721/","Programmable DNA integration using CRISPR-associated transposase elements (CASTs) offers powerful capabilities for genome engineering. The large single effector Cas12k CAST examples evolved from a minimal TnpB nuclease protein. Here, we engineer a de novo RNA-guided transposition systems in bacteria, where the single guide RNA effector components are repurposed nuclease-dead TnpB-family proteins. These compact systems mediate high-efficiency guide-RNA-directed DNA insertion with preserved orientation control, target immunity, and release of a host factor requirement and can be paired with an exonuclease domain to mediate cut-and-paste transposition. In this engineered context, the TnpB derivatives show features not predicted from the original enzymes, suggesting untapped avenues for improvement. In parallel, we show that mutations at the TniQ-TnsC interface in the Cas12k CAST system selectively attenuate off-site insertions while enhancing on-site activity. These results establish how Cas12 proteins and antecedent TnpB proteins can be engineered for high performance and specificity with guide-RNA-directed systems."
"pubmed","42753306","10.1016/j.scr.2026.104102","CRISPR/Cpf1-mediated editing of DNM1L in induced pluripotent stem cells.","Ghodrat, Roohallah; Ramachandran, Haribaskar; Hildebrandt, Barbara; Binder, Stephanie; Rossi, Andrea; Reichert, Andreas S","Stem cell research","2026-09-17","https://pubmed.ncbi.nlm.nih.gov/42753306/","The dynamin-1-like protein (DNM1L), also termed DRP1, is essential for mitochondrial fission. Mutations in DNM1L are associated with neurological disorders and cardiac dysfunction. To decipher the role of DNM1L in human induced pluripotent stem cells (hiPSCs) and in their differentiated counterparts, we used CRISPR/Cpf1 and generated a human iPSC line with a mutation by targeting exon 18 of the DNM1L gene. The generated compound heterozygous (biallelic) DNM1L mutant cell line showed normal cell morphology, genomic stability, and expression of classical stem cell markers. Furthermore, the cells can be differentiated efficiently into the three germ layers meso-, endo-, and ectoderm."
"pubmed","42753299","10.1016/j.bios.2026.119234","Engineering a leakage-resistant CHA-CRISPR/Cas12a biosensor via cis-cleavage-triggered split activator assembly for ultrasensitive miRNA detection.","Xiao, Shuifang; Deng, Qianqian; Wan, Qun; Huang, Nan; Jiang, Juan; Luo, Shiyi; Xia, Yongzhen; Liu, Yan; Zhang, Decai; Jiang, Guanmin","Biosensors & bioelectronics","2026-09-17","https://pubmed.ncbi.nlm.nih.gov/42753299/","MicroRNAs (miRNAs) have emerged as important biomarkers for cancer diagnosis and prognosis, yet their accurate detection remains challenging due to low abundance, short sequences, and sequence homology. Herein, we report a novel biosensing platform based on a cascade cis-cleavage-triggered split activator assembly strategy by integrating catalytic hairpin assembly (CHA) with dual CRISPR/Cas12a amplification for ultrasensitive and selective miRNA detection. In contrast to conventional CHA-CRISPR assays that directly couple CHA products with Cas12a activation and suffer from crRNA-induced leakage and elevated background signals, the proposed system decouples target recognition from signal output through a split activator architecture. Target miRNA initiates CHA to generate a duplex intermediate, which is first processed by Cas12a/crRNA1 via cis-cleavage to release a fragmentary DNA trigger. This fragment subsequently assembles with a predesigned auxiliary strand to form a complete activator, enabling secondary activation of Cas12a/crRNA2 and leading to amplified trans-cleavage signals. This cascade design significantly suppresses nonspecific background while enabling sequential signal amplification, resulting in substantially improved signal-to-noise ratios and enhanced analytical performance. The developed biosensor achieves sensitive miRNA detection with a low detection limit and excellent specificity. Furthermore, the practical applicability of the platform was demonstrated in cell lysates and human plasma samples with satisfactory accuracy and recovery. Owing to its modular and programmable design, this split activator-mediated CHA-CRISPR strategy provides a general and versatile framework for constructing low-background CRISPR biosensors and may facilitate the development of sensitive miRNA sensing platforms."
"pubmed","42753192","10.1002/cpz1.70444","Protoplasting and Transformation Using CRISPR/Cas9 in Coccidioides.","Jackson, Katrina M; Morales, Matthew M; Szewczyk, Edyta; Homer, Christina M; Itogawa, Ashley N; Brem, Rachel B; Sil, Anita; Barker, Bridget M","Current protocols","2026-09-17","https://pubmed.ncbi.nlm.nih.gov/42753192/","Coccidioides posadasii and C. immitis are human fungal pathogens endemic to the American Southwest. C. posadasii and C. immitis are the causative agents of coccidioidomycosis, or Valley fever. They are pathogens of growing concern, as reported cases of coccidioidomycosis have increased 20-fold in the last two decades. Despite their importance as pathogens, Coccidioides spp. are understudied, especially compared to other human fungal pathogens with similar infectious burdens. The reasons Coccidioides spp. are understudied are multifactorial, including requirement of high biocontainment, technical difficulties in lab-based culture growth, and a historic lack of genetic tools. Previous methods of genetic manipulation have been technically challenging, time consuming, and inefficient. Here, we present protocols for designing gene deletion constructs, generating protoplasts from both genetically engineered biosafety level 2 (BSL2) and wildtype biosafety level 3 (BSL3) strains, and performing transformations with CRISPR/Cas9. The protoplasting protocol described here uses a cell wall digestion enzyme employed in the wine-making industry and results in high-quality protoplasts that have the potential to be used for applications beyond transformations. We also present a high-efficiency transformation method using CRISPR/Cas9. The protocols described here will allow for genetic manipulation of Coccidioides, using both BSL2 and BSL3 strains. This resource can be applied to expand research done in Coccidioides spp., build molecular tools, and expand overall knowledge of these important pathogens. (c) 2026 The Author(s). Current Protocols published by Wiley Periodicals LLC. Basic Protocol 1: Construction of gene deletion construct Alternate Protocol 1: Construction of gene deletion construct Basic Protocol 2: Creation of protoplasts in BSL3 Alternate Protocol 2: Creation of protoplasts in BSL2 Basic Protocol 3: CRISPR/Cas9 transformation in BSL3 Alternate Protocol 3: CRISPR/Cas9 transformation in BSL2 Support Protocol: Passaging of mutants and PCR confirmation."
"pubmed","42753002","10.1155/jimr/8131644","Cancer-Testis Antigens in Immuno Oncology Mechanisms Therapeutic Strategies and Clinical Perspectives.","Shi, Ranran; Ran, Ling; Song, Tiantian; Zhou, Xiaowen; Zhao, Wenshan; Zhang, Yijie","Journal of immunology research","2026-09-17","https://pubmed.ncbi.nlm.nih.gov/42753002/","Cancer-testis antigens (CTAs) represent a unique class of tumor-associated antigens (TAAs) with highly restricted expression in immune-privileged tissues and widespread aberrant activation in various malignancies. Their potent immunogenicity and tumor specificity make CTAs promising targets for cancer immunotherapy. This review provides a comprehensive overview of the molecular regulation, biological functions, and therapeutic applications of CTAs. We detail the genetic and epigenetic mechanisms that drive CTA expression in cancer, their roles in tumor progression, and their capacity to elicit robust CD8(+) T cell responses. Recent clinical advances in peptide- and dendritic cell-based vaccines, T-cell receptor (TCR)-engineered adoptive cell therapies, and combination strategies with immune checkpoint inhibitors (ICIs) are highlighted, emphasizing NY-ESO-1 and MAGE family antigens as leading candidates. We further discuss the major challenges limiting clinical translation, emphasizing that despite promising immunogenicity, most CTA-directed modalities remain in early clinical evaluation with heterogeneous response rates, intratumoral heterogeneity, antigen loss, and risks of off-target toxicity. The review also explores emerging approaches-such as epigenetic modulators, multiantigen targeting, and CRISPR-based gene editing-that aim to enhance the precision and efficacy of CTA-based immunotherapies. Together, these insights underscore the strategic potential of CTAs in next-generation immunotherapy and outline the future directions required to bring these promising agents from bench to bedside."
"pubmed","42752528","10.1039/d6lc00542j","A hand-powered positive pressure-driven sample injection digital RPA-CRISPR-Cas12a chip.","Liang, Mengda; Shi, Xutong; Xia, Dexiong; Zong, Wen; Hu, Haiqin; Xie, Ningkang; Li, Yulai; Lv, Shaowu; Yin, Juxin","Lab on a chip","2026-09-17","https://pubmed.ncbi.nlm.nih.gov/42752528/","Chamber-based digital nucleic acid assays allow absolute quantification with high analytical sensitivity. However, sample introduction and digital discretization mainly rely on negative pressure drive, and this injection method limits its application, especially in on-site detection. But their use outside laboratory settings is still limited by the way samples are partitioned, which often depends on vacuum systems, centrifugation or specialized actuation. Positive-pressure loading is simple and well suited to portable operation, yet it is difficult to apply directly to chamber-based digital assays because air backflow and sample trailing can disrupt stable compartmentalization. This study proposed a hand-powered positive pressure-driven sample injection digital RPA-CRISPR-Cas12a chip for on-site food-safety testing. In this study, the two problems were addressed by combining photocurable oil fixation with branch-channel optimization, enabling rapid and stable discretization in a 15 120 chamber-based microfluidic digital chip using only a hand-operated syringe. Sample loading and partitioning were completed within 2 min without vacuum or centrifugal loading equipment. After integration with a one-pot digital RPA-CRISPR-Cas12a assay targeting hlyA, the system achieved absolute quantification of Listeria monocytogenes with a detection limit of 10(0) copies muL(-1) and good linearity across dilutions (R(2) = 0.99973). The tests conducted on the milk samples containing the standard substances further proved that this method could be used for on-site testing under resource-limited conditions. Overall, this study provides a feasible strategy for implementing positive-pressure digitization in a portable chamber-based digital microfluidic system, which expands the utility of chamber-based digital assays for portable and instrument-free on-site food-safety testing."
"pubmed","42752153","10.1126/science.ael0758","A viral origin for RNA-guided immunity.","Bravo, Jack P K","Science (New York, N.Y.)","2026-09-17","https://pubmed.ncbi.nlm.nih.gov/42752153/","Ancient viral warfare could be at the root of modern class 1 CRISPR bacterial defense systems."
"pubmed","42752133","10.1126/science.aei0498","A noncontiguous code for RNA-guided DNA recognition at the origin of CRISPR-Cas.","Yoon, Peter H; Loi, Kenneth J; Zhang, Zeyuan Terry; Docter, Trevor A; Lopez, Santiago C; Langeberg, Conner J; Ur-Rehman, Muhammad Moez; Vohra, Kamakshi; Zhou, Zehan; Esain-Garcia, Isabel; Trinidad, Marena I; Shi, Honglue; Boger, Ron; Wang, Peter Y; Adler, Benjamin A; Brohawn, Stephen G; Doudna, Jennifer A","Science (New York, N.Y.)","2026-09-17","https://pubmed.ncbi.nlm.nih.gov/42752133/","CRISPR-Cas provides RNA-mediated adaptive immunity, but how its first RNA-guided effector arose is unclear. In this study, we report the discovery of Viral Interference Programmable Repeat (VIPR) systems consisting of a Vipr protein ancestral to the earliest CRISPR-Cas effectors and VIPR RNAs (vrRNAs) comprising alternating GGY/NN motifs. Unlike canonical guide RNAs that pair with target nucleic acids through contiguous complementarity, vrRNAs recognize double-stranded DNA through a noncontiguous code in which the variable NN dinucleotides collectively specify a gapped target sequence. Natural vrRNA targets suggest that VIPR systems act against competing phages, and we demonstrate programmable phage defense by redirecting the complex for transcriptional repression. These results suggest that adaptive immunity originated from ancient warfare between viruses, revealing a previously unidentified logic for encoding information in sequence."
"pubmed","42751851","10.1177/15230864261489484","Beyond Cys65: Redox Effector Factor-1 CRISPR-Engineered Cys93 and Cys99 Mutants Reveal Cooperative and Secondary Roles of Redox Signaling and Pancreatic Ductal Adenocarcinoma Progression.","Haiaty, Sanya; Occhiuto, Jessica A; Kpenu, Eyram; Wireman, Randall S; Mijit, Mahmut; Gampala, Silpa; Mitchell, Dana K; Wang, Xiao; Sharma, Akanksha; Sardar, Rajesh; Peil, Jacqueline; Zhang, Chi; Kelley, Mark R; Fishel, Melissa L","Antioxidants & redox signaling","2026-09-17","https://pubmed.ncbi.nlm.nih.gov/42751851/","AIMS: Apurinic/apyrimidinic endonuclease 1/redox effector factor 1 (APE1/Ref-1) is a multifunctional protein implicated in pancreatic ductal adenocarcinoma (PDAC) through its redox regulation of oncogenic transcription factors (TFs) such as hypoxia-inducible factor 1-alpha, nuclear factor kappa-light-chain-enhancer of activated B cells, and others. While Cys65 is recognized as the primary redox-active residue, the functions of other cysteines remain only partially understood. Here, we describe the first CRISPR-engineered homozygous PDAC cell lines with single (C93A, C99A) and double (C93A + C99A) Ref-1 point mutations. This enabled detailed analysis of the individual and combined roles of Cys93 and Cys99 in Ref-1 redox signaling and their impact on various cancer phenotypes. RESULTS: A single mutation at Cys93 decreased TF activation and reduced tumor cell survival in vitro and in vivo. These effects were similar but less pronounced in cells expressing C99A. The C93A + C99A double mutant further impaired redox signaling and decreased tumor growth and metastasis in orthotopic PDAC mouse models. All of these perturbations specifically disrupted Ref-1's redox activity without impacting its DNA repair function. Due to reduced levels of Ref-1 protein in the C93A + C99A tumor cells, add-back experiments with wild-type Ref-1 and C93A + C99A-Ref-1 examined the impact on cell survival and activation of TFs downstream of Ref-1. Transcriptomic analysis revealed distinct changes in redox and metabolic pathways, although these were less pronounced than those observed with the previously studied C65A mutant. INNOVATION AND CONCLUSION: These findings demonstrate contributory and cooperative, although secondary, roles for Cys93 and Cys99 in Ref-1 redox activity, establish new genetically engineered PDAC models, and underscore the therapeutic potential of targeting Ref-1 redox function in PDAC. Antioxid. Redox Signal. 00, 000-000."
"pubmed","42751175","10.1016/j.ahjo.2026.100882","Human cardiovascular organoids: Biomedical applications and ethical challenges.","Sen, Koushik; Majumder, Suravi; Stanisic, Dragana; Majumder, Avisek","American heart journal plus : cardiology research and practice","2026-09-17","https://pubmed.ncbi.nlm.nih.gov/42751175/","Cardiovascular disease (CVD) remains the leading cause of global mortality, yet traditional in vitro and animal models often fail to recapitulate the integrated structural, cellular, and functional complexity of the human heart. Recent advances in human pluripotent stem cell technology, developmental bioengineering, and microphysiological systems have enabled the development of diverse three-dimensional cardiac tissue models, including self-organizing cardiovascular organoids and engineered cardiac platforms, three-dimensional constructs that partially recapitulate key myocardial features. These platforms facilitate mechanistic and disease-relevant modelling of congenital and acquired cardiac disorders, allow interrogation of arrhythmogenic mechanisms, and reproduce pathophysiological processes such as ischemia-reperfusion injury, fibrotic remodelling, and inflammatory cardiomyopathy with increasing physiological relevance. In translational contexts, these models are emerging as valuable tools in drug discovery pipelines, enabling high-throughput cardiotoxicity assessment and supporting regenerative medicine strategies, thereby bridging mechanistic research with preclinical validation. Integration with cutting-edge modalities-such as single-cell and spatial multi-omics, CRISPR-based genome editing, synthetic biology circuits, and artificial intelligence-driven phenomics further enhances their maturation and predictive accuracy, although their clinical applicability remains under active investigation. Despite these advances, challenges including batch-to-batch variability, limited vascularization, metabolic immaturity, and incomplete immune system incorporation continue to constrain physiological fidelity. Additionally, ethical and regulatory considerations spanning donor consent, genetic data privacy, biobanking governance, and model-specific translational and societal implications remain critical for responsible innovation. This review presents a comprehensive synthesis of current cardiovascular organoid research, highlights emerging biomedical applications, and provides a critical perspective on the ethical frameworks essential for advancing the field responsibly."
"pubmed","42751164","10.1016/j.mtbio.2026.103645","A transdermal CRISPR/Cas9 strategy using biodegradable microneedles to target YB-1 in melanoma.","Fu, Xiazhou; Chen, Zhaoyi; Zhang, Ziru; Jiang, Yufei; Jiang, Xiaomeng; Yang, Yuxin; Zhang, Hongsheng; Zou, Xinyun; Luo, Jingwen","Materials today. Bio","2026-09-17","https://pubmed.ncbi.nlm.nih.gov/42751164/","Melanoma's aggressiveness and therapeutic resistance highlight the need for innovative strategies. This study developed a CRISPR/Cas9 ribonucleoprotein (RNP) system targeting the oncogenic YB-1 gene, combined with doxorubicin (DOX), delivered by chondroitin sulfate (CS)-based microneedles (MN) incorporating designed nanoparticles (CNPs). YB-1, a critical oncogene driving melanoma progression, metastasis, and drug resistance, was targeted to enhance therapy efficacy. In vitro experiments demonstrated that CNPs enhanced cellular uptake efficiency, achieving a dual-drug delivery rate of 74.4% and mediating 65.32% gene editing efficiency. The application of CNPs@DOX@RNP reduced tumor cell viability to just 3.51%, while simultaneously lowering off-target toxicity. In vivo C57BL/6 melanoma models showed significant tumor growth inhibition, increased apoptosis, and suppressed proliferation/angiogenesis. Following treatment with CNPs@DOX@RNP/MN, tumor weight exhibited a 92.56% reduction relative to the untreated control. Biocompatibility assays confirmed safety with minimal organ damage. This MN platform offers a synergistic, safe, and effective strategy for combined YB-1 gene editing and chemotherapy, addressing melanoma's therapeutic challenges."
"pubmed","42750845","10.3389/fcell.2026.1912633","Dual role of ferroptosis in embryonic development, cascade amplification regulatory mechanism and targeted intervention.","Meng, Fan; Li, Shilong; Wang, Xue-Ting; Zhao, Nian; Xiong, Dong; Zhang, Weihang; Liu, Bin; Wang, Shaoqiang; Li, Niannian","Frontiers in cell and developmental biology","2026-09-17","https://pubmed.ncbi.nlm.nih.gov/42750845/","Ferroptosis is an iron-dependent regulated cell death driven by lipid peroxide accumulation. This review discusses its dual role in embryonic development. Physiologically, ferroptosis regulates cell fate and tissue remodeling through the synergistic GPX4-GSH and FSP1-CoQ10 pathways. Beyond passive cell death, iron-dependent trigger waves mediate spatially restricted cell clearance and limb muscle remodeling in avian models, integrating with Bone Morphogenetic Protein, Fibroblast Growth Factor, and Hedgehog signaling to sculpt tissue architecture as an integral component of normal morphogenesis. Pathologically, environmental stress and maternal genetic abnormalities activate ferroptosis, triggering an ""iron overload --> Fenton reaction --> lipid peroxidation --> GSH depletion/GPX4 inactivation"" cascade that causes embryonic malformations. However, ferroptosis can also be directly induced by GPX4 inhibition or cysteine deprivation without prior iron overload. Current evidence relies mainly on animal models, and extrapolation to humans requires caution due to interspecies differences. Intervention targets include ferroportin regulation, GPX4/FSP1 activation, and NRF2 stabilization. Iron chelators, Ferrostatin-1, and antioxidants (NAC, astaxanthin) block the cascade at multiple nodes. Clinical use during pregnancy demands careful evaluation of off-target effects on physiological tissue sculpting. Future research should develop stage-specific and tissue-specific modulators. This review highlights the double-edged sword nature of ferroptosis, summarizes its regulatory network and intervention strategies, and proposes molecular markers (MDA, 4-HNE) for perinatal screening. Prospects include CRISPR/Cas9 and mesenchymal stem cell therapy, while multi-omics and human-specific models will accelerate clinical translation for preventing birth defects."
"pubmed","42750591","10.1080/2162402X.2026.2717853","Immune checkpoint knockout screen reveals TIGIT-CD155 interaction as a significant modulator of adapter CAR-T cell function in acute myeloid leukemia.","Mast, Anna-Sophia; Atar, Daniel; Ruoff, Lara; Scheuermann, Sophia; Kristmann, Beate; Lang, Peter; Seitz, Christian Martin; Schlegel, Patrick","Oncoimmunology","2026-09-17","https://pubmed.ncbi.nlm.nih.gov/42750591/","Chimeric antigen receptor (CAR) T cell therapy for acute myeloid leukemia (AML) faces critical challenges, including severe on-target off-tumor toxicities, antigen heterogeneity, and primary immune evasion mechanisms. To address these limitations, we previously developed an adapter CAR (AdCAR) platform that enables transient and combinatorial targeting to improve the safety and efficacy of CAR-T-cell therapy in AML. In this study, we further optimized the AdCAR system by investigating the role of immune checkpoint receptors (ICRs), particularly PD-1, CD96, LAG-3, TIM-3, and TIGIT, as well as the immunomodulatory molecule CD276, in suppressing AdCAR-T-cell function. Using multiparametric flow cytometry, we analyzed the expression of immune checkpoint ligands (ICLs) across multiple cancer entities, including three well-characterized AML cell lines, primary AML bone marrow samples, and healthy bone marrow as a reference. We then examined the inducibility of ICLs on AML cells after AdCAR-T-cell engagement. To evaluate the functional impact of immune checkpoint inhibition (ICI), we generated AdCAR-T-cells with CRISPR/Cas9-mediated knockouts (KOs) of PD-1, CD96, CD276, LAG-3, TIM-3, or TIGIT, and analyzed their cytotoxic potential in vitro. In our setting, PD-1 disruption did not significantly enhance AdCAR-T cytotoxicity against MOLM-13 wildtype, while TIGIT KO significantly enhanced AdCAR-T cytotoxicity specifically across five leukemia- and lymphoma-cell lines. Notably, pharmacological PD-1 blockade resulted in greater cytotoxicity than PD-1 gene disruption, whereas TIGIT blockade showed comparable effects to TIGIT KO. Our study identified TIGIT KO as a potent enhancer of AdCAR-T-cell function and supports ICR gene disruption as a promising approach to improve therapeutic efficacy while reducing the systemic toxicities commonly associated with ICI therapy."
"pubmed","42749982","10.1007/s12033-026-01612-y","PCR-LbCas12a Assay for Genotyping of HPV 16 and 18.","Paek, ChonIl; Zhou, Jin; Sin, HuiYon","Molecular biotechnology","2026-09-17","https://pubmed.ncbi.nlm.nih.gov/42749982/","CRISPR/Cas12a systems have been widely used in nucleic acid detection, because of their high specificity and trans-cleavage activity. We combined the specificity of CRISPR/Cas12a system with the sensitivity of PCR, to develop a new HPV detection assay with high specificity and sensitivity, called PCR-LbCas12a assay. Here, we pre-amplified almost all high-risk HPV genotypes with consensus primer (MY09/11) and added to new tubes containing HPV 16 or 18 CRISPR/Cas12a system for HPV genotyping. The LOD of PCR-LbCas12a for HPV16 or HPV18 DNA was 100 copies and 10 copies per reaction, respectively. In mixed samples of HPV 16 and HPV 18 DNA, PCR-LbCas12a assay could detect HPV16 DNA from samples containing 10(2) copies of HPV16 and 10(4) copies of HPV18. On the other hand, HPV18 DNA was detected from samples containing 10(3) copies of HPV16 and HPV18, respectively. Following validation with HPV-positive and HPV-negative cell lines (SiHa, HeLa, and C-33A), the PCR-LbCas12a assay was evaluated using 39 clinical samples previously characterized by type-specific qPCR. The assay demonstrated a sensitivity of 91.3 (95 CI 71.9-98.9) and a specificity of 100. The PCR-LbCas12a assay can discriminate the HPV 16 and HPV 18 genotypes, and holds great potential in simultaneous detection of most high-risk HPV genotypes including HPV 16 and HPV18."
"pubmed","42749958","10.1007/s00425-026-05164-y","WRKY transcription factors in horticultural crops: regulating quality traits and fruit stress responses.","Alabd, Ahmed; Shafik, Karim; Abdelsalam, Sobhy S H; Li, Jianzhao; An, Ping; Teng, Yuanwen","Planta","2026-09-17","https://pubmed.ncbi.nlm.nih.gov/42749958/","WRKY transcription factors regulate pigments, sugars, organic acids, aroma compounds, ripening, texture, and stress tolerance, offering promising targets for improving horticultural crop quality and postharvest performance. WRKY transcription factors (TFs) belong to one of the largest families of regulatory proteins in plants, with multifaceted roles in growth, development, and stress responses. This review summarizes the diverse functions of WRKY TFs that regulate key quality traits of horticultural crops, including fruits, vegetables, and ornamentals. We discuss the structural characteristics and classification of WRKY TFs, emphasizing their conserved WRKY domain and W-box binding mechanism. We comprehensively examine how WRKY TFs control critical quality attributes, such as pigment accumulation (anthocyanins, carotenoids, and betalains), organ size, sugar and organic acid contents, aroma-related volatile production, texture, and fruit ripening, by directly modulating structural genes and interacting with other TFs. Additionally, we explore the involvement of WRKY TFs in fruit responses to biotic stresses (e.g., pathogen infections) and abiotic stresses (e.g., chilling) as well as fruit browning. We also highlight their effects on hormone signaling and defense pathways. Despite significant progress in identifying WRKY TFs associated with quality traits through high-throughput approaches, the functional characterization of many of these TFs remains incomplete. Future research directions include using advanced genetic engineering tools, such as CRISPR/Cas9, to validate functions, elucidate complex regulatory networks involving WRKY TFs and their target genes, and explore upstream regulatory mechanisms. The results of this research will facilitate the development of improved horticultural cultivars with enhanced quality, stress tolerance, and extended shelf life, ultimately contributing to food security and market competitiveness."
"pubmed","42749951","10.1007/s00438-026-02467-3","From scissors to editors: how the evolution of precision is redefining therapeutic genome editing.","Rahbari, Mohadese; Lohrasbi, Reyhane; Amiri-Yekta, Amir","Molecular genetics and genomics : MGG","2026-09-17","https://pubmed.ncbi.nlm.nih.gov/42749951/","Since its introduction as a genome-editing tool, CRISPR-based technology has undergone rapid refinement, with precision emerging as a central focus of development. Early CRISPR-Cas9 systems demonstrated unprecedented ease and efficiency in targeting specific DNA sequences, but concerns over off-target effects and variable editing outcomes limited their broader application. This review outlines the progression of CRISPR from its discovery in prokaryotes to its application as a versatile tool in precision medicine, where it supports targeted therapies for genetic disorders in various ways. Although technical challenges, including off-target editing and delivery inefficiencies, persist alongside ethical considerations of accessibility and long-term consequences, CRISPR's ongoing refinements and innovations reflect a clear trajectory toward greater specificity, safety, and predictability, positioning CRISPR as an increasingly precise platform for both fundamental research and therapeutic use."
"pubmed","42749924","10.1038/s41594-026-01890-9","Structure-guided discovery and engineering of miniature CRISPR-Cas12m for epigenome editing.","Yu, Tao; Ji, Meng; Yu, Donglin; Guan, Zhao; Zhu, Rongyi; Jiang, Yunpeng; Yang, Zhiyi; Qiu, Lizhen; Zhang, Ziyi; Mu, Jiawei; Mao, Fengbiao; Xiang, Kuanhui; Bai, Lin; Li, Kailong","Nature structural & molecular biology","2026-09-17","https://pubmed.ncbi.nlm.nih.gov/42749924/","CRISPR-based epigenome editing represents a programmable strategy to precisely modulate gene expression, holding promise for therapeutic applications. However, the large size of dCas proteins substantially impedes delivery using adeno-associated virus (AAV) vectors. Here, through iterative bioinformatics analysis, structure-guided predictions and functional assays, we identified and characterized a miniature subtype V-M CRISPR-Cas12m from Pelomicrobium methylotrophicum. PmCas12m exhibited flexible 5'-YTN-3' PAM-dependent recognition and robust double-stranded DNA-binding properties while lacking DNA cleavage activity, thus rendering it a valuable tool for epigenome editing. Cryo-electron microscopy structures of PmCas12m unveiled its molecular mechanism of target DNA binding. Guided by these structural insights, we used deep mutational scanning and protein engineering to develop xCas12m, a hypercompact variant with highly potent and specific epigenome-editing capabilities in human cells. We further constructed the xCas12m-CRISPRoff platform in a single AAV vector, which achieved durable epigenetic silencing and effective inhibition of hepatitis B virus infection in a mouse model. Collectively, these findings establish xCas12m as a versatile epigenome-editing platform with notable potential for treating diseases, paving the way for clinical translation of epigenetic therapies."
"pubmed","42749803","10.1038/s41586-026-11024-2","Targeted genomic integration and rearrangement using prime assembly.","Levesque, Sebastien; Kawashima, Nozomu; Hwang, Gue-Ho; Zeng, Jing; Toskov, Vasil; Barry, Timothy; Mannherz, William; Homfeldt, Luke; Becerra, Basheer; Schoonenberg, Vivien A C; Pinello, Luca; Agarwal, Suneet; Bauer, Daniel E","Nature","2026-09-17","https://pubmed.ncbi.nlm.nih.gov/42749803/","Although therapeutic genome editing holds great potential to remedy diverse inherited and acquired disorders, targeted installation of medium-to-large genomic modifications in therapeutically relevant cells remains challenging(1). Here we develop prime assembly, an approach that permits DNA sequence assembly and integration in human cells leveraging CRISPR-targeted dual flap synthesis. This method enables RNA-programmable site-specific integration of single or double-stranded DNA fragments. Unlike homology-directed repair, prime assembly is similarly active in dividing and non-dividing cells. We applied prime assembly to perform targeted exon recoding, transgene integration and megabase-scale rearrangements, including at therapeutically relevant loci in primary human cells. Prime assembly expands the capabilities of genome engineering by enabling the targeted integration of medium to large-sized DNA sequences without relying on double-stranded DNA donors, nuclease-driven double-strand breaks or cell cycle progression."
"pubmed","42749400","10.1016/j.jgeb.2026.100719","Advancements of mRNA-lipid nanoparticle links to gene editing and immune responses.","Sundaram, Karthikeyan; Prabhu, Venkataraman","Journal, genetic engineering & biotechnology","2026-09-16","https://pubmed.ncbi.nlm.nih.gov/42749400/","Lipid-formulated liposomes have been utilized for the transport of various biological substances, including mRNA molecules. Basically, large lipids play a crucial role in the structure and function of cell membranes. In protein synthesis, mRNA plays a crucial role in expressing the proteins. In this context, this natural process enables gene editing, protein replacement therapy, cancer immunotherapy, cellular reprogramming, and vaccinations. A range of biomaterials is utilized for mRNA transport, including polymers, lipid-based nanoparticles, and protein-mRNA complexes. Thus, the review aims to analyse the mRNA-lipid nanoparticles assigned with gene editing and the mechanisms to enhance immune responses to infectious diseases. A nonviral lipid nanoparticle approach for CRISPR-Cas9 gene editing has achieved up to 80% gene editing in vivo and 98% in vitro across various cancer cell types. MEVPCS-mRNA LNPs, as a preventative HIV vaccine, elicit comparable and highly specific immune responses via CD8+ T cells. Th1-type CD4+ T cell responses are notable in mice immunized with LNP-mRNA, indicating a substantial impact on Mycobacterium tuberculosis. Variations in pH, ionic strength, and freezing rate are essential for enhancing the lyophilization of mRNA lipid nanoparticles. The polydispersity index has risen from 0.1 to 0.3, and the LNP particle size in the Vibrating Membrane Nebulizer has increased from an average of 85 nm to 300 nm, suggesting notable structural degradation due to elevated shear stresses. The Laminar Fluid Ejection Device enhanced the stability of lipid nanoparticles. This enhances the immune response and effectively manages harmful microbes."
"pubmed","42749264","10.1016/j.jbc.2026.113560","Active-site arginines differentially control Cas12a DNA cleavage and specificity.","Rostami, Saadi; Dos Santos, Alberto M; Van, Richard S; Long, Kole; Shao, Yihan; Rajan, Rakhi","The Journal of biological chemistry","2026-09-16","https://pubmed.ncbi.nlm.nih.gov/42749264/","Cas12a is a CRISPR-Cas nuclease with biochemical features that make it useful for genome editing and nucleic acid diagnostics. However, its off-target and non-specific trans and CRISPR RNA-independent DNA cleavages can reduce the accuracy and limit applications requiring high fidelity. Here, we analyzed the role of two conserved arginine residues, R918 and R921, found in the RuvC active site pocket of Francisella novicida Cas12a. Through amino acid substitutions, biochemical assays, kinetic analysis, and computational study, we establish that a positive charge at 921 is required for CRISPR RNA-dependent DNA cleavage (cis cleavage), whereas R918 primarily enhances cleavage efficiency. Replacing R918 with lysine or alanine eliminates trans activity while retaining cis cleavage, whereas replacing R921 with lysine eliminates trans activity and replacing with alanine abolishes cis and trans cleavages. Furthermore, these changes significantly decrease RNA-independent cleavage and improve mismatch discrimination during cis cleavage, especially at PAM-distal sites. Structural analysis shows that R918 assists in the conversion of the lid covering the RuvC active site to an alpha helical form, while R921 stabilizes the DNA in the active site. Molecular dynamics simulations reveal that while R921 is critical in supporting the positioning of scissile phosphate, R918 is essential in maintaining catalytic-site organization through lid's conformational change as well as in positioning DNA through its role in stabilizing the active site framework. Together, our results highlight the importance of R918 and R921 in Cas12a's activity and the potential of modifying active pocket residues to reduce unwanted DNA cleavage while increasing on-target specificity."
"pubmed","42749195","10.1016/j.jviromet.2026.115468","CRISPR-Cas12a-assisted RT-RPA-LFA for rapid cluster IV-specific detection of cardamom mosaic virus in crude plant extracts.","Greeshma, M; Bhat, A I","Journal of virological methods","2026-09-16","https://pubmed.ncbi.nlm.nih.gov/42749195/","Cardamom mosaic virus (CdMV), associated with mosaic/katte disease in cardamom, is a highly destructive virus that leads to severe reductions in plant growth and yield. High levels of genetic variability approaching species-level divergence exist among CdMV isolates from different geographical regions. Development of a cluster-specific diagnostic assay can enable reliable detection of locally prevalent virus populations and differentiate them from divergent ones. Therefore, in the present study, a CRISPR-Cas12a-coupled reverse transcription-recombinase polymerase amplification-lateral flow assay (RT-RPA-CRISPR-LFA) was developed for cluster IV-specific detection of Idukki isolates of CdMV. The viral target sequence (coat protein) was first amplified through RT-RPA using virus-specific primers designed from conserved region present in all strains of CdMV and crude plant extract template. The amplified product was subsequently recognized by CRISPR-Cas12a complex guided by a crRNA designed to specifically detect CdMV isolates associated with Idukki region of Kerala, triggering trans-cleavage activity of the complex and subsequent cleavage of the lateral flow reporter (LF reporter). This generated a visually detectable signal by LFA. The optimum assay performance was achieved with an RT-RPA incubation time of 10 min, LF reporter, Cas12a, and crRNA concentrations of 500, 75, and 125nM, respectively, and a CRISPR-Cas12a reaction incubation time of 1h. The assay was specific for CdMV strains representing Idukki region of Kerala and exhibited a detection limit of 1 fg (2.4 x 10(2) copies), which was 10 times less sensitive than qPCR. Practical feasibility and consistency of the assay were verified through validation using different field samples of cardamom."
"pubmed","42749193","10.1016/j.plantsci.2026.113456","GmMYB29 activates Gm4CL3 to enhance soybean resistance to Heterodera glycines.","Qu, Shuo; Zhang, Jinyuan; Zhang, Miaoli; Du, Shibo; Zhao, Xunchao; Li, Haiyan; Teng, Weili; Li, Yongguang; Zhao, Xue; Han, Yingpeng","Plant science : an international journal of experimental plant biology","2026-09-16","https://pubmed.ncbi.nlm.nih.gov/42749193/","Soybean cyst nematode is a devastating soil-borne pathogen that severely limits soybean yield worldwide. To uncover downstream target genes of the resistance-associated transcription factor GmMYB29, we combined ChIP-seq and RNA-seq data from T(3)-generation GmMYB29-overexpressing soybean plants, alongside Gene Ontology (GO) and Kyoto Encyclopedia of Genes and Genomes (KEGG) enrichment analyses, to screen candidate genes carrying transcription factor binding peaks within the 2000 bp region upstream of transcription start sites (TSS). Four orthogonal molecular assays-yeast one-hybrid (Y(1)H), electrophoretic mobility shift assay (EMSA), dual-luciferase reporter (LUC) system, and GUS histochemical staining-collectively confirmed the specific physical interaction between GmMYB29 and the promoter of Gm4CL3. We generated transgenic soybean hairy roots overexpressing Gm4CL3 (OX-Gm4CL3) and CRISPR-Cas9-mediated Gm4CL3 knockout lines (KO-Gm4CL3), with wild-type (WT) plants serving as controls. Inoculation assays using SCN 3 demonstrated that OX-Gm4CL3 roots displayed substantially improved SCN resistance, while KO-Gm4CL3 roots were hypersusceptible to nematode infection. Mechanistic investigations revealed that Gm4CL3 promotes lignin deposition in root tissues to block SCN penetration. Furthermore, GmMYB29 and Gm4CL3 act synergistically to activate lignin biosynthetic pathways and strengthen soybean resistance against SCN 3 (SCN Race 3, the dominant physiological race in Northeast China). In summary, this study functionally characterizes Gm4CL3 and defines a previously unreported GmMYB29-Gm4CL3 regulatory cascade that mediates plant defense against SCN. This module functions independent of classic SCN resistance loci rhg1/Rhg4, providing new genetic resources for SCN-resistant soybean molecular breeding."
"pubmed","42749180","10.1016/j.biochi.2026.09.010","NFYA regulates the expression of CD44 via binding to upstream cis-element in breast cancer cells.","Salem, Sohair; Yahya, Shaymaa M M","Biochimie","2026-09-16","https://pubmed.ncbi.nlm.nih.gov/42749180/","CRISPR/Cas9 has emerged as a powerful tool for editing of non-coding sequences, such as promoters and enhancers. Creating indels in enhancer sequences alter their function and provide valuable insights into their role in gene expression under normal and pathological conditions. This study tested the involvement of CD44-upstream cis-element in regulating CD44 expression and evaluated the potential of CRISPR/Cas9 system to manipulate the transcription factor (TF) binding site within this element. Bioinformatic tools predicted two binding sites (designated P1 and P2) for NFYA within the cis-element sequence. CRISPR/Cas9-mediated genome editing was employed to knockout NFYA gene and disrupt the NFYA-binding site at P2 in MDA-MB-231 breast cancer cells, then downstream analysis was performed using the mixed-edited cell population. Both genome editing strategies resulted in a significant reduction in CD44 gene expression at mRNA level. Notably, disruption of P2 sequence produced a greater reduction in the CD44(+) CD24(-) cell subpopulation than NFYA knockout. Both editing approaches impaired the migration capacity of MDA-MB-231 cells. Unlike NFYA knockout, altering P2 sequence induced apoptosis. ChIP assay revealed that NFYA binds to both P1 and P2 sequences, with greater enrichment observed at P2 than at P1. Site-directed mutagenesis and luciferase assay confirmed the regulatory contribution of both P1 and P2 to gene expression regulation, with stronger regulatory effect in case of P2 than in P1. Collectively, the findings demonstrated the regulation of CD44 by NFYA and highlighted the potential CRISPR/Cas9-mediated targeting of TF binding site as effective strategy for modulating CD44 expression and associated malignant phenotype."
"pubmed","42749169","10.1016/j.matbio.2026.102052","TANGO1L Is Required for Collagen Secretion in a Type-Dependent Manner and Shapes Collagen Proteostasis in the Endoplasmic Reticulum.","Ishikawa, Yoshihiro; Maeda, Miharu; Taga, Yuki; Komatsu, Yukie; Mizuno, Kazunori; Saito, Kota","Matrix biology : journal of the International Society for Matrix Biology","2026-09-16","https://pubmed.ncbi.nlm.nih.gov/42749169/","Collagens are synthesized in the endoplasmic reticulum (ER), where their biosynthesis, quality control, and secretion are tightly coordinated to maintain collagen proteostasis. TANGO1L is an ER exit site protein required for efficient collagen secretion; however, whether it contributes equally to the secretion and intracellular homeostasis of different collagen types remains unclear. Here, we systematically examined the consequences of TANGO1L deficiency using CRISPR/Cas9-generated TANGO1L knockout human fibroblasts. Loss of TANGO1L reduced the secretion of multiple major collagen types and delayed secretion of newly synthesized collagen I. Intracellular responses, however, differed markedly among collagen types: collagen V accumulated intracellularly, whereas collagens I, III, and IV avoided intracellular retention despite markedly reduced extracellular secretion. This differential response was accompanied by decreased collagen gene expression and selective remodeling of the ER collagen biosynthetic machinery, suggesting that these cells adjust collagen synthesis to a reduced secretory capacity. TANGO1S protein was consistently upregulated through a post-transcriptional mechanism, suggesting an adaptive response to chronic TANGO1L deficiency. Biochemical analysis of collagen purified from the culture medium revealed a trend toward modestly increased lysine post-translational modifications, including hydroxylysine glycosylation, without altered triple-helical structure or thermal stability, indicating that TANGO1L deficiency compromises the quantity rather than the quality of secreted collagen. Together, these findings establish that the requirement for TANGO1L differs among collagen types and that its loss induces adaptive remodeling of intracellular collagen proteostasis rather than simply impairing collagen secretion, providing a framework for understanding how secretory cells maintain collagen homeostasis when secretion is compromised."
"pubmed","42749152","10.1016/j.drudis.2026.104805","Pathway-driven target prioritisation in drug discovery.","Rusina, Polina; Ochoa, David; Rapaport, Franck; Khader, Shameer; McDonagh, Ellen M","Drug discovery today","2026-09-16","https://pubmed.ncbi.nlm.nih.gov/42749152/","Genome-scale association studies and functional screens routinely implicate hundreds of candidate genes per disease, yet only a few will be clinically validated as drug targets. Choosing which to pursue is a central drug-discovery decision that depends on interpreting each candidate in its biological context. Curated pathway databases provide this context, while enrichment analysis applies it at scale, turning gene-level signals from genome-wide association, transcriptomic, proteomic and CRISPR studies into mechanistic hypotheses for prioritisation. This review examines how pathway-based methods inform target prioritisation, the databases and tools available for this purpose, and why pathway co-membership should be viewed as a starting point for validation rather than as evidence of causal involvement."
"pubmed","42748917","10.1016/j.cub.2026.08.051","Odorant receptor Or117 detects camphor to induce floral seeking by the mosquito Aedes aegypti.","Nalikkaramal, Sukritha; Pelletier, Julien; Tallon, Anais Karine; Wondwosen, Betelehem; Caballero-Vidal, Gabriela; Weiss, Lukas; Hill, Sharon Rose; Ignell, Rickard","Current biology : CB","2026-09-16","https://pubmed.ncbi.nlm.nih.gov/42748917/","Female mosquitoes display distinct, staged, and dynamic resource-seeking behaviors to sustain energy and reproductive demands. Teneral females are attracted to floral odors due to innate energy requirements. During maturation, females develop the competence to take a blood meal, a process expedited following mating and linked to a shift to vertebrate host cue attraction. The change in resource-seeking behaviors is correlated with an overall increase in abundance of chemosensory receptors, with select odorant receptor genes, including odorant receptor Or117, displaying an opposite dynamic expression pattern. We hypothesized that Or117 acts as a molecular switch, which regulates age- and mating-dependent floral seeking in female Aedes aegypti mosquitoes. Ectopic expression of Or117 in the empty neuron system of Drosophila identified camphor, present in the headspace of the preferred host plant, Lantana camara, as the natural ligand. Targeted knockout of Or117, using CRISPR-Cas9, or the subtraction of camphor, abolished the attraction of teneral females to synthetic floral odor(s), as a result of a lack of antennal response, compared with wild-type mosquitoes. Age, as well as mating, abolished the attraction of wild-type females to floral odor, which was correlated with a differential decrease in sensitivity to camphor, as well as off-and-on responses to several of the constituents of the synthetic L. camara floral odor. As such, this study establishes a direct causal molecular relationship between an odorant receptor and the regulation of resource-seeking behavior in female Ae. aegypti. In the discussion, we postulate how the regulation of odorant receptor expression may provide flexibility in odor coding and ensuing behavior."
"pubmed","42748818","10.1016/j.jhazmat.2026.142905","Genome-wide interactions with cadmium exposure in dysglycemia: Populational effects and molecular insights.","Jiang, Qi; Li, Bin; Ma, Yunfei; Shi, Wanying; Ding, Liang; Hu, Naifan; Zhao, Yunhao; Qu, Yingli; Li, Zheng; Sun, Peijie; Lu, Yifu; Zhang, Donghui; Jin, Huibin; Li, Zhi; Zhu, Ying; Zhao, Feng; Yang, Beifang; Wen, Sheng; Zhu, Ying; Lv, Yuebin; Tian, Jianbo; Shi, Xiaoming; Miao, Xiaoping","Journal of hazardous materials","2026-09-16","https://pubmed.ncbi.nlm.nih.gov/42748818/","Dysglycemia is a complex metabolic disorder governed by the interplay between environmental exposures and genetic factors, yet the precise molecular mechanisms driving these gene-environment (GxE) interactions remains poorly understood. Here, we characterized the population-level landscape and molecular causality underlying the interactions between cadmium (Cd), a widespread environmental toxicant, and genetic susceptibility loci in dysglycemia. By conducting a Genome-wide Environmental Interaction (GWEI) study within a sub-cohort of the China National Human Biomonitoring (CNHBM) cohort (N = 1298), we identified 29 genetic risk loci that significantly interact with Cd burden to exacerbate elevated fasting plasma glucose levels. Functional enrichment integrated with metabolomic profiling unmasked a profound multi-omics convergence, positioning epigenetic modifications (e.g. H3K27me3) and zinc-finger transcription factors (e.g. OVOL2, KLFs) as central regulatory hubs that disrupt metabolic homeostasis. To establish causality, we demonstrated that the rs11743277 A>T variant at the lead GxE locus functions as a Cd-responsive enhancer element, facilitating recruitment of TEAD3 and upregulating TICAM2 expression in CRISPR/Cas9-edited HepG2 cells, especially upon Cd exposure. This initiates a TICAM2-mediated inflammatory response, with elevated pro-inflammatory cytokines (IFN-beta, TNF-alpha, IL-6) impairing downstream insulin signaling and glucose utilization. Collectively, these findings establish a robust paradigm for GxE interactions in complex metabolic disorders, revealing how environmental stressors reprogram genetic susceptibilities through molecular checkpoints and paving the way for tailored, precision-prevention strategies in environmental health."
"pubmed","42748592","10.1016/j.scr.2026.104101","Homology-directed CRISPR-Cas9 correction of the KRT5 p.E475G mutation in human iPSC line from a patient with severe epidermolysis bullosa simplex.","Trobec, Ana; Lorrain, Victor; Ilic, Dusko; Raymond, Karine; Liovic, Mirjana","Stem cell research","2026-09-16","https://pubmed.ncbi.nlm.nih.gov/42748592/","Severe epidermolysis bullosa simplex is a skin fragility disorder characterized by blistering caused by cytolysis within basal keratinocytes, resulting in compromised epidermal integrity. Here we report the generation of the human induced pluripotent stem cell (hiPSC) line MLi002-A-1, an isogenic control derived from patient-specific MLi002-A line carrying the KRT5 c.1424A > G (p.E475G) mutation. Genome editing restored the wild-type sequence without detectable changes at top-predicted off-target sites. The edited line exhibits a normal karyotype, typical pluripotent morphology, robust pluripotency marker expression, and trilineage differentiation potential. This genetically matched control enables mutation-specific studies and in vitro modeling of epidermolysis bullosa simplex."
"pubmed","42748591","10.1016/j.scr.2026.104103","Endogenous tagging of the TBXT (Brachyury) gene with 2A-EGFP in BJNhem19 human embryonic stem cells using CRISPR-Cas9 genome editing.","Patil, Shekhar B; Das, Arghakusum; Inamdar, Maneesha S","Stem cell research","2026-09-16","https://pubmed.ncbi.nlm.nih.gov/42748591/","Brachyury (TBXT) is a T-box transcription factor essential for directing human embryonic stem cells (hESCs) toward mesodermal lineage specification. Here, we report the generation of a Brachyury/TBXT-2A-EGFP knock-in reporter line in the BJNhem19 hESC line using CRISPR/Cas9-mediated homology-directed repair. Accurate integration of the reporter cassette was confirmed by DNA sequencing and validated by the comparison of EGFP expression to endogenous TBXT gene expression following directed mesodermal differentiation. This reporter line provides a tractable fluorescence-based platform for real-time monitoring of mesodermal commitment, which will help in high-content screening of differentiation protocols."
"pubmed","42748215","10.1126/scitranslmed.aef2648","A rapid CRISPR-based nanodroplet assay enables direct clinical identification of mycobacteria species.","Gou, Hongquan; Chen, Long; Eick, Kelly L; Bao, Duran; Miner, Taryn A; Tran, Duy; Gan, Mingyu; Zheng, Wenshu; Wang, Shu; Wu, Zhiyuan; Huang, Zhen; Dial, Courtney N; Seo, Seungyeon; Mollin, Sheila; Miller, Melissa B; Zelazny, Adrian Marcelo; Lyon, Christopher J; Fan, Jia; Wu, Xiaocui; Yu, Fangyou; Zhu, Xiaoli; Liu, Qingyun; Ning, Bo; Hu, Tony","Science translational medicine","2026-09-16","https://pubmed.ncbi.nlm.nih.gov/42748215/","The global incidence and mortality of nontuberculous mycobacterial infections have risen sharply with population aging. In some regions, they are now surpassing Mycobacterium tuberculosis complex infections, imposing a substantial clinical and economic burden. Because nontuberous mycobacteria exhibit species-level heterogeneity and require prolonged culture for identification, their diagnosis remains slow and is frequently inaccurate. Here, we describe a multiplexed clustered regularly interspaced short palindromic repeats (CRISPR)-assisted nanodroplet differential identification (CANDI) diagnostic platform that integrates species-agnostic target amplification with species-specific CRISPR-associated protein 12a (Cas12a) detection in fluorescence-barcoded nanodroplets. By spatially compartmentalizing CRISPR reactions into color-encoded nanodroplets, CANDI overcomes the multiplexing limitations of conventional CRISPR diagnostics and enables simultaneous interrogation of multiple mycobacterial targets in a single assay. We designed a 16-plex panel that distinguishes 15 clinically relevant Mycobacterium species and subspecies. CANDI achieved high analytical sensitivity and accurate discrimination in samples containing coinfections with multiple species or subspecies. When applied to 230 clinical specimens, including sputum, tracheal aspirates, and other respiratory fluids, CANDI delivered subspecies-level results within 3.5 hours, achieving 97.08% sensitivity and 99.7% specificity relative to culture-based identification. By combining multiplexed, high-specificity CRISPR detection with scalable droplet-based engineering, CANDI has the potential to overcome the culture dependency of current diagnostics and enable species- and subspecies-level identification across the genetically complex Mycobacterium genus, offering a clinically adaptable framework for rapid, precision diagnosis of mycobacterial infections."
"pubmed","42747990","10.1093/genetics/iyag245","Screening for dual sgRNAs with comparable indel efficiencies enhances CRISPR-mediated large-fragment deletion.","Zu, Yao; Wang, Hongjie; Han, Xuemei; Wu, Xiuzhi; Chen, Liangbiao","Genetics","2026-09-16","https://pubmed.ncbi.nlm.nih.gov/42747990/","CRISPR-mediated large-fragment deletion provides a powerful approach for gene clusters, noncoding regions and structural variants, but its broader application is limited by low and variable deletion efficiency. Here, we systematically designed and evaluated 78 sgRNAs targeting nine representative gene clusters (ttn.1-ttn.2 cluster, 7 hox clusters and nppb-nppa cluster), containing 31 large fragments (5 kb-340 kb) to investigate the determinants of deletion efficiency. We found two key rules for achieving high deletion efficiency: (i) using dual sgRNAs with similar indel efficiencies, and (ii) applying a single sgRNA pair rather than multiple sgRNAs. Based on those rules, a 340 kb deletion is detected in the progenies of 95% of founders. Whereas the deletion size showed no significant linear correlation with deletion efficiency within the tested range. Implementing these rules resulted in an average of 70% of founders transmitting deletions across all tested sgRNA pairs. Therefore, screening sgRNAs can effectively enhance CRISPR utility in deletions, thereby facilitating the application of genomic manipulation in vertebrates and other species."
"pubmed","42747956","10.1016/j.xpro.2026.104837","Protocol for robust gene knockout and reliable validation in human cell lines using quad-guide RNA vectors.","Tobin, Michael; Dai, Jie; Chan, Li-Chuan; Guo, Weiwei","STAR protocols","2026-09-16","https://pubmed.ncbi.nlm.nih.gov/42747956/","CRISPR-Cas9 is a powerful tool for editing genomic loci, however achieving high knockout efficiency at certain targets remains challenging. Here, we present a protocol for gene knockout using an all-in-one, quad-guide RNA-expressing vector. We describe steps for plasmid construction, virus preparation, transduction, and subsequent gene editing and functional validation within DLD-1 colorectal adenocarcinoma cells. This strategy provides an efficient workflow for gene knockout that is rapidly confirmed through PCR amplification of mRNA derived from the targeted gene loci."
"pubmed","42747903","10.1042/CS20250850","Histone demethylase Kdm2a aggravates pressure overload-induced myocardial fibrosis through global and locus-specific H3K36me2 chromatin remodeling.","Wu, Lianpin; Chen, Jiaqi; Wang, Yizhe; Jin, Maoxiang; Zhou, Puyu; Liu, Xing; Zheng, Qiang; Huang, Jinxiang; Wu, Shujie; Ren, Fangfang; Zheng, Peng; Zhang, Xinming; Li, Lei","Clinical science (London, England : 1979)","2026-09-16","https://pubmed.ncbi.nlm.nih.gov/42747903/","Subclinical hypertensive heart disease (SHHD) is a precursor to heart failure and ultimately progresses to impaired left ventricular systolic function, which is characterized by myocardial hypertrophy leading to compromised contractility and by myofibroblast proliferation and activation leading to decreased myocardial compliance. However, the epigenetic mechanisms that coordinate fibroblast-mediated fibrosis during pressure overload remain incompletely understood. Here, we identified the histone demethylase Kdm2a as an important regulator of cardiac remodeling in a mouse transverse aortic constriction (TAC) model. Kdm2a was upregulated and enriched in activated cardiac fibroblasts during TAC-induced remodeling. Fibroblast-enriched Kdm2a knockdown improved cardiac function, reduced myocardial hypertrophy, and markedly attenuated interstitial and perivascular fibrosis in TAC hearts. In cultured primary cardiac fibroblasts, profibrotic stimulation increased Kdm2a expression, whereas CRISPR-mediated Kdm2a knockout suppressed fibroblast activation, collagen production, and extracellular matrix deposition. Conversely, Kdm2a overexpression enhanced profibrotic responses. RNA sequencing and network analyses further showed that Kdm2a modulates extracellular matrix-associated pathways and remodeling-related gene programs. Mechanistically, Kdm2a modulation was associated with both global and locus-specific remodeling of H3K36me2. Kdm2a upregulation was accompanied by altered bulk H3K36me2 levels, while CUT&RUN-qPCR demonstrated locus-specific changes in H3K36me2 enrichment at remodeling-associated genes, including Col1a1, Col4a1, and Cdkn2b/p15. These findings suggest that Kdm2a reshapes the H3K36me2 chromatin landscape in a context- and locus-dependent manner to promote fibroblast activation and extracellular matrix remodeling and identify Kdm2a as an epigenetic driver of fibroblast-mediated cardiac remodeling and a potential therapeutic target for sustained pressure overload-induced heart failure."
"pubmed","42747782","10.1007/s12010-026-05939-9","Multi-gene Regulation Based on Metabolites Analysis Reduces Nucleus Degradation and By-product Accumulation During Phytosterols Conversion to 9-Hydroxyandrost-4-ene-3,17-Dione.","Ma, Siyuan; Guo, Zuran; Xu, Lvqing; Wang, Xuedong","Applied biochemistry and biotechnology","2026-09-16","https://pubmed.ncbi.nlm.nih.gov/42747782/","Mycobacterium neoaurum HK86W is capable of converting phytosterols into the steroidal pharmaceutical intermediate 9-hydroxyandrost-4-ene-3,17-dione (9-OH-AD). In this study, systematic biotransformation product profiling during sterol transformation revealed that degradation of the steroidal nucleus and accumulation of multiple by-products are key factors limiting the industrial application of this process. Knockout of two newly identified 3-ketosteroid-Delta(1)-dehydrogenase genes (kstD4 and kstD5) effectively reduced degradation of the steroid nucleus caused by Delta(1)-dehydrogenation. Meanwhile, the mechanisms underlying the generation of various major by-products were clearly elucidated. Through genetic modifications involving deletion of salA and overexpression of kshA, hsd4A, and hsd4B, a mutant strain HK86-V was successfully constructed to reduce by-product formation. In a 50 g/L phytosterol transformation system, the engineered strain significantly increased 9-OH-AD production from 21.97 g/L to 29.47 g/L, with a molar yield of 80.34%. Furthermore, by reducing the reaction rate and supplementing glucose as an auxiliary carbon source, the yield of 9-OH-AD was further enhanced to 32.14 g/L and the molar yield increased to 87.62% under optimized transformation conditions."
"pubmed","42747567","10.1007/s00253-026-14030-6","An inducer-independent, single-plasmid CRISPR-Cas9 system for genome editing in Bacillus species.","Hilkmann, Maximilian; Welsch, Norma; Felle, Max Fabian; Schweder, Thomas; Appelbaum, Mathis","Applied microbiology and biotechnology","2026-09-16","https://pubmed.ncbi.nlm.nih.gov/42747567/","Advances in molecular biology tools are essential for streamlining and accelerating genetic engineering of cells across industrial and academic applications. While CRISPR-Cas improves genome editing efficiency, current systems have limitations and are often host specific, which restricts their versatility. This study describes a versatile CRISPR-Cas9 system for genome editing in industrially relevant Bacillus species. By adapting the well-established pJOE8999 vector-based CRISPR-Cas9 genome editing system, we constructed an inducer-independent, broad-host-range genome editing system. It maintains the benefits of low toxicity to the target cell and the cloning host as well as the ease to use of a single-plasmid CRISPR-Cas9 system. We utilized the constitutive Sigma70-type promoter from the conserved veg gene of Bacillus, to develop and test the suitability of promoter variants of different strengths for Cas9 expression. Successful gene deletions in three different Bacillus species demonstrated the versatility of the modified system for this industrially important genus. This was further confirmed by the integration of a reporter gene fusion and the introduction of a single point mutation in the genome of Bacillus licheniformis. This one-step CRISPR-based transformation protocol developed in this study enables fast genome editing workflows with minimal hands-on time. KEY POINTS: * Editing and screening of promoter variants for balanced Cas9 expression in Bacillus. * Development of a versatile inducer-independent, single-plasmid CRISPR-Cas-based system. * Verification of the modified CRISPR-based system for genome editing in different Bacilli."
"pubmed","42747551","10.1007/s11011-026-01968-9","CRISPR-Enabled functional genomics in hPSCs-derived neural models for autism spectrum disorder.","Gopukumar, S T; Saha, Madhumita; Soni, Tanveen Kaur; Alatwi, Eid Semer; Khan, Gazala Afreen; Asad, Mohammad Rehan; Shamshad, Samer; Tadakod, Sunil; Sharma, Alok; Das, Uddalak","Metabolic brain disease","2026-09-16","https://pubmed.ncbi.nlm.nih.gov/42747551/","Autism Spectrum Disorder (ASD) is a genetically heterogeneous neurodevelopmental condition in which hundreds of individually rare risk variants converge on a small number of shared biological pathways, including synaptic scaffolding, chromatin remodeling, excitation-inhibition balance, and cellular energy metabolism. Translating this genetic heterogeneity into mechanistic insight requires experimental systems capable of interrogating individual gene functions in human-relevant neural contexts at scale. CRISPR-enabled functional genomics in human pluripotent stem cell (hPSC)-derived neural models, spanning neural progenitors, cortical and inhibitory neurons, astrocytes, microglia, and brain organoids, provides precisely this capability. By integrating pooled perturbation screens with multimodal readouts including single-cell and spatial transcriptomics, chromatin accessibility profiling, proximity labeling proteomics, multi-electrode array electrophysiology, and metabolic flux analysis, these platforms enable systematic, causal mapping of ASD gene function at system resolution. Early applications have already revealed convergent mechanisms: BAF complex disruption expands the ventral progenitor pool and biases its fate toward oligodendrocyte and interneuron lineages; ADNP loss impairs microglial synaptic pruning through altered endocytic trafficking; and mTOR pathway dysregulation in PTEN- and TSC2-perturbed models links genetic risk directly to metabolic and mitochondrial dysfunction. Computational frameworks including MIMOSCA and SCEPTRE enable causal network reconstruction and pseudotime inference from these datasets, moving the field from gene lists toward pathway-level models of ASD pathobiology. Translational applications leverage isogenic iPSC panels and variant-level base and prime editing to stratify ASD variants by functional impact, informing gene therapy design for haploinsufficient targets such as CHD8 and SCN2A via AAV or antisense oligonucleotide delivery. Remaining challenges, including model developmental immaturity, batch variability, and the difficulty of modeling polygenic risk, are addressed by a roadmap integrating spatial perturbomics, AI-driven causal inference, and population-scale standardized biobanks. This review synthesizes the current state of CRISPR-based functional genomics in human stem cell neural models as a coherent experimental framework for converting ASD genetic associations into mechanistic understanding and therapeutic opportunity."
"pubmed","42747042","10.3791/72709","Generation of Genetically Engineered Embryos Using Gene Editing and Somatic Cell Nuclear Transfer for Production of Sheep Models of Human Disease.","Stoker, Carson; Mustafa, Yasmin; Liu, Ying; Patrick, Tayler; Perisse, Iuri Viotti; Polejaeva, Irina A","Journal of visualized experiments : JoVE","2026-09-16","https://pubmed.ncbi.nlm.nih.gov/42747042/","Large animal models are valuable tools for investigating human disease. Sheep, pigs, and goats often better recapitulate the anatomy and physiology of human organs and the complexity of human disease, thereby enhancing their clinical relevance compared to rodents. CRISPR-Cas9 and somatic cell nuclear transfer (SCNT) enable the generation of large animal models with greater precision, versatility, and genetic uniformity. The primary benefit of this approach, compared with zygote microinjection, is the ability to confirm in vitro whether the desired genetic modification and potential off-target mutations are present in gene-edited cells prior to animal production. Moreover, SCNT eliminates the chance of genetic mosaicism, which frequently results from zygote microinjection. Here, we describe the generation of gene-edited ovine cells through non-homologous end-joining (NHEJ) and homology-directed repair (HDR), followed by the production of cloned embryos carrying the mutations of interest. Genetic modifications are introduced by transfecting cultured somatic cells, typically fetal fibroblasts, with the CRISPR-Cas9 system. Mutation efficiency in pooled cells is assessed by polymerase chain reaction (PCR) and Sanger sequencing of edited genes and analyzed using Tracking of Indels by DEcomposition (TIDE)/Tracking of Insertions, Deletions, and Recombination events (TIDER) software. Limiting dilution of the pooled cells is performed to obtain single-cell-derived colonies, which are screened by PCR and DNA sequencing of edited genes. Donor cells with the edit(s) of interest are subsequently expanded and used for the generation of embryos by SCNT. After limiting dilution and cell screening, 22/114 (19.3%) of colonies modified through NHEJ contained knockout (KO) mutations and 4/56 (7.1%) of colonies modified with HDR contained the F508del mutation. A total of 370 genetically modified embryos were created from four colonies. These methods are successfully used for precise gene editing in fetal fibroblasts and generation of genetically engineered embryos to produce ovine models of human disease."
"pubmed","42746646","10.1016/j.celbio.2026.100535","Genomic Deletion of P-Glycoprotein from Gliomas Via the Focused Ultrasound-Delivery of a Duplex CRISPR Cas9 Ribonucleoprotein System.","Debski, Anna C; Gorick, Catherine M; Breza, Victoria R; Song, Ji; Price, Richard J","Cell biomaterials","2026-09-16","https://pubmed.ncbi.nlm.nih.gov/42746646/","P-glycoprotein (P-gp), an efflux transporter expressed in endothelium and tumor cells, restricts drug delivery to gliomas. To address this, we engineered a CRISPR Cas9 ribonucleoprotein (RNP) system that targets indels to exons 4 and 10 of the gene encoding for P-gp. Convection-enhanced delivery of this duplexed RNP system to murine gliomas inhibited efflux function in tumor cells and endothelium and improved tumor response to paclitaxel, a P-gp substrate. We then encapsulated RNPs in a lipid nanoparticle (LNP) formulation that naturally traffics to the lungs, an organ devoid of P-gp expression, and delivered them to murine gliomas with focused ultrasound (FUS). FUS-targeted LNP-RNP delivery to gliomas inhibited efflux function in tumor cells and endothelium and enhanced paclitaxel therapy. Our results conceptually illustrate a strategy wherein LNP-encapsulated CRISPR Cas9 cargo in the bloodstream is targeted to the brain with FUS, while off-target LNPs are biochemically trafficked to an innocuous sink organ."
"pubmed","42746222","10.3389/fcell.2026.1879681","Target, silence, replace: a review on RNA-based drugs in modern medicine.","Mundlia, Poonam; Singh, Suraj Pratap; Pothal, Pritiman; Thakur, Tanya; Kathuria, Reema; Maurya, Sudhanshu; Sharma, Akanksha; Goel, Honey; Pandey, Ankur; Ranawat, Pavitra; Singh, Gurpal; Barnwal, Ravi Pratap","Frontiers in cell and developmental biology","2026-09-16","https://pubmed.ncbi.nlm.nih.gov/42746222/","RNA therapies have evolved into a revolutionary approach in contemporary medicine for treating various diseases by directly targeting RNA molecules engaged in disease pathogenesis. These therapeutic agents regulate biological processes through diverse mechanisms, including modulation of RNA function and gene expression. Medical applications of RNA are greatly enhanced by its structure, adaptability, and capacity for targeted binding. Among these traits is its ability to bind to certain molecules unique to those chemicals. RNA-based treatments have emerged from advancements in the production, modification, and cellular transport of RNA molecules. Several RNA drugs have been approved whereas some are under trial for few diseases. RNA therapeutics can function at the level of RNAs, DNAs and proteins. The evolution of mRNA vaccines during the COVID-19 epidemic emphasizes the exciting potential of RNA therapies in the treatment of diseases. This article provides a comprehensive overview of the several forms of RNA therapies, including small-interfering RNA (siRNA), messenger RNA (mRNA), and antisense-oligonucleotides (ASOs), together with information on their action mechanisms and delivery strategies that improve cellular absorption and shield RNA molecules from degradation. Further, CRISPR-based editing of the genome can be employed for modification of target RNA sequences for various disorders. Development of RNA aptamers have also been identified as pivotal RNA-therapeutic candidate. Additionally, we have explained mechanistic details and examples of drugs approved for RNA therapy. Emphasizing their potential to enhance patient outcomes and fulfil unmet medical requirements, we also highlight the clinical development of RNA therapies in treating cancer and other infectious diseases."
"pubmed","42746213","10.1155/ijfo/5035164","Genomic Insights Into Multidrug-Resistant Foodborne Serratia liquefaciens Strains Carrying mcr-9 and Comparative Genomic Analysis of Novel Biosynthetic Gene Clusters.","Xedzro, Christian; Shimamoto, Toshi; Ahmed, Ashraf M; Yu, Liansheng; Sugawara, Yo; Sugai, Motoyuki; Shimamoto, Tadashi","International journal of food science","2026-09-16","https://pubmed.ncbi.nlm.nih.gov/42746213/","Serratia liquefaciens is an opportunistic nosocomial pathogen with a wide range of antibiotic resistance patterns. This study reports the characterization of the first mcr-9-positive S. liquefaciens strains, 35E-19E1 and CST-066, isolated from meat products in Japan. The strains were screened for the presence of beta-lactamases, plasmid-mediated mobile colistin resistance (mcr) genes, and carbapenemase-encoding genes using PCR. Antimicrobial susceptibility was tested using the broth microdilution method. The strains exhibited multidrug resistance (MDR) phenotypes to third-generation cephalosporins, cephamycin, fosfomycin, and other clinically important antimicrobials. Genomic DNA sequencing showed that the genome sizes of CST-066 and 35E-19E1 are 5,529,704 and 5,261,506 bps, respectively. mcr-9 was identified on a chromosome within a genetic environment that included the two-component system qseBC, which plays a key role in the signaling network that triggers colistin resistance in Enterobacterales. Downstream genome analysis revealed a 1695-bp eptB-like kdo2-lipid phosphoethanolamine transferase, which is involved in intrinsic polymyxin resistance mechanisms in Serratia spp. The strain 35E-19E1 carries five CRISPR-Cas enzymes that are essential for adaptive immunity in bacteria, allowing defense against invading elements. Functional analysis using subsystem technology revealed that both strains possess subsystem features responsible for invasion and adhesion within the host biomes. Genome mining using antiSMASH and BAGL4 revealed various biosynthetic gene clusters, responsible for secondary metabolite synthesis. Notably, we identified novel gene clusters, mainly nonribosomal peptide synthetases, in both the strains, indicating their potential to produce bioactive compounds. Although the presence of mcr-9 in Serratia may not be of clinical significance because of natural resistance of the strain to polymyxins, we shed light on the genomic characteristics of this MDR pathogen and the potential spread of mcr-9 among other bacterial species. The emergence of mcr-9 in drug-resistant S. liquefaciens provides significant insights, underscoring the need for increased surveillance of this pathogen."
"pubmed","42746037","10.3389/fmicb.2026.1865788","Quorum sensing gene abaI enhancing capsule production and pathogenicity of Acinetobacter baumannii.","Qiu, Zhilang; Zheng, Yu; Yuan, Kexin; Zhao, Peiling; Wu, Guanfeng; Zeng, Yang; Cao, Huijun; Zhao, Xuejun; Hong, Liang; Guo, Guo; Mo, Fei; Wang, Yuping; Peng, Jian","Frontiers in microbiology","2026-09-16","https://pubmed.ncbi.nlm.nih.gov/42746037/","INTRODUCTION: Acinetobacter baumannii (A. baumannii) is a Gram-negative coccobacillus that can cause a variety of infectious diseases. The Quorum Sensing (QS) system is a widespread mechanism regulating group behavior in bacteria, playing a crucial role in the virulence regulation of several Gram-negative pathogenic bacteria. The aim of this study was to investigate the effects of the A. baumannii quorum sensing system on capsule production and pathogenicity. METHODS: In this work, a clinical carbapenem-resistant A. baumannii with mucoid colonies (CRAB110) was used to construct an abaI knockout strain (CRAB110DeltaabaI) using CRISPR/Cas9 system. Afterwards, changes in capsule production, bacterial virulence, and host immune responses were evaluated by assessing bacterial phenotypes, physiology, gene expression, and effects on the host. RESULTS: The results showed that CRAB110DeltaabaI significantly affected capsule production, virulence, and immunity compared with CRAB110. Mice infected with CRAB110DeltaabaI exhibited a reduction in inflammation compared to those infected with CRAB110. A comparison of the transcriptomes of CRAB110 and CRAB110DeltaabaI identified differentially expressed genes related to polysaccharide synthesis (wza, wzb, wzc), galactose metabolism (GalM), ABC transport, and amino acid metabolism. Mouse lung transcriptomic and cellular Western blot data indicated that quorum sensing (QS) exerts its pro-inflammatory effect through Acinetobacter baumannii by influencing the IL-17 and NF-kappaB pathways. CONCLUSION: This study suggests that the abaI gene boosts capsule production and pathogenicity of A. baumannii, providing new insights for clinical management of drug-resistant A. baumannii diseases and a foundation for new antimicrobial drugs."
"pubmed","42745954","10.1093/nargab/lqag111","Customizable host and viral transcript enrichment using CRISPR-Cas9 long-read sequencing for characterization of low-to-moderate abundance isoforms.","Nguyen, An N T; Zhang, Jianshu; Zhang, Shuxin; Pitt, Miranda E; Ganesamoorthy, Devika; Fritzlar, Svenja; Chang, Jessie J-Y; Londrigan, Sarah L; Coin, Lachlan J M","NAR genomics and bioinformatics","2026-09-16","https://pubmed.ncbi.nlm.nih.gov/42745954/","One of the main challenges of whole transcriptome sequencing is the difficulty in detecting and quantifying low-to-moderate abundance transcripts. Methods that address this are either complicated to scale or customize; long-range PCR is problematic to scale, and probe hybridization panels are expensive to customize. In this study, we developed an RNA-guided CRISPR-Cas9 nuclease-based enrichment strategy combined with long-read sequencing, which achieved up to 60-fold enrichment of the target. Our findings demonstrate that the CRISPR-Cas system is a highly effective method for customizable long-read sequencing of target transcripts, which preserves estimation of relative abundance."
"pubmed","42745890","10.3389/fcell.2026.1919659","PAFAH1B1 governs follicular development by modulating the protein complex of CCNE1-CDK2-CDK1 to induce cell cycle arrest.","He, Yingting; Zhou, Yinqi; Wang, Ruiqi; Liao, Weili; Li, Nian; Li, Jiaqi; Sun, Zewen; Zhao, Jianguo; Yuan, Xiaolong","Frontiers in cell and developmental biology","2026-09-16","https://pubmed.ncbi.nlm.nih.gov/42745890/","BACKGROUND: Ovarian follicle development plays a crucial role in mammalian fertility, which is primarily regulated by granulosa cell (GC) proliferation and cell cycle. Cell cycle dysregulation collectively might drive follicular atresia through GC dysfunction. However, the underlying molecular mechanisms remain largely unexplored. METHODS: The scRNA-seq and integrative analysis revealed that PAFAH1B1 was involved in cell cycle. Functional assays, including overexpression/knockdown, flow cytometry, EdU, HE, and TUNEL, confirmed that PAFAH1B1 regulated cell cycle and follicular development in vitro and in vivo. CoIP showed that PAFAH1B1 bound CCNE1-CDK2-CDK1 to arrest G2/M phase. Chromatin accessibility and CRISPR/dCas9-TET1 demonstrated that DNA methylation modulated PAFAH1B1 transcription. RESULTS: A novel regulator of cell cycle, PAFAH1B1, was identified in Pig Genotype-Tissue Expression (PigGTEx). During GC proliferation, we found that PAFAH1B1 transcription was correlated with the distribution rate of G1 phase in GCs. PAFAH1B1 protein was confirmed to specifically bind to CCNE1-CDK2-CDK1 to arrest G2/M phase. Notably, PAFAH1B1 appeared to hinder the development of follicles. Furthermore, the demethylation significantly promoted the transcription activity and chromatin accessibility of CpG island (-7 bp to +170 bp) of PAFAH1B1. Taken together, PAFAH1B1 physically interacted with the CCNE1-CDK2-CDK1 complex to arrest G2/M phase and inhibit the GCs proliferation and follicular development. Additionally, demethylation of CpG island significantly promoted the transcription of PAFAH1B1. CONCLUSION: These findings not only advance understanding of cell proliferation and cycle regulation but also identify PAFAH1B1 as a candidate gene for further investigation in follicular development."
"pubmed","42745764","10.64898/2026.08.04.742562","Loss of riboflavin biosynthesis leads to accumulation of select aromatic amino acids and loss of infectivity in Mycobacterium tuberculosis.","Jaisinghani, Neetika; Arasappan, Arshia; Pradhan, Atul; Kaur, Rimanpreet; Li, Kelin; Aube, Jeffrey; Cross, Justin R; Jesus Faustino Ramos, Ruben J; Hartman, Travis; Previti, Mary L; Vorkas, Charles K; Seeliger, Jessica C","bioRxiv : the preprint server for biology","2026-09-16","https://pubmed.ncbi.nlm.nih.gov/42745764/","Riboflavin biosynthesis is required for in vitro survival of the human pathogen Mycobacterium tuberculosis ( Mtb ). However, despite the lack of a known transporter, growth can be rescued by exogenous riboflavin. The riboflavin biosynthesis pathway is also predicted essential in vivo , but whether riboflavin levels available in the host can support survival has not been directly tested. Here we constructed a set of inducible CRISPR interference (CRISPRi) knockdown and targeted gene deletion strains for known riboflavin biosynthesis genes ( ribA2, ribG, ribH, ribC ) as tools to characterize riboflavin requirements, uptake, and metabolite changes and to assess in vivo essentiality. We found that riboflavin, but not flavin adenine dinucleotide or flavin mononucleotide, rescued auxotrophy for all strains tested. Further, riboflavin uptake did not show strong evidence of being dependent on active or facilitated transport, supporting the mechanism of passive diffusion. Targeted metabolite profiling after removal of riboflavin from growth medium confirmed reduced riboflavin levels. While other riboflavin intermediates were not detected, significant accumulation of aromatic amino acids (Phe, Tyr) was observed across all assayed strains, as well as alteration in a vitamin B9 metabolite. Selecting the ribC knockout as a representative strain, we found that riboflavin depletion had a bacteriostatic effect as late as 3 weeks after removal. Unexpectedly, Delta ribC lacked infectivity in an aerosol mouse infection, suggesting that the potential to scavenge riboflavin from the host is not sufficient to survive in vivo . Overall, our results show that altered metabolism upon loss of riboflavin biosynthesis leads to compromised Mtb infectivity. IMPORTANCE: Tuberculosis remains one of the world's most deadly infectious diseases, underscoring the need to explore new drug targets. Riboflavin (vitamin B2) biosynthesis has emerged as a promising target because Mycobacterium tuberculosis ( Mtb ) depends on this pathway for survival. The riboflavin pathway also produces metabolites that modulate host mucosal-associated invariant T (MAIT) cell activity, towards understanding potential strategies for host-directed therapies. Here we found that disrupting riboflavin biosynthesis led to not only compromised survival, but also widespread changes to metabolism and loss of the ability to establish infection in an animal model. These findings improve our understanding of how Mtb adapts to metabolic stress, with implications for developing drugs that target riboflavin biosynthesis and for alterations in host immunity to be explored in future studies."
"pubmed","42745457","10.1093/ajrcmb/aanag179","Interrogation of functional variants in COPD GWAS loci by massively parallel reporter assays.","Gong, Lu; Guo, Feng; Srinivasan, Divyaa; Qiao, Dandi; Malik, Vidhi; DeCuzzi, Nicholaus; Hegedus, Matthew; Yu, Yuzhen; Anamika, Wardatul Jannat; Mishra, Shreya; Benway, Christopher; Liu, Jiangyuan; Duan, Junyi; Zhou, Yihan; Hu, Ming; Cho, Michael H; Silverman, Edwin K; Zhou, Anny Xiaobo","American journal of respiratory cell and molecular biology","2026-09-16","https://pubmed.ncbi.nlm.nih.gov/42745457/","RATIONALE: Genome-wide association study (GWAS) loci often contain many linked variants, making it difficult to determine which variant is functionally relevant. Massively parallel reporter assays (MPRA) allow experimental testing of candidate variants to identify those with regulatory activity. Prior chronic obstructive pulmonary disease (COPD) MPRA studies have largely focused on individual loci, whereas broader multi-locus, multi-cell-type interrogation remains limited. OBJECTIVES: We aim to identify functional variants in five COPD GWAS loci across three lung-relevant cell types. METHODS: We screened 1120 variants using MPRA in epithelial (16HBE), fibroblast (MRC5), and endothelial (HUVEC) cells followed by reporter assay validation. Public Hi-C, ChIP-seq and ATAC-seq datasets were analyzed to evaluate chromatin context near candidate variants. We further performed CRISPR interference (CRISPRi) targeting variant-containing regions and measured gene expression by RT-qPCR in primary normal human bronchial epithelial (NHBE) cells using two gRNAs per variant. Co-immunoprecipitation was performed to test interaction between selected candidate genes. MEASUREMENTS AND MAIN RESULTS: In MPRA, we identified 25 variants with allele-specific effects ( approximately 2% of tested variants). Enrichment of H3K27Ac and open chromatin near rs35421223 was detected in 16HBE cells. CRISPRi identified two SNP-gene pairs, RUVBL1 and RAB7A regulated by rs35421223 in both the 16HBE cell line and primary NHBE cells. We detected interaction between RUVBL1 and the known COPD gene product FAM13A. CONCLUSIONS: Screening COPD loci across three cell types identified functional regulatory variants and linked them to candidate target genes for future mechanistic studies."
"pubmed","42745070","10.1007/s00284-026-05154-z","Transforming Plant Viruses into Vectors for Next-Generation Agriculture-A Review.","Mehmood, Mirza Abid; Iqbal, Muhammad Mazhar; Yin, Yueyan; Ashfaq, Muhammad; Chen, Suiyun; Shao, Xiaoli; Wang, Jianguang","Current microbiology","2026-09-16","https://pubmed.ncbi.nlm.nih.gov/42745070/","Plant viral vectors have evolved from tools for transient gene expression into a versatile platform for precise genetic intervention, offering a rapid, transgene-free alternative to conventional crop transformation. This review critically assesses their engineering for scalable field application, moving beyond foundational techniques like virus-induced gene silencing (VIGS). We highlight how advanced vector design, including deconstructed genomes and synthetic regulatory circuits enhances cargo capacity, specificity, and biosafety. The integration of viral delivery with CRISPR-Cas systems has unlocked virus-induced genome editing (VIGE), base editing, and prime editing, enabling heritable trait modification without tissue culture. However, the transition from proof-of-concept in model plants to robust field technology hinges on overcoming critical bottlenecks: expanding host range through chimeric vectors, ensuring environmental containment, and developing scalable delivery methods such as nano-formulations or adjusted agroinfiltration protocols. We evaluate these delivery routes and emerging synergies with nanobiotechnology for targeted and efficient applications. While challenges in regulation, public perception, and large-scale production persist, the strategic engineering of viral vectors for stability, specificity, and safety positions them as a transformative, next-generation biotechnological input for achieving sustainable crop improvement and protection under changing climatic conditions."
"pubmed","42745044","10.1038/d41586-026-02848-z","CRISPR crops are coming to Europe - why bolder would be better.","De Storme, Nico","Nature","2026-09-16","https://pubmed.ncbi.nlm.nih.gov/42745044/",""
"pubmed","42744980","10.1038/s41564-026-02475-4","Histone H2B monoubiquitination drives sexual commitment in malaria parasites.","Jiao, Zhiwei; Lin, Lirong; Tang, Ruoyu; Zhong, Chuan-Qi; Wu, Chengyi; Li, Weiqi; Xu, Ruixue; Gao, Yaqi; He, Pan; Wang, Changhong; Zhang, Qiong-Qiong; Liu, Shengfa; Yuan, Jing; Zhang, Qingfeng; Li, Jian","Nature microbiology","2026-09-16","https://pubmed.ncbi.nlm.nih.gov/42744980/","Transmission of malaria parasites to mosquito vectors relies on the successful conversion from asexual blood-stage forms into sexual gametocytes. Protein ubiquitination regulates many cellular processes, including cell differentiation in other eukaryotes, but whether specific ubiquitination machinery mediates Plasmodium sexual conversion is unclear. Here we conduct CRISPR-Cas9 mutagenesis screens to systematically profile Plasmodium yoelii E2 ubiquitin-conjugating enzymes for their impact on parasite development. We demonstrate that an E2 enzyme (Rad6B), and its partner RING-type E3 ligase (Tex1), play determinant roles in gametocytogenesis and transmission to mosquitoes. Deletion of either Rad6B or Tex1 results in severe defects in gametocyte production and oocyst formation. The Rad6B-Tex1 complex catalyses histone H2B monoubiquitination in Plasmodium yoelii and Plasmodium falciparum. H2B monoubiquitination promotes H3K4 tri-methylation occupancy at the promoter region of the gene encoding transcription factor AP2-G, a master regulator of sexual conversion, thereby inducing ap2-g expression and initiating sexual commitment. These findings reveal a key epigenetic mechanism leading to sexual differentiation in both human and rodent malaria parasites, providing potential targets for transmission-blocking interventions."
"pubmed","42744910","10.1038/s42255-026-01616-7","Cysteine excess triggers a mitochondrial iron-dependent cell death.","Nakamura, Toshitaka; Inoki, Ayaka; Das, Nupur K; Chen, Brandon; Khan, Artem; Liu, Yuyang; Uygur, Beste; Yen, Frederick S; Unlu, Gokhan; Shah, Yatrik M; Birsoy, Kivanc","Nature metabolism","2026-09-16","https://pubmed.ncbi.nlm.nih.gov/42744910/","Thiol-containing metabolites are central to cellular redox homeostasis(1). Among these, cysteine functions as a proteogenic amino acid, supports redox balance and iron-sulfur cluster biogenesis, and, when depleted, triggers ferroptosis(2). Cells nevertheless maintain cysteine at low levels, reflecting its intrinsic toxicity, but the mechanisms by which excess cysteine causes cell death remain unclear(3). Here we performed a genome-wide CRISPR screen and identified mitochondrial iron transporters as essential mediators of cysteine toxicity. Limiting mitochondrial iron availability suppresses cysteine-induced cell death and prevents impairment of iron-sulfur cluster proteins and respiration. Mechanistically, cysteine mobilizes iron from ferritin, expands the cytosolic iron pool and drives mitochondrial iron accumulation. Enhancing glutathione reductase activity specifically within mitochondria restores redox balance downstream of iron accumulation and protects cells by maintaining iron-sulfur cluster integrity. Our findings suggest that maintaining low cysteine levels safeguards mitochondrial iron homeostasis, and that excess cysteine triggers a distinct mitochondrial iron-dependent cell death under conditions of thiol imbalance."
"pubmed","42744704","10.1016/j.bios.2026.119211","Corrigendum to ""Digital droplet microfluidics integrating DNA walkers and CRISPR-Cas13a for simultaneous surface protein and miRNA profiling in single exosomes"" [Biosens. Bioelectr. 310, (2026), 118854].","Xiao, Shu; Song, Jialei; Chen, Haitian; Yin, Wen; Yan, Xijing; Hu, Kunpeng; Shi, Jingyu; Yang, Mo","Biosensors & bioelectronics","2026-09-15","https://pubmed.ncbi.nlm.nih.gov/42744704/",""
"pubmed","42744681","10.1016/j.tibtech.2026.08.014","Cross-target and cell-preferential CRISPR-Cas9 inhibition with carbohydrate-tagged oligonucleotides.","Li, Bingzhi; Wang, Shulin; Cao, Min; Ma, Shuyao; Wang, Xin; Yang, Guang; Wu, Jing; Zhang, Xing","Trends in biotechnology","2026-09-15","https://pubmed.ncbi.nlm.nih.gov/42744681/","Precise control of clustered regularly interspaced short palindromic repeats (CRISPR)-CRISPR-associated protein 9 (Cas9) activity is important for limiting off-target effects and chromosomal rearrangements. Existing inhibitors, including anti-CRISPR proteins and spacer-targeting oligonucleotides, can be constrained by immunogenicity, target-sequence dependence, or delivery challenges. Here, we developed single-stranded DNA oligonucleotides that target conserved regions of the Streptococcus pyogenes Cas9 single-guide RNA (sgRNA) scaffold rather than the variable spacer. Screening identified single-stranded DNA 7 (ssDNA7), which targets stem-loop-1 and the adjacent linker and inhibits Cas9 activity across multiple tested spacer sequences and genomic loci without redesigning the inhibitor. Carbohydrate conjugation improved oligonucleotide stability and preferentially enhanced inhibitory activity in selected liver-derived or cancer cell models. Amplicon sequencing confirmed inhibition of endogenous editing in multiple cell models and normal liver-derived organoids, and supported cell-preferential inhibition in matched cell comparisons. These findings establish sgRNA-scaffold targeting as a strategy for cross-target inhibition of Cas9 and show that carbohydrate conjugation can tune its cellular activity."
"pubmed","42744390","10.1136/jitc-2026-015730","LRIG2 suppresses NK cell-induced GSDME-mediated pyroptosis via the LAMP1-STAT3 pathway in glioma.","Hou, Xiaoshuang; Lin, Lan; Zhang, Po; Li, Youwei; Dong, Minhai; Chen, Sui; Oyang, Xiaohu; Wang, Jingbo; Cheng, Fangling; Li, Xiaopeng; Zhao, Min; Mao, Feng; Yu, Xingjiang; Hu, Desheng; Wang, Baofeng; Guo, Dongsheng","Journal for immunotherapy of cancer","2026-09-15","https://pubmed.ncbi.nlm.nih.gov/42744390/","BACKGROUND: Gliomas are resistant to current therapies, and natural killer (NK) cell-based immunotherapy shows limited efficacy. Gasdermin E (GSDME)-mediated pyroptosis contributes to NK-induced tumor killing, but NK cell dysfunction in the glioma microenvironment remains poorly understood. This study investigates whether leucine-rich repeats and immunoglobulin-like domains 2 (LRIG2) enable glioma cells to evade NK-induced pyroptosis and elucidates the underlying mechanism. METHODS: We used in vitro co-culture systems with glioma cell lines (LN229, HS683, FU) and primary NK cells or NK92-MI cells to assess cytotoxicity, pyroptosis (lactate dehydrogenase release, morphology, GSDME cleavage by western blot), and cytokine release (Cytometric Bead Array). In vivo, orthotopic glioma models in C57BL/6 and RAG1-KO mice received intracranial stimulator of interferon genes agonist diABZI. Mechanistic dissection involved biochemical approaches (co-immunoprecipitation-mass spectrometry and membrane protein extraction), cellular imaging (immunofluorescence), and genetic perturbation via CRISPR-mediated knockdown. RESULTS: NK cells induced GSDME-dependent pyroptosis in glioma cells in vitro, but this was impaired in vivo due to suppressed NK cytotoxicity. LRIG2 was highly expressed in gliomas; its overexpression inhibited GSDME cleavage, pyroptosis, and glioma cell death, whereas LRIG2 knockdown enhanced these effects. Mechanistically, soluble LRIG2 shed from glioma cells bound to lysosomal-associated membrane protein 1 (LAMP1) on NK cells, upregulating phosphorylated-signal transducer and activator of transcription (p-STAT3) via Janus kinase 1 (JAK1) and reducing granzyme B and perforin release. Disrupting the LRIG2-LAMP1-STAT3 axis by LRIG2 knockdown or STAT3 knockout restored NK cytotoxicity and GSDME cleavage. Combining LRIG2 knockdown with diABZI significantly enhanced NK granzyme B expression and prolonged mouse survival. CONCLUSIONS: LRIG2 enables glioma immune evasion by suppressing NK-induced GSDME-mediated pyroptosis via the LAMP1-STAT3 pathway. Targeting this axis represents a promising strategy to enhance NK cell-based immunotherapy for gliomas, positioning LRIG2 as a potential biomarker and therapeutic target."
"pubmed","42744302","10.1093/brain/awag311","The longevity gene APOE2 enhances pericyte function and reduces lipid droplets.","Reskiawan A Kadir, Rais; Bons, Joanna; Vega Hormazabal, Genesis; Vadhana Ashok Kumaar, Prasanna; Geronimo-Olvera, Cristian; Tshilenge, Kizito-Tshitoko; Pihan, Philippe; Galicia Aguirre, Carlos; Schneider, Kevin; Roberts, Andrea; Ambrose, Benjamin D; Lerner, Chad; Devanney, Nicholas A; Sandholm, Anja M; Hady, Mikayla; Alderfer, Sydney; Hetz, Claudio; Furman, David; Gerencser, Akos A; Verdin, Eric; Schilling, Birgit; Ellerby, Lisa M","Brain : a journal of neurology","2026-09-15","https://pubmed.ncbi.nlm.nih.gov/42744302/","Pericytes are critical for maintaining blood-brain barrier (BBB) integrity and have emerged as key contributors to Alzheimer's disease (AD) pathogenesis. Although the apolipoprotein E2 (APOE2) allele is associated with reduced AD risk and increased longevity, its impact on pericyte function is unclear. We measured pericyte density in the brains of humanized APOE2, APOE3, and APOE4 knock-in mice and found that APOE2 mice revealed increased pericyte markers and enhanced BBB integrity. To uncover the underlying mechanisms, we used CRISPR/Cas9 editing to generate isogenic human iPSC-derived pericytes carrying APOE2, APOE3, or APOE4 alleles. All lines expressed pericyte markers in an APOE allele-dependent levels. Using a human in vitro BBB model incorporating endothelial cells, astrocytes, and genotype-specific pericytes, we found that APOE2 pericytes provided greater overall cerebral barrier integrity. Further, APOE2 pericytes exhibited increased resistance to senescence and reduced amyloid-beta accumulation. Using unbiased proteomic profiling to understand these cellular phenotypes, we found significant alterations in lipid metabolism-related proteins. Untargeted lipidomic analysis confirmed a genotype-specific lipid signature, observing reduced phospholipids and increased triglycerides in APOE2 pericytes. Interestingly, APOE2 pericytes showed lower lipid droplet (LD) accumulation. Proteomics analysis revealed increased expression of proteins involved in lipid degradation, beta-oxidation, and lipid transport, suggesting more efficient lipid processing. Notably, recombinant APOE2 treatment effectively rescued pericyte function and mitigated LD accumulation in APOE3 and APOE4 pericytes. Collectively, these findings demonstrate that APOE2 expression supports pericyte functionality through increased lipid processing, providing mechanistic insight into the cerebrovascular protective effects of APOE2 in pericytes. These findings could be translated into novel therapies aimed at enhancing pericyte function and lipid metabolism, particularly in individuals at risk for neurodegenerative diseases."
"pubmed","42744140","10.1016/j.mimet.2026.107710","Molecular diagnostics and integrated management challenges of tobacco streak virus: Current status and future perspectives.","Nihaluddin, Shaik; Rengasamy, Kannan; Sivadoss, Siva Ramakrishnan; Rajendran, Lingan; Manivannan, N; Sankareswari, Rengasamy Uma; Kumar, Pavithra Siva","Journal of microbiological methods","2026-09-15","https://pubmed.ncbi.nlm.nih.gov/42744140/","Tobacco streak virus (TSV) is an economically important viral pathogen causing severe yield and quality losses in several agricultural, horticultural and medicinal crops worldwide. Its complex epidemiology involving sap transmission, infected pollen and pollen-feeding thrips, together with symptom similarity to other necrosis-inducing pathogens, frequently results in misdiagnosis and delayed disease management. This review critically evaluates recent advances in TSV diagnostics and integrated disease management strategies. Particular emphasis is placed on the transition from conventional biological and serological assays to advanced molecular diagnostics including reverse transcription polymerase chain reaction (RT-PCR), quantitative real-time PCR, multiplex PCR and emerging isothermal amplification technologies such as recombinase polymerase amplification (RPA) and loop-mediated isothermal amplification (LAMP). The review also highlights emerging innovations including CRISPR/Cas-based diagnostics in addition, integrated management approaches involving phytosanitation, weed reservoir management, vector ecology-based, host resistance breeding, RNA interference (RNAi) and genome editing technologies are critically analysed. Major challenges including inadequate field validation, limited multiplex capability, poor assay standardization and scarcity of resistant cultivars are discussed. Future objectives to develop quick, field-adaptable and durable TSV detection and management methods are additionally discussed."
"pubmed","42743387","10.1093/plphys/kiag686","OsMYBR17 enhances thermotolerance in rice by activating OsLEA4 and reinforcing antioxidant defense.","Zhao, He; Jiang, Yaohuang; Ruan, Banpu; Zheng, Wenjing; Chen, Fei; Wu, Limin; Wei, Jian; Ma, Dianrong; Yu, Yanchun","Plant physiology","2026-09-15","https://pubmed.ncbi.nlm.nih.gov/42743387/","Heat stress (HS) severely threatens rice (Oryza sativa) growth, development and yield formation; elucidating regulatory mechanisms underlying rice thermotolerance is essential. Here, we dissected the role of OsMYBR17, a previously uncharacterized R2R3-MYB transcription factor, in the heat-stress responses of rice using gain- and loss-of-function approaches combined with DNA affinity purification sequencing (DAP-seq) and RNA sequencing (RNA-seq). The results indicated that OsMYBR17 was induced by HS. Overexpression of OsMYBR17 markedly enhanced seedling thermotolerance, whereas CRISPR/Cas9-mediated knockout lines exhibited pronounced heat hypersensitivity. OsMYBR17-overexpression plants accumulated less reactive oxygen species (ROS) and exhibited reduced lipid peroxidation, as reflected by lower malondialdehyde (MDA) levels, accompanied by elevated ascorbate peroxidase (APX) activity. Consistently, chloroplast structural integrity and chlorophyll-associated signals were better maintained in overexpression lines under prolonged heat exposure, while opposite trends were observed in knockout mutants. Integrative analysis of DAP-seq and RNA-seq identified multiple heat- and oxidative stress-associated candidate targets regulated by OsMYBR17, among which OsLEA4 emerged as a prominent target. Further analyses demonstrated that OsMYBR17 recognized specific cis-elements in the OsLEA4 promoter and directly activated its transcription. Functional analysis of OsLEA4 gain- and loss-of-function materials, together with genetic analysis in the OsMYBR17-overexpression background, further supported its positive contribution to thermotolerance. Collectively, our findings establish an OsMYBR17-OsLEA4 regulatory module that enhances rice heat tolerance and is associated with improved redox homeostasis and chloroplast stability under HS. This study advances our understanding of the molecular basis of heat-stress tolerance in rice and highlights OsMYBR17 and OsLEA4 as potential targets for developing heat-resilient rice cultivars."
"pubmed","42743281","10.1073/pnas.2600693123","Regulation of immune signal integration and memory by inflammation-induced chromosome conformation.","Daniel, Bence; Chen, Andy Y; Sandor, Katalin; Zhang, Wenxi; Miao, Zhuang; Yost, Kathryn E; Lareau, Caleb A; Chang, Howard Y; Satpathy, Ansuman T","Proceedings of the National Academy of Sciences of the United States of America","2026-09-15","https://pubmed.ncbi.nlm.nih.gov/42743281/","Three-dimensional (3D) genome conformation is central to gene expression regulation, yet our understanding of its contribution to rapid transcriptional responses, signal integration, and memory in immune cells is limited. Here, we study the molecular regulation of the inflammatory response in primary macrophages using integrated transcriptomic, epigenomic, and chromosome conformation data, including base pair-resolution Micro Capture-C. We demonstrate that interleukin-4 (IL-4) primes the inflammatory response in macrophages by stably rewiring 3D genome conformation, juxtaposing endotoxin-, interferon-gamma-, and dexamethasone-responsive enhancers to their cognate gene promoters. CRISPR-based perturbations of enhancer-promoter contacts or CCCTC-binding factor (CTCF) boundary elements show that IL-4-driven conformation changes are required for enhanced and synergistic endotoxin-induced transcriptional responses, as well as transcriptional memory following stimulus removal. Moreover, transcriptional memory mediated by changes in chromosome conformation can occur in the absence of changes in chromatin accessibility or histone modifications. Collectively, these findings demonstrate that rapid and memory transcriptional responses to immunological stimuli are encoded in the 3D genome."
"pubmed","42743210","10.1158/0008-5472.CAN-26-3854","Aging rewires genetic dependencies in antitumor T cells.","Oh, Brian; Amor, Corina","Cancer research","2026-09-15","https://pubmed.ncbi.nlm.nih.gov/42743210/","The aged tumor microenvironment can impair antitumor T cell function, but the molecular regulators that become limiting in this setting remain poorly defined. In a recent issue of Cell, Chen and colleagues harness in vivo CRISPR screening to compare the effects of genetic perturbations in tumor-reactive CD8+ T cells across young and aged hosts. The screen reveals that increased T cell persistence or an effector-like transcriptional state does not necessarily translate into improved tumor control and identifies Dusp5 and Zfp219 as distinct functional regulators. DUSP5 broadly restrains ERK-dependent proliferation, and its loss improves tumor control in both young and aged mice. ZFP219, by contrast, preferentially limits cytotoxicity in aged hosts; its deletion increases granzyme expression and improves tumor control specifically in the aged setting. Human tumor datasets show that ZNF219 expression in intratumoral CD8+ T cells increases with age and is associated with poorer clinical outcomes. Moreover, Zfp219 loss enhances the response to PD-1 blockade in aged mice, producing complete tumor clearance in a subset of animals and durable protection after rechallenge. Together, these findings show that host age can reshape the functional consequences of T cell perturbations and reveal age-dependent genetic vulnerabilities with potential therapeutic relevance."
"pubmed","42743106","10.1371/journal.pbio.3003934","Cyclic tri-adenylate controls a CARF-TM effector in type II Panoptes anti-phage systems.","Gruschow, Sabine; Wotherspoon, Peter; Hilton-Balfe, Emma; Graham, Shirley; White, Malcolm F","PLoS biology","2026-09-15","https://pubmed.ncbi.nlm.nih.gov/42743106/","Cyclic nucleotide second messengers are used in all domains of life to amplify viral infection signals and activate cellular defences. In prokaryotes, CBASS (cyclic nucleotide-based antiphage signalling system) and type III CRISPR-Cas systems generate a range of cyclic nucleotides which bind and allosterically activate effector proteins to mount an anti-viral response. Viruses have evolved counter measures to antagonise these signalling pathways in the form of cyclic nucleotide sponges and phosphodiesterases that sequester or degrade these molecules to subvert immunity. Recently, the Panoptes system was shown to function as a guard against these viral tactics. The type I Panoptes polymerase, mCpol, generates cyclic dinucleotides as decoy molecules that, when sequestered by phage proteins, results in the activation of the membrane-permeabilising effector 2TMbeta to halt the phage infection cycle. Here, we investigate the type II Panoptes system, demonstrating that it generates cyclic tri-adenylate (cA3) to maintain a CRISPR-associated Rossmann fold-transmembrane (CARF-TM) effector in an inactive, dimeric state. When cA3 is sequestered or degraded, the CARF protein undergoes conformational changes. In vivo, the absence of cA3 results in membrane disruption and growth arrest. Type II Panoptes provides defence against phages that express the cA3-degrading enzyme Acb1; phage escapers introduce mutations into the acb1 gene to avoid triggering the Panoptes system. These findings expand our understanding of the guard systems that constitute a fascinating component of the bacterial immune system."
"pubmed","42742929","10.1155/cdr/2729114","Humanized hiPSC Platforms for I/R Injury: Advancing Toward Precision Cardioprotection.","Mi, Mengyan; Chen, Tzu-Yu; Ye, Honghua","Cardiovascular therapeutics","2026-09-15","https://pubmed.ncbi.nlm.nih.gov/42742929/","Myocardial ischemia-reperfusion (I/R) injury remains a major contributor to infarct expansion, adverse remodeling, and heart failure despite timely coronary revascularization. The repeated failure of cardioprotective interventions that were effective in animal models has exposed a persistent translational gap. Human induced pluripotent stem cell-derived cardiomyocytes (hiPSC-CMs) and engineered cardiac platforms preserve donor-specific human genetic backgrounds, provide scalable cell sources, and offer experimentally tractable systems for studying selected mechanisms of I/R injury. Recent advances in electrical, mechanical, metabolic, and endocrine maturation, together with engineered heart tissues (EHTs), cardiac organoids, and perfused heart-on-a-chip platforms, have improved the ability to model cardiomyocyte stress, calcium overload, mitochondrial dysfunction, oxidative injury, and multicellular crosstalk. Single-cell and spatial omics, CRISPR-based perturbation, and artificial intelligence (AI)-assisted high-content phenotyping further enable state-resolved and mechanistically testable analyses of vulnerable cardiac cell populations. In this narrative review, we synthesize recent progress in hiPSC-based myocardial I/R modeling, critically evaluate the strengths and limitations of current platforms, and discuss their use in mechanism-guided drug screening, cardiotoxicity assessment, and patient-specific preclinical modeling. We emphasize that these systems are not yet substitutes for clinical validation or whole-organ physiology. Their current value lies in providing controllable, human-relevant preclinical models that can prioritize mechanisms, identify candidate interventions, and support better-designed translational cardioprotection studies."
"pubmed","42742639","10.1007/s11033-026-12749-z","The application of the CRISPR-Cas system in Pseudomonas aeruginosa infections.","Zhang, Yao; Wang, Yadong; Li, Yuan; Hao, Yuqing; Zheng, Ping; Liu, Fang; Long, Jinzhao; Yang, Haiyan","Molecular biology reports","2026-09-15","https://pubmed.ncbi.nlm.nih.gov/42742639/","Due to the extensive drug resistance of Pseudomonas aeruginosa (P. aeruginosa), it is still a great clinical challenge. The clustered regularly interspaced short palindromic repeats and associated proteins (CRISPR-Cas) system has become a promising strategy against this pathogen. This review critically evaluates the multifaceted applications of CRISPR-Cas technology in P. aeruginosa, including its role in antimicrobial resistance, diagnostics, genome editing, and emerging therapeutic and vaccine strategies. In addition to conducting a comprehensive analysis of various studies, we also compared the performance and limitations of various CRISPR platforms, and discussed the main technologies and transformation obstacles in this field. Finally, we look forward to the direction of applying these experimental tools to clinical research in the future."
"pubmed","42742450","10.1002/pro.70792","A dual gating mechanism controls target-strand cleavage in Cas12j: Implications for engineering efficient nickases.","Karvounis, Ilias G; Daskalakis, Vangelis","Protein science : a publication of the Protein Society","2026-09-15","https://pubmed.ncbi.nlm.nih.gov/42742450/","The rapid expansion of CRISPR technologies has unveiled a diverse repertoire of RNA-guided endonucleases, among them the compact Cas12j, which has emerged as a promising genome-editing tool. Cas12j cleaves the two DNA strands sequentially; however, the molecular mechanism that regulates this cleavage remains incompletely understood. Here, we combine extensive all-atom molecular dynamics simulations with well-tempered metadynamics, totaling approximately 175 mus of cumulative sampling, to investigate how target-strand accessibility to the catalytic site is controlled. Our results are in agreement with previous experimental observations, and furthermore reveal new mechanistic details that are difficult to access experimentally, namely a coordinated dual-barrier mechanism governing target-strand accessibility that can be fine-tuned through targeted mutations in the alpha7-helix and/or the REC2 loop. These findings provide a mechanistic basis for tuning Cas12j activity along the nuclease-to-nickase spectrum, supporting the rational engineering of genome-editing tools with controlled target-strand cleavage kinetics, and offering a path toward applications that bypass dependence on Non-Homologous End Joining (NHEJ) or Homology-Directed Repair (HDR)."
"pubmed","42741946","10.1172/JCI211482","Corrigendum to Genome-wide CRISPR screen identifies a cytokine-enhancer circuit driving HIF-2alpha activation in renal cancer.","Fang, Jun; Simon, Jeremy M; Wang, Tao; Gao, Yunpeng; Bi, Xianju; Hu, Lianxin; Liao, Chengheng; Zhang, Cheng; Adachi, Yayoi; Zhou, Jin; Liu, Hongyi; Liang, Qian; Nathan, James A; Mani, Ram; Brugarolas, James; Zhang, Qing","The Journal of clinical investigation","2026-09-15","https://pubmed.ncbi.nlm.nih.gov/42741946/",""
"pubmed","42741941","10.1172/JCI207530","Reverse genetics in humanized mice reveals CARD8-mediated pyroptosis causing pancytopenia in human DPP9 deficiency.","Xiao, Tianli; Brewer, J Richard; Carlino, Maximillian; Han, Ailin; Takabe, Yamato J; Lee, Chia-Yi; Zhang, Fengrui; Chen, Mi; Blackburn, Holly Nicole; Nassar, Amin H; Wang, Qiankun; Brennand, Kristen; Shan, Liang; Sefik, Esen; Krause, Diane S; Flavell, Richard A","The Journal of clinical investigation","2026-09-15","https://pubmed.ncbi.nlm.nih.gov/42741941/","Loss-of-function mutation in the human gene dipeptidyl peptidase 9 (DPP9) causes Hatipoglu syndrome leading to severe inflammasomopathy. A key feature of the disease is pancytopenia, and patients require bone marrow transplantation, but the mechanism of cell loss is unclear, since Dpp9-mutant mice have normal hematopoiesis, suggesting that a distinct mechanism of disease occurs in humans. Here, we present a model of human DPP9 deficiency leveraging reverse genetics in the MISTRG6 humanized mice. We found that CRISPR editing of human CD34+ hematopoietic stem and progenitor cells (HSPCs) led to very efficient and persistent gene deletion in vivo. Human DPP9 deletion recapitulated cytopenia in peripheral blood and in the bone marrow, and cell loss was cell intrinsic. However, DPP9 deletion led to few transcriptional changes suggesting posttranscriptional regulation in human HSPCs. Mechanistically, DPP9 deficiency led to activation of the CARD8 inflammasome, resulting in HSPC pyroptosis, whereas NLRP1 was dispensable for cell death. Thus, our results reveal a unique human mechanism of disease and offer therapeutic insight for this inflammasomopathy."
"pubmed","42741839","10.1093/nar/gkag900","Type III CRISPR-Cas systems preferentially acquire spacers from early-expressed phage genes in a transcription-dependent manner.","Noble-Molnar, Christopher; Garrett, Sandra C; Catchpole, Ryan J; Johnson, Katie A; Graveley, Brenton R; Terns, Michael P","Nucleic acids research","2026-09-15","https://pubmed.ncbi.nlm.nih.gov/42741839/","CRISPR-Cas immunity depends on acquiring spacers that generate functional CRISPR RNA (crRNA) guides. For most RNA-targeting type III systems, this poses a paradox: spacers are captured from DNA but defense requires RNA interaction, thus the system must infer transcriptional relevance of DNA fragments. We compared spacer acquisition profiles for co-occurring type III (RNA-recognizing) and type II (DNA-recognizing) systems in Streptococcus thermophilus during lytic phage infection. Type III spacer acquisition was highly enriched for early phage genes whereas type II spacers were distributed genome wide. High-throughput spacer sequencing showed that the type III early gene bias arose during adaptation, was independent of interference, and peaked immediately downstream of a conserved early phage promoter. This bias for early phage promoters was also observed in natural type III spacers identified in publicly available S. thermophilus genomes. Cloning this early phage promoter and downstream gene into a plasmid recreated the type III-acquisition hotspot. Mutation to disrupt the promoter eliminated the spacer hotspot, while mutation to disrupt translation enhanced it. Thus, type III-A adaptation preferentially samples DNA associated with the earliest phage transcriptional program, enriching for spacers that generate crRNAs targeting early phage RNA."
"pubmed","42741697","10.1016/j.mtbio.2026.103602","Two-step PEG-based surface functionalization of gold nanoparticles enables specific SERS imaging of EGFR in an ovarian cancer cell model.","Stumpo, Alessandro; Coelho, Ricardo; Lopez, Monica Nunez; Kind, Lucy; De Roo, Jonathan; Jacob, Francis; Saxer, Sina","Materials today. Bio","2026-09-15","https://pubmed.ncbi.nlm.nih.gov/42741697/","Surface-Enhanced Raman Scattering (SERS)-based cancer imaging is of significant interest for histopathological examination, molecular analysis, and intraoperative guidance of tumor tissues due to its sensitive and specific detection of multiple cancer-associated biomarkers and stable signal over time. However, synthesis of SERS nanotags targeting cancer biomarkers is limited by the complexity in achieving a balance between Raman sensitivity, binding specificity, and nanoparticle stability. Here, we established a two-step PEG-based surface modification for 60 nm spherical gold nanoparticles to enable the SERS imaging of various ovarian cancer cell models expressing the epidermal growth factor receptor (EGFR). In contrast to conventional surface modification of gold-based SERS nanotags, our approach enables the simultaneous optimization of Raman activity, colloidal stability, and targeting specificity directly on gold nanoparticles. PEG-conjugated ⍺EGFR antibodies were successfully immobilized on 75.4 +/- 4.6% of nanoparticles, with proof of accessible, active surface binding sites. Surface coverage with carboxyl-terminated poly(ethylene glycol)-1,4 benzenedithiol conjugate provided simultaneous SERS signal and steric stabilization, overcoming limitations associated with insufficient surface coverage of one or more functional groups. Colloidal stability during the two-step surface modification was maintained by the addition of surfactant Tween 80. Finally, SERS imaging demonstrated the specificity of our SERS nanotags toward EGFR-positive ovarian cancer cells (OVCAR5 and OVCAR8). Evaluation of DeltaEGFR-OVCAR8 cells further confirmed that nanoparticle binding is primarily driven by specific antigen-antibody recognition, independent of cell line-specific effects. Overall, this work provides a promising strategy for effective SERS-based imaging of cancer, with potential for future clinical applications."
"pubmed","42741656","10.1093/ismeco/ycag243","Unraveling the diversity, function, and virus-host interactions of archaeal proviruses.","Zhao, Yang; Liu, PengFei; Chen, LinXing; Feng, MeiLing; Wen, Rong; Zhang, ZhiHao; Zhang, XueFeng; Chi, HongFei","ISME communications","2026-09-15","https://pubmed.ncbi.nlm.nih.gov/42741656/","Archaea, the third domain of life, play critical roles in global biogeochemical cycles. However, archaeal proviruses integrated into host genomes remain largely unexplored. To bridge this gap, we conducted a large-scale mining of genomes spanning all presently known 21 archaeal phyla for their proviruses. We identified 770 archaeal proviruses across 12 archaeal phyla and 84 families, which clustered into 655 viral operational taxonomic units (vOTUs). Among these, 86.1% of the vOTUs were novel at the species level, and 69.3% could not be classified at the family level, substantially expanding the known diversity of archaeal viruses. Additionally, phylogenomic analysis supported the proposal of 16 putative novel viral families, further extending the current taxonomy landscape of archaeal viruses. Notably, 21.8% of the identified proviruses were predicted to adopt a lytic lifestyle, suggesting that these proviruses may retain the capacity to enter the lytic cycle under appropriate conditions. Host prediction indicated only 14 out of the 655 vOTUs might have potential across-lineage infection abilities. We detected 63 anti-defense genes encoded by 61 provirus genomes, such as anti-CRISPR and anti-RM, suggesting an ongoing evolutionary arms race between hosts and proviruses. However, only 10 auxiliary metabolic genes (AMGs) were identified, suggesting a limited impact of proviruses in the modulation of host metabolism through AMGs. This study establishes a systematic global genomic atlas of archaeal proviruses, advancing our understanding of their distribution and diversity while providing a foundation for future research into how proviruses regulate archaeal metabolism and ecosystem functioning."
"pubmed","42741383","10.1016/j.isci.2026.117481","Enhanced CRISPR-Cas3-mediated genome editing using circularized crRNAs.","Mikamo, Kouya; Yoshimi, Kazuto; Abe, Naoko; Takeshita, Kohei; Abe, Hiroshi; Mashimo, Tomoji","iScience","2026-09-15","https://pubmed.ncbi.nlm.nih.gov/42741383/","Type I-E CRISPR-Cas3 represents a genome-editing technology in which large deletions averaging several kilobases are introduced in target regions. However, its genome-editing efficiency varies considerably across targets and cell types, making it difficult to achieve consistent results. Here, we investigated the efficacy and stability of circularized CRISPR RNAs (ccrRNAs) to enhance CRISPR-Cas3-mediated genome editing in human cells. Using in vitro single-strand DNA cleavage assays, we demonstrated that ccrRNA induces Cascade complex formation. Significant genome-editing activity targeting the EMX1 and B2M genes was observed in cellular assays using K562 cells. Long-read sequencing identified large-scale deletion mutations at the target loci and no detectable off-target effects using ccrRNA. Furthermore, ccrRNAs exhibited extended intracellular stability compared with that for linear crRNAs, resulting in an enhanced editing efficiency. These results demonstrate that ccrRNAs enable stable, efficient, and highly specific genome editing and support the broader application of the long-range deletion system."
"pubmed","42741178","10.34133/research.1431","Hypoxic Endothelial-Cell-Derived Exosomal lnc-DKK3 Reprograms Tumor-Associated Macrophages via USP47/PD-L1/RelA Axis to Promote Glioma Progression.","Wang, Zanhan; Zhao, Yongbo; Fan, Fan; Ji, Chenchen; Chen, Yamiao; Li, Penghui; Ji, Ang; Bai, Wei; Chen, Hongqing; Yuan, Yunchao; Li, Juan; Cao, Xiuli; Li, Xia; Liu, Jifeng; Zhao, Junlong; Li, Sanzhong","Research (Washington, D.C.)","2026-09-15","https://pubmed.ncbi.nlm.nih.gov/42741178/","The hypoxic microenvironment in gliomas critically contributes to malignant progression. This study investigates the functional role and molecular mechanisms of long noncoding RNAs derived from hypoxic endothelial cell exosomes in reprogramming tumor-associated macrophages and driving glioma progression. We identified a novel long noncoding RNA, lnc-DKK3, enriched in exosomes secreted by hypoxic endothelial cells. Nuclear-localized lnc-DKK3 suppresses PD-L1 ubiquitination in macrophages by binding to USP47, promoting M2-like polarization and immunosuppression. Additionally, the lnc-DKK3/USP47 axis stabilizes RelA, augmenting its transcriptional activity and collectively accelerating glioma progression. Thus, hypoxic endothelial-cell-derived lnc-DKK3 drives M2 polarization via the USP47/PD-L1 pathway and promotes glioma progression via the USP47/RelA axis, highlighting its therapeutic potential. To translate these insights, we developed a macrophage-specific CRISPR interference-liquid nanoparticle platform targeting the lnc-DKK3 super-enhancer and demonstrated its synergistic sensitization to anti-PD-1 therapy in preclinical models."
"pubmed","42741020","10.3389/fendo.2026.1905737","Overexpression of FGFR1 in AgRP neurons protects against obesity and improves glucose homeostasis.","Shookster, Daniel; Martin, Ahjanelle; Gunn, Madison; O'Connell, Shea; Huang, Hu","Frontiers in endocrinology","2026-09-15","https://pubmed.ncbi.nlm.nih.gov/42741020/","BACKGROUND: The rising prevalence of metabolic disorders highlights the need to identify targetable pathways. Although hypothalamic AgRP neuron signaling influences energy balance, the beneficial role of fibroblast growth factor receptor 1 (FGFR1) within these neurons remains incompletely understood. METHODS: We employed an AAV-mediated CRISPR/Cas9 activation system to achieve AgRP neuron-specific overexpression of FGFR1 in adult mice. Metabolic phenotypes were assessed during high-fat diet (HFD) feeding, and mechanistic insights were gained using GT1-7 hypothalamic cells. RESULTS: FGFR1 overexpression in AgRP neurons attenuated high-fat diet (HFD)-induced weight gain and improved glucose tolerance, effects that were associated with reduced energy intake. Mechanistically, FGFR1 overexpression correlated with increased FOXO1 phosphorylation and reduced AgRP mRNA expression, suggesting a potential FGFR1-FOXO1 regulatory axis. CONCLUSION: These findings identify a contributory role for AgRP neuronal FGFR1 signaling in modulating metabolic outcomes under HFD conditions and suggest that this pathway may represent a potential avenue for further investigation in the context of obesity and diabetes."
"pubmed","42741019","10.3389/fpls.2026.1837794","Impact of wheat GRF4-GIF1 morphogenic regulators on transformation and genome editing efficiency in elite barley cultivars.","Timonova, Ekaterina M; Kiseleva, Antonina A; Nesterov, Mihail A; Korotkova, Anna V; Adonina, Irina G; Kochetov, Alex V; Salina, Elena A","Frontiers in plant science","2026-09-15","https://pubmed.ncbi.nlm.nih.gov/42741019/","INTRODUCTION: Efficient genetic transformation is essential for the delivery of the CRISPR/Cas9 genome editing system and thus represents an important technology for breeding-oriented research in barley (Hordeum vulgare L.). However, transformation and plant regeneration from tissue culture remain challenging in non-model barley genotypes. Previous studies demonstrated that expression of a chimeric fusion between two interacting transcription factors, GROWTH-REGULATING FACTOR 4 (GRF4) and GRF-INTERACTING FACTOR 1 (GIF1), enhances regeneration capacity in wheat and other species. METHODS: In this study, we evaluated the effect of the wheat-derived GRF4-GIF1 morphogenic regulators on biolistic transformation and genome editing efficiency in three commercial barley cultivars: Tselinniy 5, Aley, and G-23035. RESULTS: The JD633 construct carrying GRF4-GIF1 enabled recovery of stable transformants in all three genotypes, with efficiencies ranging from 2.5% to 5%, whereas the control construct lacking morphogenic regulators resulted in no transgenic events in any of the tested varieties. Among transformed T(0) plantlets, genome editing efficiency reached 64.3%, with predominantly biallelic mutations that were stably inherited in the T(1) generation. Molecular screening revealed the presence of plasmid-free edited plants in the T(0) generation, likely arising from transient Cas9 expression, and provided evidence of tissue chimerism. DISCUSSION: These results demonstrate that the GRF-GIF system facilitates genome editing, providing a practical framework for accelerating precision breeding in barley."
"pubmed","42740853","10.1016/j.engmic.2026.100302","An efficient endogenous type I-E CRISPR-Cas genome-editing platform for producing transglutaminase in Streptomyces mobaraensis.","Wang, Dan; Sun, Mengjun; Meng, Qingxu; Kang, Qianjin; Bai, Linquan","Engineering microbiology","2026-09-15","https://pubmed.ncbi.nlm.nih.gov/42740853/","Streptomyces mobaraensis is an industrially important actinomycete capable of producing transglutaminase (TGase), a valuable crosslinking enzyme that is widely used in the food, pharmaceutical, and textile industries. However, its genetic manipulation remains challenging owing to the lack of efficient genome-editing tools. Here, we characterized an endogenous type I-E CRISPR-Cas system in S. mobaraensis IPIO2 through bioinformatics analysis and plasmid interference assays, identifying the protospacer adjacent motif as 5'-AAC-3'. We engineered an artificial editing plasmid, pCRISPR, by inserting a mini-CRISPR array (repeat-spacer-repeat) and homologous recombination repair templates into the replicative plasmid pJTU1278. This system exhibited high editing efficiencies, achieving 70% for single-gene deletions and 75-80% for large DNA fragment deletions ranging from 10 to 40 kb. Based on this system, deletion of four genes consistently downregulated during TGase production, identified through comparative proteomics, enhanced TGase production by 8.5-18.5%. Furthermore, deleting the pseudouridimycin and piericidin A1 biosynthetic gene clusters using this system significantly improved the safety profile of TGase production, resulting in a 17% increase in TGase yield. This study established a robust and efficient endogenous CRISPR-Cas-based genome-editing platform in S. mobaraensis, providing a powerful tool for strain engineering and industrial optimization of TGase production."
"pubmed","42740595","10.1111/1751-7915.70443","Endogenous CRISPR-Based Removal of Tetracycline Resistance in Bifidobacterium animalis subsp. lactis Through a Safe-by-Design Approach.","Bozzetti, Marianna; Raneri, Matteo; Cortimiglia, Claudia; Milani, Giovanni; Volonte, Federica; Lucchini, Franco; Bassi, Daniela; Cocconcelli, Pier Sandro","Microbial biotechnology","2026-09-15","https://pubmed.ncbi.nlm.nih.gov/42740595/","Bifidobacterium animalis subsp. lactis is widely used as a probiotic; however, the presence of the tetracycline resistance gene tetW raises safety and regulatory concerns due to its potential mobility within the gut microbiome. Here, we applied a Safe-by-Design strategy using the endogenous CRISPR-Cas system of B. animalis subsp. lactis BLC01 to inactivate tetW through the introduction of premature stop codons. Whole-genome sequencing confirmed the intended editing and excluded relevant off-target effects. tetW inactivation markedly reduced the tetracycline minimum inhibitory concentration, restoring susceptibility below the tetracycline cut-off value for bifidobacteria (8 mug/mL). Comparative phenotypic analyses demonstrated that the edited strain (BLC01-2F3G10) retained key probiotic traits, including tolerance to acid, bile, and osmotic stress, exopolysaccharide production, aggregation capacity, survival during simulated gastrointestinal digestion and adhesion to intestinal epithelial cells. Importantly, no reversion to tetracycline resistance was observed after prolonged exposure to sub-inhibitory minimal selective antimicrobial concentration, indicating genetic stability of the edited phenotype. Collectively, these findings demonstrate that endogenous CRISPR-based genome editing can be leveraged to selectively remove antimicrobial resistance determinants from probiotic strains while preserving functionality, supporting the development of next-generation probiotics with an improved safety profile and reduced potential for antimicrobial resistance dissemination in the human gut."
"pubmed","42740447","10.1111/pbi.70758","Multiplex FAD2/FATB Editing Generates Ultra-High-Oleic, Low-Saturate Soybean With Increased Seed Fatty Acid Content.","Kim, Won Nyeong; Choi, Yu-Ri; Kim, Hye Jeong; Chung, Young-Soo; Kim, Hyun Uk","Plant biotechnology journal","2026-09-15","https://pubmed.ncbi.nlm.nih.gov/42740447/","Oleic acid (18:1), saturated fatty acid (SFA), and polyunsaturated fatty acid (PUFA) levels are important traits for storage stability and edibility. In this study, we aimed to develop high-oleic soybean (Glycine max) by simultaneously targeting fatty acid desaturase 2 (FAD2) and fatty acyl-ACP thioesterase B (FATB) gene families using CRISPR/Cas9. Considering the paleopolyploid genome of soybean, multiple sgRNAs were designed to target GmFAD2-1, GmFAD2-2, and GmFATB genes expressed during seed development. Compared with targeting GmFAD2-1 alone (~83%), additional editing of GmFAD2-2B, GmFAD2-2C, and GmFATB1a increased the 18:1 fatty acid content to over 90%. Editing of GmFATB significantly reduced the SFA content by more than 40% compared with wild-type (WT). Reduced absolute SFA content was also observed in GmFAD2-only edited lines with decreased GmFATB expression. Notably, all evaluated high-oleic genotypes in the Williams82-background showed higher mean total fatty acid (TFA) content than the WT, both per unit seed mass and per seed. Correlation analysis of 805 individual seed profiles from Williams82-background lines further characterized the relationship between 18:1 fatty acid composition and TFA content per unit seed mass. Gene expression analysis revealed no consistent increase in triacylglycerol (TAG) synthesis genes, whereas the expression of sugar-dependent 1 (SDP1) was reduced. In contrast, genes involved in phosphatidic acid (PA) metabolism, including diacylglycerol kinase (DGK) and phospholipase D (PLD), were partially upregulated. These transcriptional changes support a hypothesis that altered lipid turnover may contribute to the higher TFA phenotype. Collectively, this study defines effective multiplex target combinations for ultra-high oleic, low-saturated soybean."
"pubmed","42740358","10.7555/JBR.40.20260258","Testis-predominant gene Mfap3l is dispensable for spermatogenesis under physiological conditions.","Xie, Yinjie; Xiao, Huijuan; Wang, Hui; Zhang, Bohang; Liu, Qiang; Yuan, Yan; Zhu, Yunfei; Yao, Yejin; Li, Huiling","Journal of biomedical research","2026-09-15","https://pubmed.ncbi.nlm.nih.gov/42740358/","The microfibril-associated protein (MFAP) family members play critical roles in extracellular matrix (ECM) assembly and tissue homeostasis maintenance. Among them, MFAP3L (microfibril-associated protein 3-like), a paralog of MFAP3, is predominantly expressed in testicular tissue. Conventional hypotheses propose that it may participate in spermatogenesis by regulating ECM remodeling; however, direct functional evidence and mechanistic insights remain limited. To test this hypothesis, we generated a systemic Mfap3l knockout mouse model using the clustered regularly interspaced short palindromic repeats (CRISPR)/CRISPR-associated protein 9 (Cas9) technology to investigate its role in spermatogenesis. Unexpectedly, although Mfap3l is predominantly expressed in testis, Mfap3l (-/-) male mice exhibited normal fertility, with no significant defects observed during spermatogenesis. These results indicate that Mfap3l is dispensable for spermatogenesis and the maintenance of male fertility under physiological conditions. Furthermore, the findings also revealed no effective compensatory upregulation of other MFAP family members in the testes following Mfap3l knockout. This study challenges the conventional assumption that ""genes predominantly expressed in the testes necessarily play a central role in reproductive regulation,"" providing an informative negative example for research on reproductive gene function and emphasizing the necessity of direct functional validation through gene knockout."
"pubmed","42739482","10.3390/plants15172715","Genome Editing in Solanaceae: Harnessing CRISPR-Cas Technology for Precision Crop Improvement.","Thakur, Vandana; Vats, Akshay Kumar; Kumar, Rahul; Kumar, Anand; Vyas, Shalu; Chakravarty, Snehel; Bardhan, Kirti; Paul, Mouli; More, Ambika; Johar, Vishal; Kumar, Vinod; M S, Nimmy; Teja, R Ravi","Plants (Basel, Switzerland)","2026-09-15","https://pubmed.ncbi.nlm.nih.gov/42739482/","Malnutrition and climate-induced stress remain major constraints to global food and nutritional security despite the yield gains of the Green Revolution. Solanaceae crops such as tomato, potato, brinjal, and pepper are key sources of vitamins, minerals, and bioactive compounds. Yet, their genetic improvement has been limited by narrow diversity and complex polygenic traits. The advent of CRISPR/Cas-mediated genome editing provides a transformative platform for precision crop improvement by enabling targeted modification of genes controlling stress tolerance, yield, and nutritional quality. In Solanaceae, CRISPR/Cas applications have successfully enhanced resistance against major pathogens (SlMlo1, SlPelo, SlDCL2), improved abiotic stress tolerance through editing of SlMAPK3, SlCBF1, and SlBZR1, and optimized fruit quality traits via modulation of Psy1, CrtR-b2, and fiAD2/3. Emerging innovations, such as base and prime editing, and RNP-mediated transgene-free delivery, are expanding the precision and scope of editing. However, challenges persist, including genotype-dependent transformation, low HDR efficiency, and incomplete understanding of off-target and epigenetic effects. Integrating CRISPR with omics-guided gene discovery, efficient transformation systems, and regulatory harmonization can accelerate the development of nutritionally enriched, stress-resilient, and sustainable Solanaceae varieties. This review synthesizes recent advances, identifies critical limitations, and outlines future opportunities for deploying CRISPR/Cas technology to achieve next-generation breeding and food system resilience."
"pubmed","42739433","10.3390/plants15172667","Identification of Rice m(6)A Methyltransferase Complex Subunits MTA/MTB and Their Effects on Heading Date and Grain Weight.","Li, Chengxuan; Zhang, Mengjun; Zhao, Duanmu; Cao, Xue; Wang, Hengzhi; Liu, Mojia; Zhang, Tong; Wang, Wenyi; Wu, Jian","Plants (Basel, Switzerland)","2026-09-15","https://pubmed.ncbi.nlm.nih.gov/42739433/","N(6)-methyladenosine (m(6)A) is a vital epitranscriptomic modification that regulates plant development and stress responses. In rice (Oryza sativa L.), the identity of the catalytic subunit (MTA) of the core m(6)A writer complex has remained controversial because of inconsistent annotations based primarily on sequence homology. Here, phylogenetic analysis identified LOC_Os02g45110 as the putative catalytic subunit OsMTA, whereas LOC_Os01g16180 and LOC_Os03g05420 were classified as the structural subunits OsMTB1 and OsMTB2, respectively. All three proteins showed nuclear enrichment. Yeast two-hybrid, luciferase complementation imaging, and bimolecular fluorescence complementation assays demonstrated that OsMTA interacts independently with OsMTB1 and OsMTB2. Moreover, transient co-expression of OsMTA with either OsMTB1 or OsMTB2 increased global m(6)A levels in a heterologous system. No homozygous plants carrying frameshift mutations in OsMTA were obtained, suggesting that complete loss of OsMTA function is lethal. Knockdown of OsMTA or CRISPR/Cas9-mediated knockout of OsMTB1 and OsMTB2 significantly delayed heading date and reduced 1000-grain weight. Conversely, overexpressing OsMTA accelerated heading, whereas overexpressing OsMTB1 or OsMTB2 generally accelerated heading but significantly reduced 1000-grain weight. Together, these findings define the core composition of the rice m(6)A writer complex and reveal its effects on heading date and grain weight."
"pubmed","42739431","10.3390/plants15172664","Dual-gRNA CRISPR/Cas9 Deletion of CsDMR6 in Sweet Orange Supported by Improved In Vitro Regeneration.","Sopalda, Sandra; Vergara, Ricardo; Munoz, Marisol; Aguirre, Carlos; Munoz, Carlos; Prieto, Humberto","Plants (Basel, Switzerland)","2026-09-15","https://pubmed.ncbi.nlm.nih.gov/42739431/","Huanglongbing (HLB), caused by Candidatus Liberibacter spp., remains the most destructive disease affecting citrus worldwide. To support host-directed genome-editing strategies aimed at reducing susceptibility, we optimized key regeneration steps in Citrus sinensis and validated a dual-gRNA CRISPR/Cas9 approach targeting the susceptibility gene CsDMR6. Juvenile explants of 'Valencia' and hybrid genotypes (CsH1-CsH3) were successfully established in vitro, and shoot elongation was markedly improved by supplementing Citrus Shoot Multiplication (CiSM) medium with 1 mg L(-1) GA3. Callus induction was most efficient in Citrus Callus Induction (CiCM) medium under dark conditions, while a 48 h NAA pulse (100 microM) significantly enhanced rooting, increasing efficiencies to 37.1% in 'Valencia' and 52.9% in CsH1. Two guide RNAs targeting conserved regions of CsDMR6 were designed and shown to be identical across all evaluated genotypes. The dual-gRNA cassette was assembled into a CRISPR/Cas9 geminivirus-based vector and transiently delivered into sweet orange leaf tissue via Agrobacterium. GFP fluorescence verified construct expression, and PCR amplification across the target region produced a diagnostic ~447 bp fragment corresponding to the expected ~5.8 kb deletion. Sanger sequencing confirmed precise junction formation between the two cut sites. These results demonstrate efficient large-fragment deletion of CsDMR6 in sweet orange and establish an experimentally validated, genotype-compatible regeneration and editing platform. This study provides a transient validation of the dual-gRNA system and establishes the technical foundation required for future stable, non-transgenic edited lines. Together, these advances support the downstream functional evaluation of CsDMR6 loss-of-function alleles under HLB pressure."
"pubmed","42739379","10.3390/plants15172613","Functional Analysis of the Heat-Tolerance Candidate Gene BcNCED3 in Non-Heading Chinese Cabbage (Brassica campestris ssp. chinensis).","Lu, Wenjun; Zhang, Changwei; Liu, Zhaokun; Chen, Chenyu; Wang, Yaolong; Shu, Sheng; Zhu, Hongfang; Xiao, Dong","Plants (Basel, Switzerland)","2026-09-15","https://pubmed.ncbi.nlm.nih.gov/42739379/","Non-heading Chinese cabbage (Brassica campestris ssp. chinensis) is an economically important leafy vegetable whose quality and yield are severely constrained by high temperature. Abscisic acid (ABA) is a key stress hormone, and 9-cis-epoxycarotenoid dioxygenase (NCED) is the rate-limiting enzyme of its biosynthesis; however, the function of NCED in the thermotolerance of this crop remains unclear. In this study, the heat-tolerance candidate gene BcNCED3 was functionally characterized in non-heading Chinese cabbage using bioinformatics, subcellular localization, expression profiling, exogenous ABA treatment, genetic transformation, and CRISPR/Cas12a editing. BcNCED3 has an intronless 1797 bp open reading frame encoding a 598-amino-acid hydrophilic protein with a conserved RPE65 domain, is localized to the chloroplast, and is highly conserved across Brassicaceae. Its transcript was strongly induced under 40  degrees C heat stress, with reaching markedly higher transcript abundance at 6 h in the heat-tolerant cultivar 'Suzhou Qing' than in the heat-sensitive 'Aijiaohuang'. Exogenous ABA (10 microM) pretreatment alleviated heat injury, increased endogenous ABA content by 1.8-fold, upregulated heat-responsive genes (BcHSFA1, BcHSFA2, BcHSP101, BcDREB2A, BcMBF1c and BcGolS1) by 1.5- to 3.2-fold, enhanced POD, SOD, and CAT activities by 25-40%, and reduced malondialdehyde accumulation by 32%. BcNCED3-overexpressing plants with 12- to 30-fold increased expression reproduced these responses, whereas Cas12a knockout plants exhibited heat hypersensitivity. These results demonstrate that BcNCED3 positively regulates thermotolerance in non-heading Chinese cabbage and provide a genetic resource for heat-tolerance breeding."
"pubmed","42739351","10.3390/plants15172585","CRISPR/Cas9-Mediated Editing of Bsr-d1 and Pi21 Enhances Blast Resistance in a High-Quality Rice Maintainer Line.","Lan, Ke; Yuan, Lin; Zhao, Dacheng; Ma, Xixi; Yang, Jinlian; Wu, Hu; Liu, Fang; Chen, Shengwu; Li, Rongbai","Plants (Basel, Switzerland)","2026-09-15","https://pubmed.ncbi.nlm.nih.gov/42739351/","Rice (Oryza sativa L.) is a staple food crop worldwide, and improving disease resistance is a core target in rice breeding. In this study, we employed CRISPR/Cas9 genome editing to modify the coding sequence (CDS) of two susceptibility genes, Bsr-d1 and Pi21, in the elite maintainer line Gengxiang B to enhance its blast resistance. We generated Bsr-d1/Pi21 double homozygous mutants via Agrobacterium-mediated genetic transformation. Quantitative RT-PCR revealed significantly suppressed transcript accumulation of both target genes in the edited lines compared with the wild type Gengxiang B. Upon inoculation with Magnaporthe oryzae, multiple defense-related marker genes were markedly upregulated in the double mutants. Phenotypic assays demonstrated significantly reduced disease severity for both leaf and panicle blast in the edited lines compared with the wild type. Importantly, no statistically detectable differences were found between the double mutants and wild-type plants for key agronomic or grain quality traits. Collectively, these results demonstrate that CRISPR/Cas9-mediated editing of susceptibility loci generates genetically stable blast-resistant rice germplasm without compromising agronomic traits or grain quality, providing valuable genetic resources for future rice varietal improvement."
"pubmed","42739346","10.3390/plants15172579","Pan-Genomic Dissection of GH1 beta-Glucosidases in Brassica rapa Identifies BrBGLU10 as an Important Regulator of Pollen Development.","Huang, Ying; Zhong, Shanxin; Hu, Tianci; Chen, Xingbo; Jiang, Meng; Dong, Xiangshu","Plants (Basel, Switzerland)","2026-09-15","https://pubmed.ncbi.nlm.nih.gov/42739346/","Glycoside hydrolase family 1 (GH1) beta-glucosidases (BGLUs) play diverse roles in plant development and stress responses. However, a comprehensive pan-genomic characterization of this gene family across diverse Brassica rapa accessions is still lacking. Here, we conducted a pan-genome-wide analysis of BGLU genes across 21 B. rapa accessions. A total of 1840 BGLU genes were identified and clustered into 57 orthologous gene groups (OGGs), comprising 22 core, 19 dispensable, and 16 private groups. Phylogenetic reconstruction assigned these OGGs to five subgroups, and duplication analysis revealed whole-genome duplication as the predominant driver of family expansion, accounting for 47.51% of duplicated genes. Expression profiling identified two core genes, BrBGLU10 and BrBGLU56, as specifically expressed in fertile floral buds and differentially regulated between fertile and sterile lines. CRISPR/Cas9-mediated knockout of BrBGLU10 resulted in approximately 36% pollen abortion and drastically reduced seed set upon self-pollination, supporting its important role in pollen development. Collectively, these findings establish BrBGLU10 as an important regulator of pollen development and a potential target for fertility-related applications via gene editing in B. rapa and related Brassica crops."
"pubmed","42739319","10.3390/plants15172554","Rice LSD1-like Genes: Genome-Wide Characterization and Evidence Linking OsLSD3 to Plant Height.","Chen, Xiaojia; Tan, Yuanyuan","Plants (Basel, Switzerland)","2026-09-15","https://pubmed.ncbi.nlm.nih.gov/42739319/","LSD1-like zinc-finger proteins participate in programmed cell death, redox homeostasis, and stress responses in plants, but their functional diversification and contributions to agronomic variation in rice remain poorly defined. This study aimed to characterize the rice LSD1-like gene family and evaluate the potential agronomic roles of selected members, with particular emphasis on OsLSD3. Genome-wide analyses were integrated with OsLSD3 natural variation and haplotype analyses in 4666 rice accessions, CRISPR/Cas9 mutant phenotyping in the ZH11 background, and subcellular localization assays. Seven LSD1-like genes were identified and showed substantial divergence in protein architecture, gene organization, promoter cis-element profiles, and tissue- and stress-responsive expression. OsLSD3 formed six population-structured haplotypes, and two common Japonica haplotypes differed significantly in plant height. Consistently, two independent oslsd3 mutant lines were taller than the wild type, whereas additional changes in grain-related traits were line-specific. OsLSD2 and OsLSD3 localized mainly to the nucleus, while OsLSD4 was predominantly nuclear with weak cytoplasmic localization. These results identify OsLSD3 as the strongest candidate among the examined members for further investigation of plant height- and grain-related traits, while OsLSD2 and OsLSD4 represent additional candidates for grain-trait regulation. Further validation using additional alleles and environments is required."
"pubmed","42738900","10.3390/cells15171607","A Truncated Serpin D1 Variant Regulates Adseverin-Dependent Actin Severing and Is Required for Osteoclastogenesis.","Wang, Yongqiang; Ji, Chenfan; Wang, Andrew Y; Norouzi, Masoud; Ding, Isabel; Glogauer, Michael; Abovsky, Mark; Jurisica, Igor; McCulloch, Christopher A","Cells","2026-09-15","https://pubmed.ncbi.nlm.nih.gov/42738900/","Adseverin is a Ca(2+)-dependent, actin severing protein that promotes fusion of osteoclast precursors in osteoclast formation. Currently it is not understood how actin severing activity is regulated in osteoclastogenesis. Mass spectrometry of adseverin immunoprecipitates from osteoclasts showed that adseverin associated with Serpin D1. Purified Serpin D1 interacted with adseverin in vitro in a Ca(2+)-dependent manner. Ca(2+) increased actin severing by ~2-fold. Cells that differentiated into osteoclasts expressed an intracellular, truncated Serpind1 isoform that lacked exons 1 and 2, and part of exon 3. This truncated Serpin D1 isoform was distinct from the secreted, full-length Serpin D1 protein that inhibits thrombin activity. The expression of truncated Serpin D1 in RAW264.7 cells appeared to be further increased following TNF-alpha treatment during RANKL-induced osteoclastogenesis. CRISPR/Cas9-mediated partial deletion of exon 3 of Serpind1, which resulted in Serpind1 knockout, increased the abundance of subcortical actin filaments. This treatment also altered the spatial distribution of adseverin, inhibited the expression of osteoclast-specific genes and reduced the formation of multinucleated osteoclasts by >90% in vitro. We conclude that a truncated, intracellular variant of Serpin D1 interacts with adseverin to promote actin severing and osteoclast formation."
"pubmed","42738869","10.3390/cells15171575","Emerging Nucleic Acid-Based Therapies for Hypercholesterolemia with Focus on a New Modality, Liver-Directed miR-30c Analog C2.","Srivastava, Rai Ajit K","Cells","2026-09-15","https://pubmed.ncbi.nlm.nih.gov/42738869/","Despite major advances in lipid-lowering therapies, a significant unmet need remains, particularly for patients with homozygous familial hypercholesterolemia (HoFH), severe heterozygous familial hypercholesterolemia (HeFH), and those who fail to achieve guideline-recommended LDL-C targets. Nucleic acid-based therapeutics have emerged as a transformative approach for treating hypercholesterolemia. Antisense oligonucleotides and small interfering RNAs (siRNAs) have demonstrated durable hepatic gene silencing and have led to approved therapies, while gene replacement and in vivo genome-editing strategies offer the potential for long-lasting, and possibly one-time, interventions. In parallel, microRNAs (miRNAs) have attracted increasing interest because of their ability to coordinately regulate multiple genes involved in lipoprotein metabolism, cholesterol transport, and lipid homeostasis. Human genetic studies further support the importance of miRNA-mediated regulation, exemplified by a rare ~2.5 kb deletion in the distal LDLR 3'UTR (""del2.5"") that disrupts miRNA-binding sites and is associated with lifelong low LDL-C levels. This review summarizes recent advances, mechanisms of action, clinical progress, and remaining challenges across antisense oligonucleotides, siRNAs, gene therapy, genome editing, and emerging miRNA-based therapeutics for hypercholesterolemia. As an example of the latter approach, the liver-directed miR-30c analog C2 has demonstrated preclinical activity by coordinately reducing hepatic lipoprotein secretion and lipogenesis while enhancing cholesterol elimination, resulting in reduced LDL-C and atherosclerosis. However, it must be noted that these findings remain preclinical, and further optimization of delivery, pharmacokinetics, safety, and long-term efficacy will be required before clinical evaluation. Continued advances in RNA chemistry, targeted delivery, and genome engineering are expected to further expand the therapeutic landscape for dyslipidemia and cardiovascular disease."
"pubmed","42738829","10.3390/cells15171535","Modeling Cohen Syndrome in Phoenix Cells: VPS13B Loss Causes Organelle Stress, G1/S Delay, and Fibrillary Inclusion Bodies Formation.","Morozova, Ksenia N; Wolf, Ekaterina R; Kiseleva, Elena V; Smirnov, Alexander V; Pershina, Elena G; Pristyazhnyuk, Inna E","Cells","2026-09-15","https://pubmed.ncbi.nlm.nih.gov/42738829/","Cohen syndrome, caused by pathogenic variants in VPS13B, is characterized by microcephaly, developmental delay, and progressive retinal degeneration, yet the cellular mechanisms linking VPS13B dysfunction to disease pathology remain incompletely understood. Here, we used CRISPR-Cas9 to delete VPS13B exons 2-4 in Phoenix HEK293 cells, generating five independent knockout clones. In all mutant lines, VPS13B disruption caused a marked slowing of cell proliferation due to prolongation of the G1 phase. Immunocytochemistry and transmission electron microscopy revealed that VPS13B mutations causes Golgi apparatus fragmentation, loss of VPS13B Golgi localization, ER lumen dilation with rigid membrane morphology, mitochondrial damage, impaired autophagic maturation, and the appearance of cytoplasmic fibrillary inclusions located close to ER and absent from control cells. RNA-seq analysis identified 27 differentially expressed genes common to all four mutant clones, including downregulation of genes involved in transcriptional regulation, lipid metabolism, and neuronal signaling, alongside upregulation of the stress-response genes CLU and CDKN1A (p21). While our results do not support classical unfolded protein response activation, they are consistent with a model in which lipid bilayer stress and disrupted ER-Golgi trafficking may play a role in the pathophysiology of Cohen syndrome. Together, these findings demonstrate that VPS13B deficiency results in coordinated defects in organelle homeostasis, proteostasis, and cell-cycle progression, providing new dates for understanding Cohen syndrome pathogenesis."
"pubmed","42738810","10.3390/cells15171516","CRISPR-Mediated POSTN Editing Modulates Proliferation, Apoptosis, and Molecular Profiles of Primary Rabbit Hair Follicle Stem Cells via the cAMP/PKA/CREB Signaling Pathway.","Cai, Jiawei; Zhao, Bohao; Fan, Aoyun; Chen, Yang; Wu, Xinsheng","Cells","2026-09-15","https://pubmed.ncbi.nlm.nih.gov/42738810/","Hair follicle stem cells (HFSCs) are critical for hair follicle (HF) morphogenesis and cyclic hair regeneration. Periostin (POSTN), an extracellular matrix protein involved in tissue development and skin cell regulation, remains poorly characterized in HFSCs. In this study, we constructed CRISPR/Cas9 vectors targeting POSTN and validated their editing efficiency in primary HFSCs. POSTN editing significantly suppressed cell proliferation and promoted apoptosis. Transcriptomic analysis identified 988 differentially expressed genes (DEGs) enriched in immune responses and MAPK, PI3K-Akt, and cAMP pathways. Metabolomic analysis revealed 98 differential metabolites (DMs) associated with nucleotide metabolism and FoxO, AMPK, and cAMP pathways. Integrated multi-omics analysis showed extensive correlations between DEGs and DMs, and highlighted the cAMP pathway as the core regulatory axis. Western blot (WB) validation confirmed that POSTN editing reduced PKA and CREB phosphorylation, indicating inhibition of the cAMP/PKA/CREB signaling. These findings demonstrate that POSTN regulates HFSCs' proliferation and apoptosis partially via the cAMP/PKA/CREB pathway, providing novel insights into the functional regulation of HFSCs."
"pubmed","42738806","10.3390/cells15171512","Asymmetric Functional Divergence of alx4a and alx4b in Iridophore Differentiation and Cranial Development in Nile Tilapia.","Shi, Hongsheng; Fang, Fugui; Yao, Jiawen; Ju, Siyu; Li, Minghui; Wang, Deshou","Cells","2026-09-15","https://pubmed.ncbi.nlm.nih.gov/42738806/","Neural crest cells give rise to the craniofacial skeleton and multiple pigment cell lineages, yet how duplicated developmental regulators partition their ancestral functions after teleost-specific whole-genome duplication remains unclear. Here, we employed CRISPR/Cas9 to generate alx4a and alx4b single and double mutants in Nile tilapia (Oreochromis niloticus). By integrating phenotype, skeleton, transcriptome, quantitative PCR, and AlphaFold-based structural modeling analyses, we revealed their functional divergence. Loss of alx4a caused a regionally restricted reduction in iridophore-derived reflectance and abnormal cranial morphology, whereas alx4b single mutants showed no obvious phenotype under the conditions examined. By contrast, double mutants exhibited an almost complete loss of iridophore-derived structural coloration and substantially more severe cranial defects, accompanied by reduced calcein labeling in the opercular region, consistent with altered cranial mineralization. Skin transcriptomic and quantitative PCR analyses revealed marked downregulation of pnp4a and tfec, which are associated with iridophore differentiation and coloration, whereas no significant expression differences were detected for the iridophore survival-related genes ltk and mpv17. AlphaFold2-assisted HDOCK protein-DNA modeling yielded more favorable docking metrics for Alx4a than for Alx4b with the pnp4a promoter, supporting a potential Alx4a-pnp4a promoter interaction that requires experimental validation. In contrast, no significant genotype-dependent differences were detected in the measured abundance of melanophores, xanthophores, or erythrophores, and no obvious difference in gross dorsal-fin spine formation was observed under the conditions examined. Together, these findings reveal unequal functional contributions of alx4a and alx4b, with alx4a acting as the dominant paralog in iridophore-associated structural coloration and both paralogs contributing unequally to cranial development, and support pnp4a as a candidate downstream gene associated with Alx4a activity."
"pubmed","42738492","10.3390/ani16172704","Asexual Development and Virulence Are Not Affected by Knockout of Five Sexual-Stage Candidate Genes in Toxoplasma gondii.","Tian, Xing; Tian, Chen-Ran; Lu, Xin-Sheng; Hao, Wen-Bo; Zheng, Zhi; He, Jun-Jun; Zhu, Xing-Quan; Zheng, Xiao-Nan","Animals : an open access journal from MDPI","2026-09-15","https://pubmed.ncbi.nlm.nih.gov/42738492/","Toxoplasma gondii is a widespread intracellular parasite posing serious risks to immunocompromised individuals and pregnant women, and causing significant economic losses to the livestock industry. Current clinical drugs mainly target acute-stage tachyzoites but are ineffective against chronic cysts, necessitating new interventions. The parasite's sexual stage in the feline intestine remains poorly understood but is critical for transmission. Here, based on our unpublished weighted gene co-expression network analysis of single-cell transcriptomic data of cat intestine after infection with T. gondii, we selected five previously uncharacterized genes, including three CCCH-type zinc finger proteins (TGME49_257130, TGME49_500318, TGME49_313740) and two subtilisin-like proteases (TGME49_248760/sub7, TGME49_235950/sub8). Using the CRISPR-Cas9 system, individual knockout strains were generated from the type II Pru strain. And, we performed phenotypic assessments at this stage as an essential validation to confirm neutrality before feline infection experiments. Phenotypic analyses revealed that none of the knockout strains showed significant differences in vitro growth, replication, egress, in vivo virulence, or cyst formation from the wild-type strain, corroborating the transcriptional prediction. Publicly available ToxoDB transcriptomic data confirmed that four of these genes were highly expressed at the oocyst or feline enteroepithelial stages, but barely expressed in tachyzoites and bradyzoites, consistent with our phenotypic observations. Collectively, these findings indicate that these genes are dispensable for asexual development, while their expression pattern suggests potential involvement in sexual reproduction, a hypothesis that warrants direct experimental validation. This study provides validated knockout strains and candidate genes, establishing an experimental foundation for future functional studies on Toxoplasma sexual development and transmission-blocking strategies."
"pubmed","42737995","10.3390/biology15171563","Genetically Modified and Gene-Edited Organisms-Objectives, Public Perception and Applications.","Solti, Laszlo; Febel, Hedvig","Biology","2026-09-15","https://pubmed.ncbi.nlm.nih.gov/42737995/","Genetic modification and genome editing have become important tools in agriculture, animal production, biotechnology, and human medicine, but their safety and societal acceptance remain subjects of debate. This review examines genetically modified (GM) and gene-edited organisms, distinguishing transgenesis from precision genome editing technologies, including CRISPR/Cas9, base editing, and prime editing. Representative applications in crops, livestock, pharmaceutical production, and xenotransplantation are discussed, together with their regulatory framework and public perception. Current scientific assessments indicate that approved GM foods are not inherently more hazardous to human health than their conventional counterparts when evaluated case by case. Potential benefits include improved nutritional quality, biofortification, disease resistance, increased agricultural efficiency, production of therapeutic proteins, and applications in animal health and medicine. Possible concerns include allergenicity, toxicity, unintended genetic or phenotypic effects, altered nutritional composition, environmental consequences, animal welfare issues, and uncertainties associated with long-term or large-scale deployment. Public acceptance varies substantially according to geographical region, application, cultural and ethical considerations, regulatory environment, scientific literacy, and institutional trust. Overall, GM and gene-edited organisms should not be considered a homogeneous category. Their benefits, risks, and societal acceptability depend on the specific organism, genetic modification, intended trait, and context of use, supporting a balanced, evidence-based, and case-specific approach."
"pubmed","42737990","10.3390/biology15171558","Zbtb46(T11A) Mutation Is Associated with Enhanced Influenza Vaccine Immunogenicity and Altered cDC1 Proportions in Mice.","Zhao, Yifan; Lei, Yuxuan; Xu, Qiuyi; Zhang, Shumiao; Xie, Qian; Yuan, Lifang; Liang, Ruiqi; Wen, Simin; Shu, Yuelong","Biology","2026-09-15","https://pubmed.ncbi.nlm.nih.gov/42737990/","Background: Influenza remains a significant global public health threat, causing substantial morbidity and mortality worldwide. While vaccination serves as the best preventive strategy, considerable interindividual variability in vaccine-induced immune responses persists. The ZBTB46 rs2281929 polymorphism (c.A31G; p.T11A; ACG>GCG), which corresponds to the evolutionarily conserved mouse mutation Zbtb46(T11A) (c.A31G; ACT>GCT), has been associated with enhanced antibody responses to influenza vaccination in humans, though its functional mechanisms remain unknown. This study aimed to investigate how this mutation affects influenza vaccine immunogenicity using a knock-in mouse model. Methods: A Zbtb46(T11A) knock-in mouse model was generated using CRISPR/Cas9 technology. Homozygous (HO) and wild-type (WT) mice were immunized with a quadrivalent influenza vaccine in a prime-boost regimen. Humoral immune responses were assessed by Enzyme-linked immunosorbent assay, hemagglutination inhibition (HI), and microneutralization (MN) assays. Antibody-secreting cells (ASCs) were quantified by Enzyme-linked immunospot assays. Germinal center B cells, plasma cells, plasmablast cells, conventional dendritic cell (cDC) subsets, and T helper (Th) cells were analyzed by flow cytometry. Statistical comparisons were performed using a two-sample t-test. Results: The Zbtb46(T11A) mutation did not alter Zbtb46 protein expression or its abundance in cDCs. Following vaccination, HO mice exhibited significantly enhanced humoral responses, including higher HA-specific IgG titers, HI and MN antibody levels, and increased numbers of ASCs. Flow cytometry revealed elevated proportions of germinal center B cells and plasma cells in HO mice. Furthermore, HO mice showed a selective expansion of type 1 cDCs (cDC1s) and a concomitant increase in Th1 cell frequencies and IFN-gamma-secreting cells, while cDC2 proportions and Th2 responses remained unchanged. Conclusions: The Zbtb46(T11A) mutation is associated with enhanced influenza vaccine immunogenicity, concomitant with increased cDC1 proportions, Th1 polarization, and germinal center-dependent humoral immunity. These observed associations suggest a candidate mechanism whereby Zbtb46 modulation may shape adaptive immunity, though further functional studies are required to establish causality. These findings provide insights into host genetic variation in vaccine responsiveness and may inform personalized vaccination strategies."
"pubmed","42737968","10.3390/biology15171535","Tubule-Specific RGC-32 Knockout Exhibits Direct and Progressive Aggravating Activity Against Renal Function in an Ischemia-Reperfusion Mouse Model.","Gong, Yan; Feng, Dan; Zhang, Jing; Li, Mengying; Huang, Wenyan","Biology","2026-09-15","https://pubmed.ncbi.nlm.nih.gov/42737968/","Although the prevalence of acute kidney injury and chronic kidney disease remains high and effective therapeutic targets remain scarce, significant progress has been made in recent years across the following major directions: G2/M phase cell cycle arrest, DNA damage, mitochondrial dysfunction, hypoxia-inducible factor signaling, dysregulated autophagy, and epigenetic alterations. RGC-32 is abundantly expressed in all tubular segments of normal renal tissues and is primarily localized to the cytoplasm and perinuclear region of renal tubular epithelial cells. Moreover, RGC-32 is involved in cell cycle regulation as well as cell proliferation and differentiation. To explore the functional role of RGC-32 in renal repair after acute ischemia-reperfusion injury, we utilized CRISPR-Cas9 technology combined with Cre/loxP recombination to generate a novel, renal tubule-specific RGC-32 knockout mouse model and systematically characterized its phenotype. Our findings demonstrate that renal tubule-specific RGC-32 deficiency does not impair normal growth or baseline renal function but alters the distribution of peripheral blood T lymphocyte subsets; whether this alteration contributes to renal immune regulation remains to be determined by future functional studies. More importantly, upon IRI, RGC-32 knockout in renal tubules leads to significantly aggravated renal dysfunction, elevated injury markers, and a possible association with enhanced chronic fibrosis."
"pubmed","42737922","10.3390/biology15171491","When Homing Endonuclease Meets Transposon: The OMEGA System.","Kojima, Kenji K","Biology","2026-09-15","https://pubmed.ncbi.nlm.nih.gov/42737922/","Sequence-specific DNA endonucleases have made significant contributions to biology, biotechnology, and medicine; restriction enzymes and homing endonucleases are among classic examples. The demonstration of programmable genome editing using Cas9 in the CRISPR-Cas system, in which the target DNA sequence is recognized by base pairing with a guide RNA, revolutionized the field of genome engineering, making target selection more flexible and convenient. The OMEGA (Obligate Mobile Element-Guided Activity) system, considered a precursor to Cas12, and likely to Cas9, in the CRISPR-Cas system, is an RNA-guided DNA endonuclease composed of a TnpB, IscB, IsrB, or Fanzor protein, and a structural RNA designated reRNA or omegaRNA. The OMEGA system is present in the three domains of life as an auxiliary component of transposons. The OMEGA system cuts DNA in an allele from which a transposon is excised and triggers recombination to reinstate the transposon at the same position. This ""transposon restorative homing"" redefines the OMEGA system as a homing endonuclease. In this review, the selfish aspects of the OMEGA system are discussed in the historical context of homing endonuclease research."
"pubmed","42737880","10.3390/biology15171447","Drosophila melanogaster Models for Natural Product Discovery: Cross-Disease Conserved Signaling Networks and a Generalizable Translational Pipeline.","Li, Ying; He, Nana; Chang, Mingxiang; Wang, Yiwen","Biology","2026-09-15","https://pubmed.ncbi.nlm.nih.gov/42737880/","Drosophila melanogaster shares approximately 75% of human disease-related genes and possesses sophisticated genetic toolkits, including GAL4/UAS, CRISPR-Cas9, and RNA interference (RNAi), making it a rapid, cost-effective, and genetically tractable in vivo platform for natural products (NPs) discovery. This review systematically summarizes the modeling strategies, pathological mechanisms, and therapeutic applications of Drosophila models for six major human diseases, including type 2 diabetes, nephrolithiasis, inflammatory bowel disease, cancer, Alzheimer's disease, and Parkinson's disease. Cross-disease analysis identifies five evolutionarily conserved signaling networks-IIS/PI3K/Akt/FOXO, JNK/JAK/STAT, Nrf2/Keap1, mTOR/TORC1, and IMD/Toll-as common molecular targets of bioactive NPs, providing a unified mechanistic framework for understanding their multi-target pharmacological activities and broad therapeutic potential. Critically, we propose a generalizable integrated stepwise pipeline: high-throughput fly screening of crude extracts, bioassay-guided isolation of active monomers, genetic mechanistic dissection via RNAi and mutant rescue, and layered validation in human cells and selective mammalian models. This pipeline addresses key challenges in NPs research, including the identification of bioactive constituents and mechanistic validation, while improving screening efficiency and translational potential. Overall, this review establishes a multi-disease-applicable framework linking disease modeling, conserved signaling mechanisms, and translational pharmacology, providing practical guidance for future mechanism-driven NP discovery and preclinical development using Drosophila. By leveraging Drosophila genetics to bridge evolutionary conservation and human pathology, this framework offers a powerful, paradigm-shifting strategy to accelerate mechanism-driven NP discovery and preclinical development."
"pubmed","42737875","10.3390/ijms27177643","Correction: Simbulan-Rosenthal et al. Employing CRISPR-Cas9 to Generate CD133 Synthetic Lethal Melanoma Stem Cells. Int. J. Mol. Sci. 2022, 23, 2333.","Simbulan-Rosenthal, Cynthia M; Haribabu, Yogameenakshi; Vakili, Sahar; Kuo, Li-Wei; Clark, Havens; Dougherty, Ryan; Alobaidi, Ryyan; Carney, Bonnie; Sykora, Peter; Rosenthal, Dean S","International journal of molecular sciences","2026-09-15","https://pubmed.ncbi.nlm.nih.gov/42737875/","In the original publication [...]."
"pubmed","42737523","10.3390/ijms27177623","Combined EP300 and CREBBP Expression Levels Regulate Human Trophoblast Differentiation.","Lin, Fangxu; Keijser, Remco; Afink, Gijs","International journal of molecular sciences","2026-09-15","https://pubmed.ncbi.nlm.nih.gov/42737523/","Extravillous trophoblast (EVT) differentiation is essential for placental development and successful pregnancy, yet the molecular mechanisms regulating this process remain incompletely understood. CREB-binding protein (CREBBP) and E1A-binding protein p300 (EP300) are closely related lysine acetyltransferases that function as transcriptional co-activators. Previous studies reported that EP300 depletion impairs EVT differentiation whereas CREBBP depletion has little or no effect. We found that CREBBP mRNA expression was approximately one-third of EP300 expression in trophoblast stem cells (TSCs) and differentiated trophoblast lineages. To investigate whether differential CREBBP and EP300 expression explains this asymmetry in EVT differentiation initiation, we combined siRNA-mediated knockdown, CRISPR-generated CREBBP-deficient TSCs, pharmacological inhibition, and lentiviral Crebbp overexpression during EVT differentiation. While CREBBP depletion alone produced minimal phenotypic effects, CREBBP-deficient cells displayed increased sensitivity to the CREBBP/EP300 inhibitor A-485, with inhibitory effects appearing at lower A-485 concentrations in cells with reduced CREBBP level. Moreover, increased CREBBP expression partially rescued the EP300-depletion phenotype, including EVT-like morphology and selected differentiation marker expression. Together, these findings demonstrate that CREBBP contributes to EVT differentiation, but its role is obscured by its lower endogenous expression. We propose that the combined contributions of CREBBP and EP300, rather than EP300-specific activity alone, influence human trophoblast differentiation efficiency."
"pubmed","42737512","10.3390/ijms27177612","Modeling NDD-Associated NLGN2 Depletion Using CRISPR/Cas13 Reveals Exaggerated Process Elongation Mediated by the CCDC88A-G Protein-ELMO Axis.","Yako, Hideji; Takahashi, Mikito; Tada, Shiori; Waragai, Mitona; Miyamoto, Yuki; Yamauchi, Junji","International journal of molecular sciences","2026-09-15","https://pubmed.ncbi.nlm.nih.gov/42737512/","Neuroligin-2 (NLGN2) is a cell adhesion molecule implicated in neurodevelopmental disorders (NDDs), including autism spectrum disorder (ASD) and intellectual disability (ID). While NLGN2 is well known as a postsynaptic organizer of predominantly inhibitory synapses, accumulating evidence suggests that NLGN family proteins are also involved in neuronal morphogenesis during early developmental stages. However, a gap remains in our understanding of how loss of function in NLGN2 potentially leads to abnormal neuronal morphogenesis. Here, we investigated the molecular basis of excessive neuronal process formation induced by depletion of NLGN2 using the N1E-115 cell line, an established model of neuronal differentiation. Clustered regularly interspaced short palindromic repeat (CRISPR)/Cas13-mediated knockdown of NLGN2 promoted neuronal process elongation and neuronal differentiation marker expression. Mechanistically, NLGN2 knockdown resulted in activation of coiled-coil and hook domain-containing protein 88A (CCDC88A, also known as Girdin or GIV), a non-receptor guanine nucleotide exchange factor for heterotrimeric G proteins. Transfection of the regulator of G protein signaling (RGS) domain of RGS3, a negative regulator of G proteins, or the G protein-binding domain of engulfment and cell motility 1 (ELMO1) effectively decreased the excessive process elongation phenotype. Similar effects were observed in primary cortical neurons. Furthermore, these interventions normalized elevated Rac1 activity induced by NLGN2 knockdown. Collectively, our findings identify the CCDC88A-G protein-ELMO signaling pathway as a key mediator of excessive neuronal morphogenesis following NLGN2 knockdown. These results provide valuable insight into the mechanisms by which NLGN2 dysfunction may contribute to abnormal neuronal morphogenesis and suggest potential recovery strategies."
"pubmed","42737493","10.3390/ijms27177591","From the Microscope to the Genome: A New Era in the Molecular Genetics of Epidermolysis Bullosa.","Tsvetkova, Maria; Dimitrova, Tsonka; Yaneva, Galina","International journal of molecular sciences","2026-09-15","https://pubmed.ncbi.nlm.nih.gov/42737493/","Epidermolysis bullosa (EB) is a heterogeneous group of inherited disorders characterised by skin fragility, caused by pathogenic variants in genes encoding structural components of the dermo-epidermal junction. With the advent of next-generation sequencing (NGS), the diagnostic paradigm has shifted from a morphological to a genotype-oriented approach. This review summarises the genetic architecture of EB, the types of mutations and genotype-phenotype relationships, the challenges in interpreting variants of unknown significance (VUS), and therapeutic strategies targeting specific mutational mechanisms, including read-through approaches, exon skipping and genome editing. The role of modifier genes and epigenetic factors in clinical variability is also discussed. The focus is on the translational potential of genomics for personalized therapy in EB. Overall, this review synthesizes the molecular basis of all four major EB types across 16+ classical genes, highlights the paradigm shift where NGS achieves a diagnostic yield exceeding 90%, and critically assesses recent therapeutic milestones-ranging from the first FDA-approved topical gene therapy to precision RNA and genome-editing modalities."
"pubmed","42737251","10.3390/foods15173006","Metabolic Engineering of Probiotic Saccharomyces boulardii Enables Intestinal 3-Hydroxybutyrate Delivery and Alters Short-Chain Fatty Acid Profiles in Mice.","Jeong, Deokyeol; Yoo, Tongkewn; Woo, Jieun; Xu, Luping; Kim, Soo Rin; Wang, Weicang; Kim, Kee-Hong; Oh, Eun Joong","Foods (Basel, Switzerland)","2026-09-15","https://pubmed.ncbi.nlm.nih.gov/42737251/","3-Hydroxybutyric acid (3-HB) is a bioactive ketone body involved in the regulation of intestinal inflammation and metabolic homeostasis. Although engineered bacterial probiotics have been developed for localized 3-HB delivery, their susceptibility to antibacterial antibiotics may limit their use during concurrent antibiotic treatment. The probiotic yeast Saccharomyces boulardii offers an alternative host for intestinal 3-HB delivery because of its compatibility with antibacterial antibiotics and the availability of well-established genetic engineering tools. Here, we engineered S. boulardii for 3-HB production using Cas9-mediated genome editing. A heterologous 3-HB biosynthetic pathway was introduced into S. boulardii MYA-797, and endogenous acetyl-CoA and ethanol metabolism was subsequently rewired by overexpressing ACS1, deleting ADH1, and overexpressing ADH7. The optimized strain, SbDY02, produced 1.7 g/L 3-HB under microaerobic conditions. Oral administration of SbDY02 to C57BL/6J mice increased fecal 3-HB and short-chain fatty acid (SCFA) concentrations by 1.89-fold and 1.68-fold, respectively, compared with mice receiving the parental strain. Repeated administration also increased fecal acetate and circulating total SCFAs, butyrate, and propionate. In human colonic epithelial cells, purified 3-HB attenuated lipopolysaccharide-induced p38 MAPK phosphorylation, supporting its direct activity toward inflammation-associated epithelial signaling. To our knowledge, this study provides the first demonstration of a 3-HB-producing probiotic yeast and links central metabolic engineering of S. boulardii with increased 3-HB availability, altered SCFA profiles, and a host-relevant epithelial response."
"pubmed","42736696","10.2174/0113816128486412260828111209","Novel Therapeutic Frontiers in Duchenne Muscular Dystrophy: Gene Therapy, Exon Skipping, and Stem Cell Approaches.","Ansari, Shahjad; Saifi, Mohd Amaan; Ahmed, Sarfaraz; Kumar, Arun; Alam, Muneer; Teotia, Deepak; Nandi, Sisir","Current pharmaceutical design","2026-09-15","https://pubmed.ncbi.nlm.nih.gov/42736696/","Duchenne Muscular Dystrophy (DMD) is a chronic X-linked recessive neuromuscular disorder with a prevalence of 1 in 3,500 to 5,000 live male births worldwide. Alterations in the dystrophin gene, one of the biggest known human genes with 2.5 million base pairs and 79 exons, located at Xp21.1, are responsible for the disease. The dystrophin protein, an essential structural component that links the muscle cell cytoskeleton actin to the extracellular matrix through the dystrophin-associated protein complex, is either lacking or dysfunctional due to these mutations. Dystrophin deficiency compromises muscle membrane stability, leading to gradual deterioration of muscle fibers, fibrosis, and replacement by adipose tissue. Numerous disrupted physiological pathways, such as calcium dysregulation, faulty nitric oxide signaling, altered PI3K-Akt-mTOR growth signaling, chronic inflammatory responses, and oxidative stress, are implicated in the pathophysiology of DMD. Affected males clinically demonstrate early childhood muscular weakness; characteristic signs such as Gower's maneuver and calf hypertrophy; increasing ambulation loss by adolescence; and potentially lethal cardiorespiratory problems that generally manifest in the third decade of life. Corticosteroids remain the primary therapeutic modality, significantly improving ambulation and quality of life; nevertheless, extended use entails severe adverse effects. Recent treatment advancements provide renewed optimism via diverse innovative strategies, namely CRISPR-Cas9 gene editing, antisense oligonucleotide-mediated exon skipping (eteplirsen, golodirsen, viltolarsen, and casimersen), microdystrophin gene therapy using Adeno-Associated Viral (AAV) vectors, stop codon read-through therapy, and stem cell-based treatments. But difficulties with cost, immunogenicity, efficacy, and mutant specificity persist. Through multidisciplinary treatment and continuous scientific progress, individualized precision medicine that integrates therapies targeting secondary pathogenic pathways with dystrophin-restoration techniques can finally convert this devastating illness into a tolerable chronic ailment."
"pubmed","42736446","10.1007/s13365-026-01343-5","HIV cure: from early therapies to cutting-edge strategies.","Safaei, Zahra; Khalili, Kamel","Journal of neurovirology","2026-09-15","https://pubmed.ncbi.nlm.nih.gov/42736446/","HIV has challenged humanity for decades, quietly establishing latent reservoirs that evade even the most potent antiretroviral therapies (ART). While ART transformed HIV from a fatal disease into a manageable condition, the virus's hidden persistence continues to fuel the global epidemic. This review narrates the story of HIV treatment, tracing the evolution of therapeutic strategies from conventional ART to innovative gene-editing and immunotherapeutic approaches. Central to this journey is the CRISPR-Cas system, a molecular scalpel that has enabled precise excision of integrated proviral DNA, disruption of entry co-receptors like CCR5, and modulation of host restriction factors to bolster innate defenses. Preclinical studies reveal that CRISPR interventions can reduce viral reservoirs, prevent reactivation, and restore antiviral immunity, offering a glimpse of a future beyond lifelong ART. Challenges remain, notably efficient delivery to infected cells and minimizing off-target effects, but advances in vector design and computational prediction tools are steadily overcoming these barriers. By weaving experimental findings with translational perspectives, this review highlights CRISPR's potential to provide durable, scalable, and cost-effective HIV control, particularly in low-resource settings. Ultimately, this narrative underscores a hopeful vision: that precise gene editing may transform HIV therapy from lifelong suppression into a pathway toward functional cure, changing the story of the virus and the lives it touches."
"pubmed","42736367","10.1038/s41386-026-02561-5","Endocannabinoid metabolism at VTA GABAergic neurons gates motivation for social, but not food, reward.","Medina-Saldivar, Carlos; Cardozo, Carlos F; Gildish, Iness; Baidoo, Nana; Chandra, Ramesh; Lujan, Miguel A; Lobo, Mary Kay; Venniro, Marco; Cheer, Joseph F","Neuropsychopharmacology : official publication of the American College of Neuropsychopharmacology","2026-09-15","https://pubmed.ncbi.nlm.nih.gov/42736367/","The endocannabinoid system functions as a gatekeeper of motivational processes. Here, we show that CRISPR-mediated inhibition of the degrading enzyme for the brain endocannabinoid, 2-AG, at ventral tegmental area GABAergic interneurons promotes social, but not food-maintained, operant responding. These results reveal a region-specific role for endocannabinoid signaling in social motivation."
"pubmed","42736357","10.1038/s41477-026-02410-9","CRISPR beyond biology: building a sustainable innovation system.","Barbez, Elke; Boldt, Joachim; Kleine-Vehn, Jurgen","Nature plants","2026-09-15","https://pubmed.ncbi.nlm.nih.gov/42736357/",""
"pubmed","42736308","10.1038/s41467-026-76818-4","Redox cycling of viral RNA polymerase controls picornavirus replication.","Li, Wei-Wei; Zhu, Zhao-Yu; Zhang, Wei; Pei, Dan-Shi; Feng, Tao; Hao, Rong-Zeng; Li, Dan; Zhu, Guo-Liang; Li, Tao; Yang, Wen-Ping; Qin, Xiao-Dong; Cao, Xue-Jing; Feng, Ya-Ru; Fan, Xu-Xu; Xu, Zhi-Sheng; Zhu, Zi-Xiang; Zheng, Hai-Xue","Nature communications","2026-09-15","https://pubmed.ncbi.nlm.nih.gov/42736308/","Picornaviruses, including foot-and-mouth disease virus (FMDV), enterovirus 71 (EV71) and encephalomyocarditis virus (EMCV), are important pathogens that cause fever, herpes, and myocarditis in humans and animals. The interplay between picornaviruses and their hosts remains enigmatic. Here we perform porcine genome-wide CRISPR/Cas9 screens and identify methionine sulfoxide reductase B3 (MSRB3) as an essential factor for FMDV. MSRB3 deficiency inhibits FMDV replication. Mechanistically, MSRB3 eliminates methionine oxidation of FMDV 3D polymerase and stabilizes its expression. Further studies show that radical SAM domain-containing protein 1 (RSAD1) catalyzes methionine oxidation of FMDV 3D polymerase and promotes its aggregation and subsequent degradation through the autophagy-lysosome pathway. Importantly, RSAD1-MSRB3-mediated redox modification also affects the stability of 3D polymerases of EV71 and EMCV, and regulates their infectivity and pathogenesis both in vitro and in vivo. Collectively, this study corroborates that RSAD1-MSRB3-mediated redox cycling of 3D polymerase plays a conserved function in modulating picornavirus infection, providing insights into viral pathogenesis and broad-spectrum antiviral development."
"pubmed","42736281","10.1038/s41467-026-75872-2","DHODH inhibition drives albumin-mediated drug resistance through TERF2IP lactylation-activated macropinosome-mitochondria contact.","Yuan, Junhu; Wang, Tan; Ma, Yarui; Li, Guangyu; Wang, Chenxi; Liu, Mei; Cai, Zian; Wang, Xiaoyue; Wang, Xiaobing; Wang, Hongying; Jiao, Yuchen","Nature communications","2026-09-15","https://pubmed.ncbi.nlm.nih.gov/42736281/","Macropinocytosis enables cancer cells to scavenge extracellular nutrients and contributes to tumor progression, but its role in chemoresistance remains poorly characterized. Through CRISPR-Cas9 and small-molecule screens, we identify inhibition of dihydroorotate dehydrogenase (DHODH), an enzyme in pyrimidine synthesis, as an inducer of macropinocytosis. Mechanistically, DHODH inhibition triggers metabolic reprogramming toward glycolysis and lactate accumulation. This metabolic shift promotes lysine 208 lactylation of telomeric repeat-binding factor 2-interacting protein (TERF2IP), unveiling its moonlighting function in transcriptional activation of epiregulin, which activates EGFR signaling to promote macropinocytosis. Macropinosomes contact mitochondria, enabling albumin translocation into the mitochondrial intermembrane space where it interacts with DHODH, diminishing inhibitor binding and restoring DHODH activity. This adaptive response contributes to drug resistance in vitro and in vivo, and co-administration of DHODH inhibitors with macropinocytosis blockers or EGFR inhibitors enhances anti-tumor efficacy. Our findings reveal a previously unknown metabolic stress-induced macropinocytosis pathway and provide a rationale for combination therapy to enhance DHODH inhibitor efficacy in cancer treatment."
"pubmed","42736272","10.1038/s41392-026-02848-5","Interleukin-1 receptor-associated kinase 1 controls chemoresistance and immuno-killing in non-small cell lung cancer.","Digiovanni, Sabrina; Giannotta, Claudia; Alessandri, Luca; Fontana, Simona; Meoli, Angelo; Bironzo, Paolo; Merlini, Alessandra; Doronzo, Gabriella; Sushant, Parab; Balmas, Elisa; Akman, Muhlis; Kopecka, Joanna; Arigoni, Maddalena; Napoli, Francesca; Wens, Julia; Tarallo, Samuele; Bertero, Alessandro; Guglielmo, Stefano; Rolando, Barbara; Palma, Davide; Righi, Luisella; Massaia, Massimo; Calogero, Raffaele; Bussolino, Federico; Novello, Silvia; Scagliotti, Giorgio Vittorio; Salaroglio, Iris Chiara; Riganti, Chiara","Signal transduction and targeted therapy","2026-09-15","https://pubmed.ncbi.nlm.nih.gov/42736272/","Non-small cell lung cancer (NSCLC) shows partial chemoimmunoresistance, driven by the upregulation of the drug efflux transporters ABCB1 and ABCC1 and the downregulation of the immunosensitizer protein ABCA1. To elucidate the molecular mechanisms underlying this chemoimmunoresistant phenotype, by performing a CRISPR-KO kinome screening, we identified interleukin-1 receptor-associated kinase 1 (IRAK1) as a key determinant of chemoimmunosensitive and chemoimmunoresistant phenotypes, defined as ABCB1/ABCC1(low)ABCA1(high) and ABCB1/ABCC1(high)ABCA1(low), respectively. IRAK1 expression was significantly associated with poor prognosis in the TCGA-LUAD cohort and in early-stage NSCLC patients. The IRAK1/ABCB1/ABCC1(high)ABCA1(low) signature was predictive of poor response to chemotherapy and immunotherapy in advanced-stage patients. Mechanistically, IRAK1 silencing resensitized NSCLC cells to cisplatin by decreasing IL-1R/NFkappaB and IL-1R/AP-1 signaling, which in turn downregulated the drug efflux transporters ABCB1 and ABCC1. Concurrently, IRAK1 silencing activated the LXRalpha/ABCA1 axis, which enhanced Vgamma9Vdelta2 Tcell-mediated cytotoxicity and facilitated the recruitment of memory and effector CD4(+) and CD8(+) T cells in both ex vivo autologous cocultures and immunoxenografts, increasing the immuno-killing ability of tumor cells. Newly developed synthetic inhibitors of IRAK1 efficiently promoted chemo- and immunosensitization in immunoxenografts, resulting in good pharmacokinetic and safety profiles. These findings identify IRAK1 as a novel, druggable target that controls both chemoresistance and immune evasion in NSCLC. We suggest the pharmacological inhibition of IRAK1 as a future promising strategy to overcome resistance to chemotherapy and improve patient outcomes."
"pubmed","42735797","10.1016/j.canlet.2026.218840","Epithelial HSD11beta2 as an immunometabolic checkpoint in head and neck cancer: Restoring local steroid inactivation reinvigorates T cell immunity.","Lamenza, Felipe F; Upadhaya, Puja; Ramalingam, Ravi; Jagadeesha, Sushmitha; Shrestha, Suvekshya; Kehres, Reegan; Kazmierowicz, Natalie; Dasari, Sonali; Masood, Shaheer; Nyati, Kishan Kumar; Roth, Peyton; Horn, Natalie; Pracha, Hasan; Siddiqui, Arham; Mo, Xiaokui; Zhu, Jian; Iwenofu, Hans; Oghumu, Steve","Cancer letters","2026-09-15","https://pubmed.ncbi.nlm.nih.gov/42735797/","Systemic glucocorticoid (GC) effects in oncology are well recognized; however, the role of local GC metabolism within the tumor microenvironment remains poorly defined. Epithelial 11beta-hydroxysteroid dehydrogenase 2 (HSD11beta2), which inactivates GCs, may regulate GC-driven immune suppression in head and neck squamous cell carcinoma (HNSCC). We combined clinical survival analyses from an HNSCC cohort (ORIEN) with mechanistic studies in CRISPR/Cas9 Hsd11beta2-knockout (KO) cell lines, an epithelial-specific Hsd11beta2 conditional KO (eHSD(-/-)) mouse model, and an orthotopic model with exogenous GC exposure. Immune profiling, GC quantification, and transcriptomic analyses were performed. Apigenin was evaluated as a pharmacologic inducer of HSD11beta2. In the retrospective HNSCC cohort, GC (Prednisolone) exposure was associated with inferior overall survival (HR = 2.1, 95% CI 1.3-3.46; p <0.0001). Loss of epithelial Hsd11beta2 increased active GC bioavailability, enhanced tumor proliferation, and suppressed T cell effector function, accompanied by expansion of immunosuppressive myeloid populations. Transcriptomic analyses revealed activation of GC-responsive and pro-tumor pathways with concurrent depletion of lymphocyte activation signatures. Pharmacologic induction of HSD11beta2 with apigenin reduced active GC levels, suppressed tumor growth, and restored T cell function. Notably, apigenin retained partial antitumor effects in Hsd11beta2 KO models, indicating both HSD11beta2 dependent and complementary mechanisms. These findings support a role for local GC metabolism as an immunometabolic checkpoint in HNSCC. In experimental models, restoring epithelial GC inactivation via HSD11beta2 reduces immune suppression and restrains tumor progression. Pharmacologic induction of HSD11beta2 represents a promising strategy to counter steroid-driven immune evasion and may enhance responses to immunotherapy."
"pubmed","42735679","10.1016/j.ccell.2026.07.014","Pancreatic ductal adenocarcinoma: The Vision of Heracles.","Mota Reyes, Carmen; Goetz, Mara R; Algul, Hana; Dogruoez, Alper; Falcomata, Chiara; Gaida, Matthias M; Gorgulu, Kivanc; Gultekin, Yetis; Gurcinar, Ibrahim Halil; Hasselluhn, Marie C; Istvanffy, Rouzanna; Kalluri, Raghu; Kalluri, Valerie S; Kiemen, Ashley; Kim, Pilhan; Lee, Sang-Won; Lesina, Marina; Yu, Peter; Maitra, Anirban; Muller, Clara M; Muller, Sebastian; Nam, Dowoon; Olive, Kenneth P; Pasca Di Magliano, Marina; Rad, Roland; Saur, Dieter; Vander Heiden, Matthew G; Vormehr, Mathias; Wood, Laura D; Yondem, Eyup; Zschapitz, David; Karakas, Didem; Friess, Helmut; Ceyhan, Guralp O; Demir, Ihsan Ekin","Cancer cell","2026-09-15","https://pubmed.ncbi.nlm.nih.gov/42735679/","Pancreatic ductal adenocarcinoma (PDAC) remains among the deadliest malignancies, as tumors evolve faster than therapies. Resistance is ecological, not merely KRAS driven, involving overlooked players like high-grade pancreatic intraepithelial neoplasias (PanINs), peripancreatic fat, stromal mechanics, myeloid-neural circuits, metabolic rewiring, and systemic host responses. We propose precision interception targeting PanIN/intraductal papillary mucinous neoplasm (IPMN) biology, spatial-functional-proteogenomic classification beyond transcriptomics, the Heracles Protocol (measure, prime, strike, and adapt), and integrated technologies from AI pathology to exosomal delivery and CRISPR-based synergy mapping, together making PDAC more tractable."
"pubmed","42735493","10.1016/j.neo.2026.101359","Understanding tumor adaptations and resistance to MET inhibitors in MET-altered non-small cell lung cancer.","Simard, Manon A; Marin, Elba; Garcia-Roman, Silvia; Aguado, Cristina; Yekelchyk, Michail; Schmelas, Carolin; Berges, Nina; Mardin, Balca R; Ockfen, Sophie; Schaefer, Rebecca; Esser, Markus; Yang, Jing; Geist, Felix; Schadt, Oliver; Reusch, Christof; Bender, Sebastian; Jordana-Ariza, Nuria; Esparre, Carlos; Roman, Ruth; Apata, Tolulope; Teixido, Cristina; Rico-Pasto, Marc; Hijazo-Pechero, Sara; Querol, Marina; Morfouace, Marie; Molina-Vila, Miguel Angel; Reguart, Noemi; Karachaliou, Niki","Neoplasia (New York, N.Y.)","2026-09-15","https://pubmed.ncbi.nlm.nih.gov/42735493/","AIM: Type Ib MET inhibitors are clinically active in selected MET-altered non-small cell lung cancer, particularly tumors with MET exon 14 skipping or MET amplification, but acquired resistance remains incompletely understood. Here, we investigated resistance across biologically distinct MET-altered contexts, including MET exon 14 skipping, MET amplification, and MET overexpression. METHODS: Paired baseline and progression samples from seven patients treated with tepotinib or capmatinib were analyzed using spatial transcriptomics, whole-exome sequencing, RNA sequencing, CRISPR screening, and drug-combination assays. Patient-derived cultures and resistant cell-line models were used to explore resistance-associated changes. RESULTS: MET inhibitor resistance was heterogeneous, with persistence of the initial MET alteration in most evaluable cases and emergence of patient-specific genomic events. Three main resistance-associated, often overlapping, routes were identified: on-target MET evolution through kinase-domain alterations; extracellular matrix and tumor-microenvironment remodeling, including collagen and fibronectin upregulation, complement-related signaling, and partial EMT-associated programs; and bypass signaling involving EGFR/HER, MAPK, and PI3K/Akt pathways. In vitro models reproduced several tumor-cell-intrinsic features but only partially captured microenvironment-associated changes. CONCLUSIONS: MET inhibitor resistance in this cohort involved overlapping, context-dependent genomic, phenotypic, and signaling adaptations, supporting combination strategies for MET-altered lung cancer."
"pubmed","42735467","10.1016/j.vetpar.2026.110918","Targeting sexual stage-specific flagellar proteins to develop vaccines for feline toxoplasmosis.","Fonda, Andongma Esack; Cao, Xiaopei; Li, Huiqiang; Ge, Yimeng; Zhou, Zhou; Wang, Chaoyue; Shen, Bang","Veterinary parasitology","2026-09-15","https://pubmed.ncbi.nlm.nih.gov/42735467/","Toxoplasma gondii mainly relies on feline-shed oocysts for environmental transmission, making the blockade of oocyst shedding an effective strategy for toxoplasmosis control. Although cilia- and flagella-associated proteins (CFAPs) are essential for flagellar assembly, maturation, and motility in mammalian male gametes, their biological roles and transmission-blocking vaccine potential in apicomplexan parasites remain unexplored. Here, we identified CFAP221 as a sexual stage-exclusive antigen of T. gondii. CRISPR/Cas9-mediated knockout of CFAP221 did not affect tachyzoite growth or mouse virulence, but completely abolished oocyst shedding in cats, confirming its involvement in sexual development. To assess vaccine efficacy, cats were immunized with developmentally defective Deltacfap221 tachyzoites or recombinant CFAP221 (rCFAP221) subunit vaccines. Comprehensive physical, hematological, and biochemical monitoring confirmed that all vaccine candidates were safe and well tolerated in cats. Upon oral challenge with PRU tissue cysts, daily fecal output was monitored from day 2 post-challenge for two weeks. Deltacfap221 immunization reduced oocyst shedding by 70%, while unadjuvanted rCFAP221 decreased oocyst output by over 90%. Remarkably, adjuvanted rCFAP221 achieved complete blockage of oocyst shedding. These findings indicate CFAP221 as a highly promising transmission-blocking vaccine candidate against T. gondii."
"pubmed","42735456","10.1016/j.jphotobiol.2026.113563","Light-activated CRISPR/dCas9 nanomedicine for programmable control of renal fibrosis.","Taha, Bakr Ahmed; Addie, Ali J; Haider, Adawiya J; Ibnaouf, Khalid; Apsari, Retna; Arsad, Norhana","Journal of photochemistry and photobiology. B, Biology","2026-09-15","https://pubmed.ncbi.nlm.nih.gov/42735456/","Renal fibrosis is the final common pathway of progressive chronic kidney disease and is maintained by spatially heterogeneous interactions among injured epithelial cells, activated fibroblasts, immune cells, extracellular matrix remodeling, metabolic stress, and persistent profibrotic transcriptional programs. Current therapies slow renal functional decline but do not directly control the regulatory circuits that stabilize maladaptive repair. Photoresponsive renal nanomedicine offers a potential strategy to add external control to anti-fibrotic intervention by combining kidney-directed delivery with light-gated release or activation of molecular payloads. This review examines the emerging interface between photoresponsive nanomaterials and CRISPR/dCas9-based gene regulation for renal fibrosis, with emphasis on upconversion nanoparticles, photoresponsive polymers, ROS- and pH-responsive matrices, optogenetic switches, and renal-compartment-directed carrier design. We argue that the most defensible therapeutic objective is not permanent genome editing or autonomous organ regeneration, but spatially confined, temporally limited, and reversible regulation of validated fibrotic or protective gene programs using CRISPRa, CRISPRi, or dCas9-based epigenome editors. The review therefore evaluates material requirements, optical-dosimetry constraints, payload architecture, renal biodistribution, target-selection logic, safety risks, and preclinical validation criteria. By defining the engineering and biological conditions required for controlled anti-fibrotic regulation, this framework positions photoresponsive renal nanomedicine as a translationally testable route toward localized modulation of fibrotic cell states rather than an overextended claim of kidney regeneration."
"pubmed","42734903","10.1002/cncr.70612","Top advances of the year in autologous cellular therapy in melanoma and solid tumors.","Loo, Kimberly; Betof, Allison S","Cancer","2026-09-14","https://pubmed.ncbi.nlm.nih.gov/42734903/","The year 2025 marked significant advances in autologous cellular therapy for melanoma and solid tumors, building on landmark regulatory approvals in 2024. Lifileucel, the first Food and Drug Administration-approved tumor-infiltrating lymphocyte (TIL) therapy for advanced melanoma, demonstrated durable efficacy in the 5-year analysis of the C-144-01 trial, with an objective response rate (ORR) of 31.4% and prolonged responses in a heavily pretreated population. Real world data further supported its effectiveness, with higher ORR likely reflecting earlier lines of therapy and differences in patient selection. Preferentially expressed antigen in melanoma (PRAME)-targeted T-cell receptor (TCR) T-cell therapy (anzu-cel, IMA203) showed promising activity in a phase 1 study, with ORR of approximately 50% in checkpoint inhibitor refractory melanoma, durable responses, and manageable toxicity, validating PRAME as a high value target across multiple tumor types. Next-generation engineered TIL approaches emerged to address limitations of high-dose IL-2. OBX-115, an IL-2 independent TIL platform expressing membrane-bound IL-15 regulated by acetazolamide, demonstrated early clinical activity with ORR of 67% in initial phase 1 data. Additional strategies, including CRISPR-mediated gene editing and checkpoint disruption, highlight a shift toward programmable, self-sustaining cellular therapies. Personalized neoantigen-based therapies advanced with early clinical validation of adoptive T-cell platforms and mRNA vaccines, demonstrating immune activation and improved recurrence-free survival in melanoma. Finally, afamitresgene autoleucel (afami-cel), a MAGE-A4 directed TCR-T therapy, showed durable efficacy in synovial sarcoma and expanding activity across solid tumors, establishing proof of concept for TCR-T approaches. Collectively, these advances position autologous cellular therapy as an evolving standard of care in melanoma and a promising modality across solid tumors, with ongoing efforts focused on improving accessibility, overcoming resistance, and optimizing combinatorial strategies."
"pubmed","42734856","10.1007/s10532-026-10368-w","Microbial consortia for pesticide biodegradation: mechanisms, cross-class pathways, and translational challenges.","Lavanya, Elango; Iruthayasamy, Johnson; Soodamani, Arunprakash; Petchimuthu, Mareeswari; Angappan, Suganthi; Murugavel, Kavitha; Muthusamy, Karthikeyan","Biodegradation","2026-09-14","https://pubmed.ncbi.nlm.nih.gov/42734856/","The use of synthetic pesticides estimated at 4.1 million metric tons annually worldwide, has led to widespread contamination of soils and aquatic environments, with documented risks to ecosystem integrity and human health. Physicochemical remediation methods are costly and often generate secondary pollutants and toxic intermediates, making microbial bioremediation a lower-residue alternative to physicochemical treatment. Because pesticide degradation in natural environments is rarely achieved by single microbial species, this review critically synthesizes evidence on multi-species microbial consortia-natural, synthetic, and genetically engineered for the biodegradation of six major pesticide classes: organophosphates, carbamates, pyrethroids, neonicotinoids, organochlorines, and triazines. Integration of the ecological mechanisms underlying consortium synergism (sequential metabolic cooperation, metabolic division of labour, biosurfactant-mediated bioavailability enhancement, horizontal gene transfer, and extracellular enzyme cooperation) with the enzymatic and genetic basis of degradation for each pesticide class, and evaluate how emerging tools like multi-omics profiling, CRISPR-based strain engineering, immobilisation technologies, synthetic consortium design, and AI-assisted optimisation are reshaping consortium design. Reported removal efficiencies are consistently higher for consortia than for monocultures across the studies reviewed here, though direct comparisons vary by pesticide class and experimental design. The review closes by evaluating the principal barriers to field-scale translation, strain persistence, ecological risk and regulatory approval, and monitoring of introduced strains and proposes a tiered framework for matching consortium design to contamination scenario. To date, this is the review to integrate ecological interaction mechanisms, class-specific enzymatic pathways, and translational technologies for pesticide-degrading consortia within a single framework."
"pubmed","42734821","10.1039/d6cc04790d","A steric hindrance-regulated autocatalytic CRISPR/Cas12a system for direct and amplification-free microRNA detection.","Kong, Weisu; Li, Jiaxuan; Wei, Ruyue; Wang, Shuqi; Li, Yufan; Pan, Wei; Li, Na; Tang, Bo","Chemical communications (Cambridge, England)","2026-09-14","https://pubmed.ncbi.nlm.nih.gov/42734821/","We constructed a CRISPR/Cas12a autocatalytic system based on a miRNA-triggered overhang blocker (OB) cleavage-recombination framework, in which Cas12a sequentially removed steric hindrance to initiate cyclic autocatalysis, enabling exponential signal amplification for visual miRNA detection without target pre-amplification, thereby overcoming direct Cas12a recognition limitations for point-of-care diagnostics."
"pubmed","42734786","10.1007/978-1-0716-5496-5_3","RT-RPA-Assisted CRISPR/Cas12a-Based Isothermal Detection of Chikungunya Virus.","Bhardwaj, Pooja; Dwivedi, Gaurav Raj; Joshi, Hari Shanker; Singh, Rajeev","Methods in molecular biology (Clifton, N.J.)","2026-09-14","https://pubmed.ncbi.nlm.nih.gov/42734786/","Chikungunya virus (CHIKV) is transmitted through the bite of Aedes mosquitoes, specifically A. aegypti and A. albopictus. CHIKV belongs to the alphavirus with a positive-sense ssRNA genome of 11-12 kb size. The virus has been reported from various geographical regions across the globe. Chikungunya fever is an acute febrile illness, which, if left untreated, may develop into chronic arthralgia that may persist for several months or acute encephalitis syndrome. Therefore, early diagnosis of CHIKV is crucial to initiate prompt supportive treatment. Laboratory diagnosis of CHIKV typically relies on serological tests such as IgM antigen capture ELISA and molecular methods including RT-PCR or qRT-PCR. However, both these methods are not viable in peripheral settings. This chapter highlights recent advancements in molecular detection techniques for CHIKV, specifically isothermal detection methods that eliminate the requirement for complex instruments. The detection is facilitated by RT-RPA and CRISPR/Cas12a endonuclease. The assay offers advantages over existing methods such as rapid and early detection, and eliminates cross-over contamination, ultra-sensitivity, high specificity, and ease of result interpretation."
"pubmed","42734752","10.1007/978-1-0716-5539-9_12","Systematic Dissection of Key Driver Perturbation Signatures in Single Cells via ECCITE-seq.","Zhang, Jinglong; Brennand, Kristen J; Zhang, Bin; Wang, Minghui; Li, Aiqun","Methods in molecular biology (Clifton, N.J.)","2026-09-14","https://pubmed.ncbi.nlm.nih.gov/42734752/","CRISPR screens, such as expanded CRISPR-compatible cellular indexing of transcriptomes and epitopes by sequencing (ECCITE-seq), enable the simultaneous measurement of transcriptomes, gRNA identity, and cell-surface protein expression at single-cell resolution to systematically interrogate gene function. This platform provides a powerful and scalable experimental approach for validating disease-associated regulators identified by large-scale association studies and other computational methods, including network-based analyses of multi-omics data. Here, as an example application, we describe an ECCITE-seq framework to characterize the transcriptomic consequences of perturbing multiple neuronal key driver genes associated with Alzheimer's disease (AD) in human-induced pluripotent stem cell (hiPSC)-derived neurons. More broadly, by integrating customized pooled gRNA libraries with different CRISPR effectors across multiple cell types, this approach allows for the assessment of the regulatory impact of candidate genes implicated in development and disease processes."
"pubmed","42734746","10.1007/978-1-0716-5539-9_6","A Standardized Protocol for Generating iPSC-Derived Human Microglia for Functional Genomic Assays.","Ngo, Jason; Lee, Emily; Olah, Marta; Sher, Falak","Methods in molecular biology (Clifton, N.J.)","2026-09-14","https://pubmed.ncbi.nlm.nih.gov/42734746/","Human induced pluripotent stem cell (iPSC)-derived microglia (iMG) provide an in vitro experimental system for studying human microglial biology, neuroinflammation, and genetic risk mechanisms associated with neurological disease. This chapter describes a standardized, scalable, and reproducible protocol for the differentiation of human iPSCs into functional microglia-like cells, with particular emphasis on applications in transcriptional and epigenomic network analysis. The protocol supports high-viability floating iMG production, compatibility with pooled CRISPR perturbation approaches, and downstream multiomic profiling, including single-cell RNA sequencing, chromatin accessibility assays, and proteomics. Detailed procedures are provided for iPSC maintenance, hematopoietic progenitor cell generation, microglial maturation, functional genomics integration, and quality control."
"pubmed","42734356","10.1128/jvi.01033-26","CRISPR and yeast two-hybrid screens identify CD81 as a proviral host factor for PRRSV.","Chen, Yongjie; He, Zhan; Pan, Yanfei; Luo, Yunyan; Huang, Baoying; Zhang, Yi; Li, Guohao; Guo, Chunhe","Journal of virology","2026-09-14","https://pubmed.ncbi.nlm.nih.gov/42734356/","Porcine reproductive and respiratory syndrome virus (PRRSV) remains a major economic burden on the global swine industry. Identifying host factors that mediate viral invasion is critical for developing antiviral strategies. Here, using a CRISPR screen targeting genes encoding cell surface CD proteins combined with yeast two-hybrid screening, we identified the tetraspanin CD81 as a novel host factor that promoted PRRSV infection by directly interacting with viral glycoprotein 5 (GP5). CD81 knockdown reduced PRRSV infection, whereas CD81 overexpression enhanced it. Consistently, antibody-mediated blockade of CD81 restricted infection in both Marc-145 cells and primary porcine alveolar macrophages. Mechanistic analysis showed that CD81 mainly facilitated viral internalization, and its C-terminal transmembrane region was required for GP5 binding and efficient infection. During infection, CD81 underwent autophagic degradation mediated by the selective autophagy receptor NDP52, suggesting a host restriction response that reduced CD81 availability. PRRSV countered this process by promoting NDP52 degradation, thereby stabilizing CD81 and favoring infection. These findings identify CD81 as both a key factor in PRRSV pathogenesis and a potential target for antiviral intervention.IMPORTANCEPorcine reproductive and respiratory syndrome virus (PRRSV) remains one of the most economically important swine pathogens worldwide, yet effective antiviral strategies are lacking because of its extensive genetic diversity and immune evasion. Here, we identified the tetraspanin CD81 as a previously unrecognized host factor that promoted efficient PRRSV infection. CD81 directly interacted with the viral glycoprotein GP5 to facilitate viral internalization, whereas disruption of CD81 by genetic depletion or antibody blockade markedly restricted infection. We further demonstrated that CD81 abundance was controlled by NDP52-mediated selective autophagy as an intrinsic antiviral mechanism, which PRRSV overcame by degrading NDP52 to stabilize CD81 and enhance viral replication. These findings reveal a previously unrecognized virus-host interaction that governs PRRSV entry and identify CD81 as a promising host-directed therapeutic target."
"pubmed","42734334","10.1128/mbio.01789-26","Monitoring kinetic changes and restriction of influenza A virus RNA species during infection using a Flu-Stranded CRISPR platform.","Tran, Anh-Tu; Tang, Wen-Fang; Hsieh, Chung-Fan; Chiu, Ya-Fang; Huang, Chung-Guei; Lee, Kuo-Ming; Kuo, Rei-Lin; Hsiung, Kuei-Ching; Chiu, Cheng-Hsun; Horng, Jim-Tong","mBio","2026-09-14","https://pubmed.ncbi.nlm.nih.gov/42734334/","Influenza A virus (IAV) generates three closely related RNA species: viral RNA (vRNA), complementary RNA (cRNA), and messenger RNA (mRNA), whose strand-specific quantification remains limited by sensitivity and quantitative dynamic range, particularly at low RNA abundance. Here, we developed Flu-Stranded CRISPR-Cas12a, a strand-specific detection platform integrating tagged reverse transcription, segment-specific PCR, and Cas12a collateral cleavage to support quantitative analysis of all three RNA species across a broad dynamic range. The assay enables reliable detection down to 10(2) copies per reaction, extending the lower quantitative boundary relative to both SYBR Green and TaqMan reverse transcription quantitative PCR (RT-qPCR) under matched conditions. Validated in infected cell lines, murine lung tissues, and clinical nasopharyngeal specimens, the platform enabled subtype-discriminating, strand-resolved detection, including samples near or below the quantitative range of SYBR Green RT-qPCR. Using finely resolved infection time-course analyses in NP and NA segments, we identified a reproducible early vRNA decline within the early post-infection phase. This decline was partially attenuated in RIG-I knockout A549 cells, while subsequent vRNA accumulation was enhanced, consistent with a modulatory rather than essential role for RIG-I in early viral RNA dynamics. Subcellular fractionation localized this decline to cytoplasmic incoming genomes. In contrast, importazole-mediated inhibition of nuclear import abolished vRNA recovery without affecting the early decline, indicating that nuclear entry functionally separates early genome reduction from subsequent productive replication. These findings establish Flu-Stranded CRISPR-Cas12a as a strand-resolved framework for monitoring IAV RNA dynamics and reveal an early window of genome vulnerability during cytoplasmic transit that shapes infection outcome. IMPORTANCE: The early fate of incoming influenza virus genomes remains unclear, limiting our understanding of how infection is established or aborted in host cells. We developed Flu-Stranded CRISPR-Cas12a, a strand-specific platform for sensitive and quantitative analysis of influenza viral RNA (vRNA), complementary RNA (cRNA), and messenger RNA (mRNA) across experimental and clinical samples. Using high-resolution time-course analysis, we identified a reproducible early decline in vRNA during the post-entry phase. Our data suggest that this early genome loss arises from multiple processes, with RIG-I acting as a modulatory factor rather than a primary driver. Subcellular fractionation localized this effect to cytoplasmic incoming genomes, whereas importin-beta-mediated nuclear entry was required for subsequent vRNA recovery. These findings support a model of an early cytoplasmic phase of genome attrition that is distinct from replication and provide a framework for understanding early influenza RNA kinetics and for guiding strand-resolved diagnostics and antiviral evaluation."
"pubmed","42734301","10.1093/pcp/pcag129","Generation of KARRIKIN INSENSITIVE2 loss-of-function mutants in Ceratopteris richardii using a CRISPR/Cas9 system based on ribozyme-gRNA-ribozyme (RGR) technology.","Wu, Ayano; Yoshiya, Seto; Kyozuka, Junko; Hata, Yuki","Plant & cell physiology","2026-09-14","https://pubmed.ncbi.nlm.nih.gov/42734301/",""
"pubmed","42734255","10.1039/d6ay01469k","An aptamer-regulated CRISPR/Cas12a system based on split crRNA for theophylline and tobramycin detection.","Liu, Jinming; Li, Le; Tang, Ziwen; Li, Yachen; Zhou, Fuxiang; He, Zhike; Ji, Xinghu","Analytical methods : advancing methods and applications","2026-09-14","https://pubmed.ncbi.nlm.nih.gov/42734255/","Most existing CRISPR/Cas12a methods for small molecules detection employ DNA aptamers as an intermediary, while RNA aptamers remain underexplored. The conventional CRISPR/Cas12 system offers limited programmability due to its partially conserved crRNA sequence. In this study, we developed an aptamer-regulated CRISPR/Cas12a system based on split crRNA. We divided the full crRNA into a crRNA handle segment (RH) and a crRNA spacer segment that is identical to the RNA aptamer sequence of target (RS-Apt). RS-Apt was endowed with dual functions: activating the activity of Cas12a and binding to target small molecules, ingeniously linking non-nucleic acid targets with the CRISPR system. The strong affinity between the target and RS-Apt reduces the amount of RS-Apt available to participate in the CRISPR system, resulting in a decrease in the fluorescence signal of the system. Within 1.5 h, the system for theophylline (TP) exhibited a linear range from 50 nM to 200 microM and a detection limit (LOD) of 2 nM, while the system for tobramycin (TOB) showed a linear range of 200 nM to 100 microM with an LOD of 63 nM. Notably, visual semi-quantitative detection of TP and TOB was achieved via lateral flow strips. Moreover, the system achieved satisfactory recovery and visual detection of TP using lateral flow strips in TP-spiked serum samples. This system can detect different targets simply by changing the sequence of the RS-Apt and activator, without the need for complex sequence design of the chains or large-scale instruments, providing a new strategy for CRISPR/Cas12a in the detection of small molecules."
"pubmed","42734220","10.1039/d6tb01546h","FRET-based nanoprobes for nucleic acid sensing and disease diagnosis: materials, probe architectures, and analytical trends.","Ammar, Ibrahim M; Panja, Saikat Kumar; Geng, Jin","Journal of materials chemistry. B","2026-09-14","https://pubmed.ncbi.nlm.nih.gov/42734220/","Forster resonance energy transfer (FRET) translates nanometre-scale changes in donor-acceptor separation into ratiometric fluorescence signals, enabling homogeneous and isothermal detection of nucleic acid biomarkers. In this review, we critically survey FRET-based nanoprobes for nucleic acid sensing and disease diagnosis, spanning organic dyes and cationic conjugated polymers to metallic nanoparticles, quantum dots, upconversion nanoparticles, carbon nanostructures, MXenes and polymeric nanoantennae. We organise probe designs by architectures, including sandwich hybridisation, disassembly hairpins, molecular beacons, dynamic junction sensors and enzyme-free DNA circuits, and analyse how these platforms achieve attomolar limits of detection, single-nucleotide discrimination and multiplexing in complex matrices. Representative case studies highlight applications in viral (e.g. SARS-CoV-2), bacterial and fungal pathogens, circulating cancer-related miRNAs and mRNAs, and neurodegenerative disease markers, as well as integration of FRET readouts with PCR and isothermal amplification workflows. We then compare FRET nanoprobes with established nucleic-acid assays in terms of analytical figures of merit, instrumentation, and compatibility with point-of-care (POC) formats. Remaining challenges, including photobleaching, spectral crowding, matrix autofluorescence, nanocarrier toxicity, and inter-laboratory reproducibility, are discussed in the context of emerging solutions such as near-infrared and lifetime-based FRET, CRISPR-coupled assays, DNA-origami nanoantennas, and microfluidic or smartphone-enabled devices. Finally, we outline key trends that could drive translation of FRET-based nucleic acid nanoprobes from proof-of-concept demonstrations to clinically actionable diagnostics."
"pubmed","42734166","10.1111/jipb.70387","The miR168a-TaAGO1b module improves Fusarium head blight resistance and yield in wheat.","Chen, Guoliang; Geng, Shuaifeng; Deng, Zhongyin; Che, Yuqing; Wang, Ziying; Chen, Tianhua; Cui, Dada; Zou, Xinyu; Chen, Qihang; Xu, Wanxin; Zhao, Zixu; Yan, Ziyi; Li, Tingting; Ye, Zili; Wu, Jiajie; Liu, Xigang; Zhang, Min; Mao, Long; Li, Aili; Liu, Shaoshuai","Journal of integrative plant biology","2026-09-14","https://pubmed.ncbi.nlm.nih.gov/42734166/","Fusarium head blight (FHB) is a devastating fungal disease of wheat that causes severe yield loss and mycotoxin contamination. Wheat varieties offering higher grain yield while maintaining moderate resistance to FHB are highly desirable. Here, we report that microRNA168a (miR168a) acts as a key negative regulator of both FHB resistance and grain yield in wheat. Knockdown of miR168a via target mimicry (MIM168) enhanced resistance to FHB in transgenic plants, accompanied by increased H(2)O(2) accumulation and restricted fungal spread. MIM168 plants also exhibited higher grain yield with longer spikes and higher spikelet number per spike under uninfected field conditions. By contrast, miR168a overexpression (OE168) lines became more susceptible to FHB and displayed significantly reduced grain yield. We further identified TaAGO1b as a target of miR168a. Knockout of TaAGO1b using CRISPR/Cas9 (ago1b) recapitulated the FHB susceptibility and reduced spike length, demonstrating that miR168a and TaAGO1b work as a module. Moreover, miR168a positively regulates the miR156-TaSPL17 module, which is associated with spike development, and it also regulates miR444 in FHB infection, and that knockdown of miR444 via target mimicry (MIM444) enhances FHB resistance. Meanwhile, ago1b mutations upregulated miR156 and miR444. Thus, our data demonstrated that the miR168a-TaAGO1b module contributes to wheat spike architecture and FHB resistance via miR156 and miR444, providing a potential strategy for breeding high-yielding and FHB-resistant wheat varieties."
"pubmed","42734156","10.1530/ERC-25-0463","In vivo CRISPR screening links NFKB1 to endocrine resistance in ER+ breast cancer.","Lyu, Cancan; Hall, Samuel D; Stamnes, Mark A; Chen, Songhai","Endocrine-related cancer","2026-09-14","https://pubmed.ncbi.nlm.nih.gov/42734156/","Resistance to endocrine therapy (ET) remains a major clinical challenge in the treatment of estrogen receptor-positive (ER+) breast cancer, underscoring the need for novel therapeutic targets. To identify genetic drivers of ET resistance, we conducted an in vivo genome-wide CRISPR-Cas9 screen in MCF7 cells implanted into ovariectomized nude mice under estrogen-deprived conditions. Despite the bottlenecks inherent to in vivo pooled screening, recurrent enrichment analysis identified NFKB1 as a candidate regulator of estrogen-independent tumor progression. Functional studies confirmed that NFKB1 deficiency enhanced tumorigenicity and conferred resistance to tamoxifen and fulvestrant both in vitro and in vivo. Mechanistically, transcriptomic and biochemical analyses revealed that NFKB1 deficiency activated canonical NF-kappaB signaling, leading to inflammatory gene induction and enhanced ER signaling. Furthermore, pharmacologic inhibition of NF-kappaB signaling restored ET sensitivity in NFKB1-deficient cells. Analysis of TCGA breast cancer datasets revealed reduced NFKB1 expression in luminal breast tumors, whereas expression of other NF-kappaB family members was largely unchanged. Further analysis showed that low NFKB1 expression was associated with poorer clinical outcomes in patients with ER+ breast cancer. Collectively, these findings identify NFKB1 as a negative regulator of NF-kappaB signaling and endocrine resistance in ER+ breast cancer and provide mechanistic evidence linking NF-kappaB activation to ligand-independent ER signaling. Our results support further investigation of NFKB1 as a candidate biomarker and of NF-kappaB pathway inhibition as a potential therapeutic strategy in endocrine therapy-resistant breast cancer. These findings also illustrate the utility of in vivo CRISPR screening for identifying candidate regulators of endocrine resistance in breast cancer."
"pubmed","42734043","10.14712/fb2026.0018","Engineered Bacteriophages in Cancer Immunotherapy: Emerging Concepts and Potential Integration with CAR-T Cell Therapy.","Alrahimi, Jehan","Folia biologica","2026-09-14","https://pubmed.ncbi.nlm.nih.gov/42734043/","Due to antigen heterogeneity, restricted immune cell trafficking and an immunosuppressive, nutrient-restricted tumour microenvironment, solid tumours remain resistant to modern immunotherapies. Engineered bacteriophages offer a modular framework to overcome these obstacles: programmable virus-like particles with scalable production. Through genome engineering, capsid decoration with mammalian cell-targeting ligands, or hybrid AAV/phage systems, engineered bacteriophages can display tumour-associated antigens, enhance receptor-mediated uptake and deliver therapeutic payloads such as cytokines, chemokines and suicide genes without naturally infecting mammalian cells. These features support their use as vaccine platforms, immunological adjuvants and targeted gene-delivery vehicles. These may enable more precise, tumour-localized therapeutic intervention. Phages can engage innate immune pathways, including TLR9, TLR3/7/8, cGAS-STING and AIM2, promoting dendritic cell maturation and inflammatory mediators that may convert immunologically ""cold"" tumours into inflamed microenvironments. Their multivalent antigen display enhances B- and T-cell priming, while cDC1-mediated cross-presentation supports cytotoxic CD8+ T-cell responses and immunological memory. In CAR-T therapy, engineered phages may improve tumour homing through chemokine modulation, support persistence through local cytokine delivery, reduce antigen escape by presenting multiple tumour epitopes, and limit T-cell exhaustion through dominant-negative receptor strategies or local checkpoint blockade. This review summarizes engineering approaches, delivery systems, manufacturing, biodistribution, dosing, and safety issues, including immunogenicity, pre-existing anti-phage antibodies and horizontal gene transfer. It also distinguishes therapeutic engineered phage particles from phage display technologies used for molecular discovery. Despite encouraging results integrating modified bacteriophages with CAR-T cell therapy, the evidence remains mostly preclinical, indicating both substantial translational prospects and crucial obstacles for future clinical development."
"pubmed","42733937","10.1016/j.jtocrr.2026.101049","BAP1 Loss in Pleural Mesothelioma Is Associated With Reduced Soluble CCL2 in Patient Effusion, Abrogated CCL2-Mediated Monocyte Recruitment In Vitro.","Nash, Alistair; Rouse, Ebony; Firth, Tina; Dick, Ian M; Fear, Vanessa S; Forbes, Catherine A; Louw, Amber; Lee, Y C Gary; Redwood, Alec J; Robinson, Bruce W; Creaney, Jenette","JTO clinical and research reports","2026-09-14","https://pubmed.ncbi.nlm.nih.gov/42733937/","OBJECTIVES: Pleural mesothelioma is an incurable cancer of the cell layer lining the chest wall and lung. Patients frequently present with pleural effusion, which is often drained for symptom relief and enables minimally invasive sampling of the tumour environment, including immune cells and related soluble factors. Most of the mesothelioma tumours exhibit loss of BRCA1-associated protein 1 (BAP1), a multifunctional tumour suppressor protein. Here, we aim to elucidate the effect of BAP1 loss on the mesothelioma microenvironment through profiling soluble factors within pleural effusion. METHODS: A custom panel of 22 soluble factors was measured by Luminex assay and enzyme-linked immunosorbent assay in an initial cohort of 40 patients with known BAP1 status. Validation was performed by enzyme-linked immunosorbent assay in an independent cohort of 100 cases. Secretion of soluble factors and chemoattraction of monocytes were characterised using a CRISPR-mediated BAP1 deletion model in a mesothelioma and a lung cancer cell line. Immune cell infiltration, estimated by CIBERSORT, was further explored in the Cancer Genome Atlas -MESO cohort. RESULTS: Soluble C-C motif chemokine ligand 2 (CCL2) was approximately 55% to 60% lower in pleural effusion from BAP1-loss cases in both independent cohorts. Deletion of BAP1 reduced CCL2 secretion in vitro and abolished CCL2-mediated chemoattraction of monocytes in both mesothelioma and lung cancer cell lines. In the Cancer Genome Atlas -MESO cohort, BAP1-mutant tumours exhibited a reduction in estimated macrophage content. CONCLUSION: Loss of BAP1 impairs CCL2 secretion into pleural effusions, potentially influencing monocyte recruitment into the tumour microenvironment."
"pubmed","42733865","10.1016/j.isci.2026.117361","Trop-1/EpCAM Thr115 is a driver of hyperproliferative cell repair and of severe lung damage in COVID-19.","Baldassarri, Margherita; Trerotola, Marco; Brunelli, Giulia; La Francesca, Noemi; Bergantini, Laura; Tella, Benedetta; Rollo, Giulia; Altemura, Cecilia; Giacomazzi, Vera; Guerra, Emanuela; Ceci, Martina; Pantalone, Ludovica; Minetto, Samantha; Bargagli, Elena; Pomara, Cristoforo; Lattanzio, Rossano; Moschella, Antonino; Previtera, Federica Maria; Bellan, Cristiana; Renieri, Alessandra; Fallerini, Chiara; Alberti, Saverio","iScience","2026-09-14","https://pubmed.ncbi.nlm.nih.gov/42733865/","SARS-CoV-2 lung infection triggers an acute reaction that can severely impair oxygen exchange. However, the underlying molecular processes are poorly understood. The TROP1/EPCAM p.M115T polymorphism was found associated with COVID-19 severity. We discovered here that the T115 Trop-1/EpCAM is a driver of cell growth, whereas M115 Trop-1/EpCAM has little, if any, cell growth induction capacity. TROP1/EPCAM knockout mice showed altered proliferation of embryonic stem cells. The Trop-1/EpCAM T115 allele was then found to drive hyperproliferative capacity in murine fibrosarcoma cells. Corresponding growth stimulation was shown in human colon cancer cells, through CRISPR-Cas9 ablation of the endogenous TROP1/EPCAM and comparative transfection of TROP1/EPCAM p.T115 (T-mod) or p.M115 (M-mod) alleles. In COVID-19 patients, T115 Trop-1/EpCAM was shown to cause aberrant, hyperproliferative wound repair in SARS-CoV-2-damaged lung alveoli that led to critical oxygen-exchange impairment. Analysis of COVID-19 patient lungs at autopsy showed hyperproliferation of T115 Trop-1/EpCAM(+) epithelial cells over the alveolar epithelium damaged by the infection. This correlated with T115 Trop-1/EpCAM(+) inflammatory cells hyperproliferation and alveolar hyaline membrane formation. These multi-layered barriers were computed to reduce oxygen diffusion by up to 100-fold. Our findings indicate an unanticipated mechanism for lung damage by T115 Trop-1/EpCAM, and suggest a potential target for corresponding therapeutic approaches."
"pubmed","42733565","10.1016/j.ijcha.2026.102005","Peroxiredoxin-6 protects against oxidative stress-mediated hypertrophic remodeling in JPH2-A399S knock-in mice.","Quinn, Callum J; Lahiri, Satadru K; Quick, Ann P; Brandenburg, Soren; Uhlenkamp, Dennis; Jain, Antrix; Moreira, Lucia M; Jung, Sun Y; Reilly, Svetlana; Sayeed, Rana; Krasopoulos, George; Lehnart, Stephan E; Wehrens, Xander H T","International journal of cardiology. Heart & vasculature","2026-09-14","https://pubmed.ncbi.nlm.nih.gov/42733565/","BACKGROUND: Most mutations causing hypertrophic cardiomyopathy (HCM) affect sarcomeric proteins. Mutations in junctophilin-2 (JPH2) are also implicated, but the underlying mechanisms remain unclear. An A405S variant in JPH2 was identified in a male adolescent patient with interventricular septal (IVS) hypertrophy. The corresponding mouse variant (A399S) produces comparable IVS hypertrophy, establishing causality. Prior data indicated that altered intracellular Ca(2+) handling is unlikely to be the primary driver. METHODS: We generated a CRISPR knock-in mouse model carrying the JPH2-A399S variant. Co-immunoprecipitation mass spectrometry and STED nanoscopy were used to identify JPH2 binding partners. Reactive oxygen species (ROS) were assessed with dihydroethidium in isolated myocytes. Adeno-associated virus serotype 9 (AAV9) was employed to overexpress peroxiredoxin 6 (PRDX6) in mutant hearts. RESULTS: PRDX6 was identified as a novel and abundant JPH2-interacting protein. PRDX6 expression was selectively downregulated in the IVS of JPH2-A399S mice and was also reduced in human failing hearts. JPH2-A399S mice exhibited increased ROS levels specifically in IVS myocytes. AAV9-mediated PRDX6 overexpression reversed the IVS hypertrophy phenotype. CONCLUSIONS: These findings identify PRDX6 downregulation and consequent oxidative stress as a key mechanism driving JPH2-A399S-associated HCM. The results reveal a previously unrecognized role for JPH2 in cardiometabolic regulation and suggest that restoring PRDX6 levels may represent a therapeutic strategy for this form of HCM."
"pubmed","42733472","10.1016/j.isci.2026.117402","Interfering with DNA repair pathways to enhance CRISPR-Cas9-mediated homology-directed repair in a chelicerate genetic model.","De Rouck, Sander; Dermauw, Wannes; Van Leeuwen, Thomas","iScience","2026-09-14","https://pubmed.ncbi.nlm.nih.gov/42733472/","The two-spotted spider mite, Tetranychus urticae, is a major pest and an emerging genetic model. Recent CRISPR-Cas9 advances, especially the SYNCAS method for maternal delivery of Cas9 ribonucleoproteins, have enabled precise genome editing in this and other difficult-to-transform arthropods. Yet SYNCAS-mediated knockins vary in efficiency, possibly due to competition between DNA repair pathways, whose mechanisms in T. urticae and other chelicerates remain unknown. Here, we provide the first functional analysis of double-strand break repair in a chelicerate. Loss of DNA polymerase theta (Poltheta) redirects repair almost entirely toward homology-directed repair, whereas absence of Ligase IV has no detectable impact. Using a reporter assay targeting phytoene desaturase, we demonstrate that Poltheta-deficient strains enhance incorporation of repair templates, even when mutations are distant from the cut site. Also, insertion of larger fragments is improved. Finally, disrupting Poltheta imposes only a modest fitness cost, highlighting its value for future genome engineering in this species."
"pubmed","42733068","10.1038/s41392-026-02963-3","IFNAR1-dependent metabolic circuit drives pathogenic neutrophil activation in chronic mucosal inflammation.","Pessoa Rodrigues, Cecilia; R Calcada, Raquel; Arnaud, Mafalda; Kaltenbach, Lukas; Manser, Mika; Scheidegger, Anja; Strauss, Leon Sidney; Gavrilov, Alina; Kulkarni, Sharang; Yildiz, Ece; Liberati, Daniela; Coto-Llerena, Mairene; Hoening, Tamara; Kramberg, Markus Martin; Behr, Julian; Mechling, Anna; Hering, Marvin; Lassen, Kara G; Soehnlein, Oliver; Doran, Emma; Regan-Komito, Daniel","Signal transduction and targeted therapy","2026-09-14","https://pubmed.ncbi.nlm.nih.gov/42733068/","Neutrophils are double-edged effectors of the innate immune system: while essential for host defense, they can drive significant tissue damage in the context of chronic inflammatory diseases. Identifying strategies to selectively dampen their pathogenic functions without compromising antimicrobial immunity remains a major clinical challenge. Here, we define a conserved IFNAR1-driven circuit mediated by iron homeostasis that sustains neutrophil pathogenicity across distinct mucosal tissues. Using single-cell transcriptomics and a CRISPR-based functional screen, we identified the mitochondrial iron transporter Mitoferrin-1 (SLC25A37) as a key regulator of neutrophil inflammatory programming. Mechanistically, our data indicate that Mitoferrin-1 mediates a feedforward loop in which NET-derived histones activate toll-like receptor 9 (TLR9), which in turn sustains IFN-alpha/IFNAR1 signaling, rewires mitochondrial metabolism, and ultimately drives tissue damage through markedly increased of NETosis, reactive oxygen species production, and degranulation. Notably, this IFNAR1-driven inflammatory circuit operates entirely independently of antimicrobial function, as pharmacological IFNAR1 blockade fully preserves phagocytic activity against bacterial pathogens in vivo. Targeting this pathway selectively attenuates neutrophil-driven inflammation in both murine models of colitis and acute lung injury, as well as in primary human intestinal organoid systems. Together, these findings identify a targetable metabolic node for selectively disarming pathogenic neutrophil responses in the setting of chronic inflammatory disease."
"pubmed","42733042","10.24272/j.issn.2095-8137.2025.494","Inheritance of the epigenetic signature and reduced intermuscular bone phenotype acquired via DNA methylation editing of the runx2 b promoter in zebrafish.","Liang, Fang; Wu, Bi-Yu; Liu, Jia-Yi; Wang, Xue; Liang, Min-Xing; Wang, Chao-Yi; Zhang, Jing-Yi; Wang, Jun-Jie; Miao, Yu-Tao; Mai, Kang-Sen; Zhao, Jun; Wang, Xue-Geng","Zoological research","2026-09-14","https://pubmed.ncbi.nlm.nih.gov/42733042/","The presence of intermuscular bones (IBs) can directly affect the economic value of aquaculture fish. Although genome editing can create IB-free fish by knocking out key IB-related genes, such as runx2b, the associated DNA sequence alterations raise food safety and health concerns, limiting its breeding applications. In this study, we used CRISPR/dCas9-mediated epigenome-editing technology targeting the runx2 b promoter in zebrafish to alter DNA methylation patterns without changing the DNA sequence. Our results showed that higher runx2 b promoter methylation patterns significantly inhibited eGFP mRNA expression levels in the recombinant plasmid. Using the CRISPR/dCas9-Dnmt7 system to enhance methylation of the zebrafish runx2b promoter, we observed a significant decrease in runx2 b mRNA expression levels in the F0 generation. The IBs in the 11 (th)-16 (th) muscle segments of the adult F0 fish were significantly shorter compared with the controls. Inbreeding of fish was used to produce F1 and F2 offspring that retained these high promoter methylation levels, along with persistent runx2b expression suppression and IB development inhibition. Transcriptome sequencing analysis suggested that increasing runx2 b promoter methylation levels may synergistically induce additional epigenetic modifications, potentially affecting the PPAR signaling pathway and FoxO transcription factor regulation, which appears to inhibit osteoblast proliferation and differentiation. Overall, this study demonstrates an innovative application of epigenetic editing technology for aquaculture breeding. By precisely regulating the expression patterns of key genes for economically important traits while preserving genomic DNA integrity, this approach provides a theoretical foundation and technical support for improving fish economic traits."
