"source","id","doi","title","authors","journal","published_date","url","abstract"
"pubmed","42801698","10.1002/advs.77883","NS1-Induced PARP1 Phase Transitions Prolongs Host Transcriptional Pausing to Promote Influenza A Virus Replication.","Ma, Shufeng; Kang, Changyuan; Liu, Xixian; Yang, Lichao; Li, Mengyi; Ye, Yuting; Zhang, Jianfang; Li, Yingjun; Jin, Guanghui; Liu, Yang; Chen, Xiaohong; Wang, Kexin; Yang, Zifeng","Advanced science (Weinheim, Baden-Wurttemberg, Germany)","2026-09-27","https://pubmed.ncbi.nlm.nih.gov/42801698/","Influenza A virus (IAV) commandeers host transcriptional machinery to replicate, but mechanisms remain elusive. CRISPR screen identifies PARP1 as a proviral factor that binds viral NS1. ATAC‑seq reveals IAV drives PARP1‑dependent chromatin remodeling at promoter‑proximal regions (-100 to +300 bp), linking PARP1 to viral RNA synthesis. Mechanistically, NS1 engages PARP1's helical domain (HD), which alone forms large, irregular condensates with low fluidity, acting as a built‑in rheostat. HD deletion confers high droplet mobility, whereas NS1 binding locks PARP1 into a hyper‑condensed, gel‑like state. This phase transition traps Pol II in prolonged pause by enriching pausing factors (SPT5(‑PLD), NELFA, NELFE) and excluding release factors (SPT5(‑PRD), AFF4). The paused environment is hijacked for efficient cap‑snatching and viral RNA synthesis. This proviral activity is independent of PARP1's polymerase activity, revealing a non‑canonical mechanism that complements recent reports of PARP1‑mediated antiviral ADP‑ribosylation. Targeting this phase transition, we identify tectochrysin (TEC) and isoferulic acid (IFA), which restore fluidity, reverse pausing, and suppress IAV in mice and lung organoids without toxicity. Our work establishes that NS1 coopts PARP1 phase separation via the HD rheostat to prolong transcriptional pausing, introducing 'phase transition correction' as an antiviral paradigm."
"pubmed","42801638","10.1002/advs.77970","Disentangling Heterogeneous Molecular Networks for Multi-Omics-Driven Cancer Driver Discovery.","Gong, Xinjing; Li, Ji; Su, Mu; Yu, Peishen; Ma, Te; Zhai, Ruiyang; Zhang, Chenye; Zhang, Mengyan; Zhang, Yan","Advanced science (Weinheim, Baden-Wurttemberg, Germany)","2026-09-27","https://pubmed.ncbi.nlm.nih.gov/42801638/","Prioritizing cancer driver genes amid passenger alterations remains challenging because protein-protein interaction (PPI) networks are heterophilic, multi-omics evidence is heterogeneous and can conflict, and driver annotations are sparse. DRIVE is a semi-supervised graph framework integrating mutation frequency, copy-number aberration, DNA methylation, and gene expression with biological networks. It separates PPI neighborhoods into tight and loose semantic views based on learnable representation consistency, reducing cross-class signal mixing. Multi-omics evidence is decomposed into omics-common and omics-specific components through contrastive mutual-information learning and the soft orthogonality constraint. Joint training combines self-supervised learning with focal and max-margin objectives to improve prioritization under sparse, imbalanced annotations. Across six benchmark PPI networks, DRIVE outperforms ten methods, achieving mean areas under the precision-recall curve (AUPRC) and receiver operating characteristic curve (AUROC) of 0.9204 and 0.9704, respectively. Ablation, representation, and masked-driver recovery analyses show that DRIVE captures complementary network and molecular signals and remains robust to incomplete annotations. DRIVE identifies 186 high-confidence candidate driver genes enriched near known drivers, 80.1% of which receive DepMap CRISPR dependency support. These candidates reveal underappreciated connections to tumor regulatory programs, particularly NF-kappaB-associated inflammation, T-cell activation, and immune checkpoint regulation. Pharmacogenomic associations further suggest therapeutic vulnerabilities."
"pubmed","42801440","10.1007/s13770-026-00837-x","Promoter-Targeted CRISPR Correction of PMP22 Gene Dosage Restores Schwann Cell Homeostasis in Charcot-Marie-Tooth Disease Type 1A.","Doo, Hyun Myung; Nam, Soo Hyun; Kim, Haeun; Lee, Kang In; Lee, Jae Young; Park, So Hyang; Kim, Yang Ji; Choi, Byung-Ok; Kim, Jong Hyun","Tissue engineering and regenerative medicine","2026-09-27","https://pubmed.ncbi.nlm.nih.gov/42801440/","BACKGROUND: Charcot-Marie-Tooth disease type 1A (CMT1A), the most common inherited peripheral neuropathy, arises from a 1.4 Mb duplication of the Peripheral Myelin Protein 22 (PMP22) gene, causing gene-dosage-dependent toxic overexpression that drives Schwann cell dysfunction and demyelination. We developed a gene-dosage-targeted therapeutic strategy using an sgRNA-mediated bidirectional promoter microdeletion (sgRNA-BPM) approach to selectively suppress pathogenic PMP22 overexpression while preserving physiological expression levels. METHODS: Clinical evaluation of an index patient (pedigree analysis, muscle MRI, electrophysiological assessment) confirmed an inherited demyelinating neuropathy with distal muscle atrophy. Patient-derived pluripotent stem cells (iPSCs) were used to establish a single-cell-derived clone in which all three PMP22 P1 promoter TATA boxes were disrupted (- 2, - 2, and - 17 bp deletions). This promoter-targeted editing attenuated PMP22 expression during directed differentiation into Schwann cell lineage. RESULTS: Edited cells exhibited partial restoration of Schwann cell maturation-associated, promyelinating-like transcriptional features, accompanied by upregulation of SOX9 and AP2alpha, attenuation of aberrant PMP22 overexpression, and improvement of Schwann cell morphology. Quantitative imaging revealed ~ 50% reduction (p < 0.01) in PMP22/S100beta co-expression index, indicating substantial molecular and structural correction. Despite P1 promoter disruption, basal PMP22 expression was preserved, consistent with transcription driven by the downstream TATA-less P2 promoter. This promoter-level repression of PMP22 was reproducible in mature human primary Schwann cells, where quantitative PCR confirmed reduced PMP22 expression (p < 0.05), supporting translational feasibility of this gene-dosage modulation strategy beyond iPSC-derived systems. CONCLUSIONS: Collectively, patient-anchored, promoter-targeted genome editing can potentially correct pathogenic PMP22 dosage while preserving basal expression, establishing a translational iPSC-based framework for treating dosage-sensitive demyelinating neuropathies such as CMT1A."
"pubmed","42801364","10.1007/s11033-026-12793-9","Anti-phage defense systems in bacteria: molecular mechanisms and their role in shaping phage therapy strategies.","Khan, Shahzar; Ilyas, Nadia; Nawaz, Aneela; Nawaz, Humaira; Khan, Muhammad Ismail; Bhatti, Muhammad Talha; Hussain, Umaar; Khan, Samiullah","Molecular biology reports","2026-09-27","https://pubmed.ncbi.nlm.nih.gov/42801364/","Bacteria and phages are engaged in a persistent evolutionary struggle. To survive constant phage predation, bacteria have evolved a highly diverse and multi-layered immune arsenal that determines the success of therapeutic phage infection. Bacterial defenses include receptor blockade, DNA restriction systems, CRISPR-Cas adaptive immunity, and secondary messenger signaling systems that induce effector-mediated cell death. Recent mechanistic advances have elucidated systems such as Thoeris (gcADPR-activated SIR2 effectors depleting NAD(+)), CBASS (cyclic nucleotide-activated effectors disrupting cell integrity), and toxin-antitoxin systems (e.g., ShosTA disrupting purine metabolism). These defenses directly impact phage therapy outcomes. However, phages have evolved sophisticated countermeasures, including RNA-based anti-CRISPRs and enolase hijacking, while engineered phages carrying synthetic anti-defense proteins are being developed to overcome bacterial immunity. The present review integrates defense system classification, phage counter-defense evolution, and their associations with phage therapy outcomes within a unified framework for phage selection and engineering. This review provides a scientific basis for defense-informed phage selection, rational phage engineering, and the design of future clinical trials against multidrug-resistant infections."
"pubmed","42801355","10.1007/s00122-026-05388-2","Transposon-mediated structural haplotypes at CsMYB60 are associated with peel coloration in cucumber.","Chen, Chen; Chen, Juan; Chen, Huiming; Liu, Xiaohong; Lu, Xiangyang; Tian, Yun; Zhou, Geng","TAG. Theoretical and applied genetics. Theoretische und angewandte Genetik","2026-09-27","https://pubmed.ncbi.nlm.nih.gov/42801355/","A previously unrecognized MULE1+MULE2 structural haplotype at CsMYB60 was identified and associated with mature peel coloration in cucumber. Peel color is a major commercial and physiological trait in cucumber (Cucumis sativus L.), yet our understanding of the underlying molecular mechanisms remains incomplete. Previous work has shown that the R2R3-MYB transcription factor CsMYB60 regulates flavonoid and proanthocyanidin biosynthesis in cucumber fruit spines. More recent evidence further implicates this gene in peel color variation via intronic Mutator-like element (MULE) insertions or premature stop codons identified in diverse germplasm. In the present study, we utilized a pair of near-isogenic lines, a yellow-peel inbred line (L14) and its white-peel mutant (L19), to minimize genetic background effects and precisely dissect the genetic basis of peel color variation. Through bulked segregant analysis combined with high-resolution fine mapping in segregating populations derived from these lines, the peel color locus was narrowed to a 121-kb interval on chromosome 4 harboring the R2R3-MYB transcription factor CsMYB60. Sequence comparison revealed that the L14 allele carries both the previously-characterized MULE1 insertion and a second nearby MULE2 insertion within the second intron of CsMYB60, whereas L19 retains only MULE1. During the peel color-transition stage, the MULE1 + MULE2 haplotype showed higher CsMYB60 transcript abundance than the MULE1-only haplotype in the near-isogenic materials examined. CRISPR/Cas9-mediated knockout of CsMYB60 in the L14 background abolished yellow pigmentation, demonstrating that CsMYB60 is required for yellow mature peel formation in this background. Together, these results identify a previously unrecognized MULE1 + MULE2 structural haplotype associated with distinct CsMYB60 transcript abundance and mature peel coloration. The causal regulatory contribution of MULE2 itself remains to be determined. The associated marker may facilitate tracking of this structural haplotype in relevant cucumber breeding materials."
"pubmed","42801307","10.3791/71513","CRISPR-Cas9 Genome Editing in Mesorhizobium ciceri Through nodC Disruption for Chickpea Symbiosis Studies.","Pasari, Nandita; Bhandhari, Nishant; Shruti; Kumar, Raubins; Yazdani, Syed Shams; Sinharoy, Senjuti","Journal of visualized experiments : JoVE","2026-09-27","https://pubmed.ncbi.nlm.nih.gov/42801307/","Mesorhizobium ciceri, a nitrogen-fixing symbiont of chickpea (Cicer arietinum), remains genetically challenging to manipulate using conventional homologous recombination approaches, which are labor-intensive and often leave undesirable selection markers. In this protocol, we describe a streamlined genome-editing strategy using a broad-host-range Clustered Regularly Interspaced Short Palindromic Repeats (CRISPR)-associated protein 9 (Cas9) system adapted for M. ciceri. We demonstrate the efficacy of this method by targeting nodC, which encodes the N-acetylglucosaminyltransferase required for chitin backbone synthesis in Nod factors, the primary signaling molecules involved in symbiotic molecular communication. This protocol details the systematic design of single-guide RNAs (sgRNAs) and the construction of a homology-directed repair (HDR) template. The HDR template was designed to facilitate site-specific integration of a green fluorescent protein (GFP) reporter flanking the nodC cleavage site. Following delivery of the Cas9/sgRNA/HDR construct through biparental mating, putative mutants were identified using a fluorescence-based screening approach. Successful disruption of the 1.3 kb nodC locus within the nodulation (nod) cassette was initially screened by visualization of GFP expression in mutant colonies using fluorescence microscopy. The disruption was further validated by restriction digestion, amplification of the integrated cassette from genomic DNA, and Sanger sequencing. GFP expression was additionally quantified by reverse transcription quantitative polymerase chain reaction. To validate the functional impact of the mutation, chickpea infection assays were performed, demonstrating impaired nodulation in plants inoculated with DeltanodC M. ciceri compared with the wild-type strain. Overall, this protocol provides an efficient and reproducible framework for precise gene disruption and functional genomics studies in Mesorhizobium."
"pubmed","42801164","10.2147/IDR.S612634","Recent Advances and Future Perspectives in the Detection of Carbapenem-Resistant Acinetobacter Baumannii.","Ye, Qiuping; Liu, Yaqun; Zhang, Kang; Tian, Maoqing; Zhang, Zhenxia; Lin, Min; Zheng, YuZhong","Infection and drug resistance","2026-09-27","https://pubmed.ncbi.nlm.nih.gov/42801164/","Carbapenem-resistant Acinetobacter baumannii (CRAB) is a major global public health threat. The World Health Organization (WHO) has classified CRAB as a critical priority pathogen. This threat is mainly attributed to its multidrug resistance, efficient nosocomial transmission, and limited therapeutic options. Timely and accurate detection is essential for early diagnosis, targeted antimicrobial therapy, and effective infection control. This review summarizes recent advances in CRAB detection technologies, including conventional phenotypic methods, nucleic acid amplification-based assays, genomic and AI-assisted diagnostics, mass spectrometry-based methods, and biosensor platforms. Conventional antimicrobial susceptibility testing (AST) remains the reference standard. However, it requires bacterial culture and isolation before testing, and the process usually takes 18-24 h after bacterial colony growth. This delay may limit its value for early therapeutic decision-making. Phenotypic carbapenemase assays provide complementary information on carbapenemase activity and resistance mechanisms, but their sensitivity, specificity, and clinical applicability vary across methods. Molecular methods substantially shorten turnaround times, with PCR and qPCR generally producing results within approximately 2-3 h. Isothermal amplification platforms further accelerate detection. LAMP-based assays report turnaround times of approximately 21-60 min, whereas RPA-based assays complete detection within approximately 40-90 min, supporting their potential application in point-of-care testing (POCT). Emerging genomic approaches, including whole-genome sequencing, nanopore sequencing, and metagenomic sequencing, enable comprehensive resistance profiling, outbreak investigation, and surveillance, while AI-assisted diagnostics may enhance resistance prediction and clinical interpretation. Mass spectrometry-based methods enable high-throughput species identification and can support resistance profiling in selected assay formats, with some assays detecting resistance-associated features within 15-90 min. Biosensor-based and CRISPR-integrated platforms offer highly sensitive, rapid, and portable detection, although challenges remain in multiplexing, standardization, cost, and clinical validation. Overall, this review highlights the transition of CRAB diagnostics from culture-based susceptibility testing toward integrated, automated, and clinically adaptable platforms, emphasizing the need to balance analytical performance, turnaround time, cost, and suitability for POCT."
"pubmed","42800828","10.1038/s44320-026-00248-z","Engineering a compact CgCas12n platform for efficient genome and base editing in mammalian cells.","Hou, Bowen; Liu, Xinyi; Fan, Jiawen; Wang, Wanjie; Jin, Chuanzhao; Li, Guanglei; Zhang, Yu; Yu, Wenxia; Huang, Lei; Li, Xinyun; Huang, Xingxu; Li, Kui","Molecular systems biology","2026-09-27","https://pubmed.ncbi.nlm.nih.gov/42800828/","Type V CRISPR-Cas12 systems evolved from transposon-encoded TnpB proteins, with type V-U4 nucleases (Cas12n) as evolutionary intermediates linking TnpB to larger type V effectors. Despite their compact size, most Cas12n orthologs, including Corynebacterium glutamicum Cas12n (CgCas12n), exhibit low genome-editing activity in mammalian cells. Here, we engineered CgCas12n using an arginine enrichment strategy, generating a variant with approximately 60-fold enhanced editing efficiency. Concurrently, we optimized the sgRNA scaffold to reduce its size without compromising activity. These improvements were combined to establish an enhanced CgCas12n system (eCgCas12n) that enables efficient mammalian genome editing. We further adapted this system for base editing by constructing a cytosine base editor (eCgCas12n-CBE) that mediates efficient C-to-T conversion. As proof of concept, eCgCas12n-CBE introduced a premature stop codon into the Dmd gene, reducing dystrophin expression and impairing myogenic differentiation. AAV9-mediated delivery of eCgCas12n-CBE into mouse skeletal muscle demonstrated its in vivo editing capability. Collectively, this work establishes a robust engineering strategy to enhance compact Cas12n nucleases and provides an efficient genome- and base-editing platform for functional genetic studies."
"pubmed","42800634","10.1016/j.neuropharm.2026.111195","Proteasome-dependent degradation of DAPK1 by wogonoside blocks PARthanatos and protects against ischemic stroke.","Zhai, Chun-Ze; Cao, Yin; Shen, Yu-Xin; Wang, Yi-Zhe; Liu, Zhi-Peng; Liu, Fang; Yu, Jin-Liu; Wang, Xiu-Xiu; Zhang, Zhao-Huan; Xu, Xiao-Hui","Neuropharmacology","2026-09-27","https://pubmed.ncbi.nlm.nih.gov/42800634/","Ischemic stroke remains a leading cause of death and disability, yet effective pharmacological neuroprotection remains elusive. ROS-induced PARthanatos-driven by PARP1 hyperactivation and the mitochondrial-apoptosis-inducing factor (AIF) death axis-is a principal executor of ischemic neuronal death. However, direct PARP1 inhibition inevitably compromises essential DNA repair. Here, we identify a downstream intervention node that uncouples lethal signaling from genomic maintenance. Through phenotype-to-target deconvolution combining reverse pharmacophore mapping, bioinformatic intersection with programmed cell death genes, and integrated biophysical validation (docking, 100-ns molecular dynamics, cellular thermal shift assay, and surface plasmon resonance), we demonstrate that wogonoside (WS), a flavonoid glycoside from Scutellaria baicalensis, directly binds death-associated protein kinase 1 (DAPK1; KD = 6.07 muM) and acts as a ligand-induced degrader that triggers proteasome-dependent DAPK1 clearance. CRISPR/Cas9-mediated DAPK1 knockout fully phenocopied WS-mediated protection, whereas ectopic DAPK1 overexpression abolished it. WS-induced degradation intercepted the JNK-mitochondrial depolarization-AIF nuclear translocation cascade while leaving PARP1 catalytic activity, PAR polymer formation, and gammaH2AX resolution fully intact-in stark contrast to the clinical PARP1 inhibitor olaparib. In a mouse permanent distal middle cerebral artery occlusion model, a single dose of WS reduced cortical infarct volume by  approximately 50%, preserved neurons, suppressed microglial activation, and maintained microvascular integrity, accompanied by significant sensorimotor recovery. Single-nucleus RNA sequencing revealed Dapk1 enrichment in activated microglia and co-variation with neuronal MAPK pro-death signaling, suggesting a dual-compartment mechanism. These findings define proteasome-dependent DAPK1 degradation as a mechanistically distinct antioxidant strategy for acute ischemic stroke."
"pubmed","42800597","10.1016/j.ymeth.2026.09.004","In vitro validation of a CRISPR/Cas9 guide RNA targeting COL1A1 gene by cleavage assay.","Melo, Daniel Moreira; Sarquis, Sabrina Rodrigues; Luz, Paolla Manzoli; Barcellos Bevitori, Raphael Cesar; de Almeida Barbosa, Yasmin; Pagotto, Roger Frossard; Trancozo, Maira; de Vargas Wolfgramm Dos Santos, Eldamaria; de Paula, Flavia","Methods (San Diego, Calif.)","2026-09-27","https://pubmed.ncbi.nlm.nih.gov/42800597/","The CRISPR/Cas9 system has become a widely used tool for genome editing; however, editing efficiency is largely determined by the design and functional activity of the guide RNA (gRNA). Experimental validation prior to cellular applications is particularly important when targeting genes associated with genetic disorders, such as COL1A1, which is frequently mutated in Osteogenesis Imperfecta. This study performed an in vitro functional validation of a CRISPR/Cas9 gRNA designed to target exon 2 of the COL1A1 gene, using a cell-free cleavage assay as a preliminary step before cellular genome editing applications. Three gRNAs targeting distinct COL1A1 exons were designed using bioinformatics tools; the exon 2 candidate was selected for experimental validation based on predicted efficiency, favorable off-target profile, and successful PCR amplification of its target region. The selected gRNA was assembled with recombinant Cas9 protein into a ribonucleoprotein complex, which was incubated with PCR-amplified DNA substrates derived from five distinct human cell lines. Cleavage products were resolved by polyacrylamide gel electrophoresis and quantified by densitometric analysis. The gRNA directed reproducible, specific Cas9-mediated cleavage at the intended COL1A1 exon 2 target site across all cell lines tested, with mean cleavage efficiencies ranging from 58.79% to 68.84%. These results confirm functional validation of the gRNA through in vitro cleavage activity and support its candidate selection for subsequent cellular studies targeting COL1A1, representing an initial step toward future knockout-style cellular models of Osteogenesis Imperfecta."
"pubmed","42800426","10.1016/j.biomaterials.2026.124647","Hijacking dead tumor cells for lung-targeted and gene-augmented cuproptosis therapy.","Zhang, Yongshun; Yang, Lan; Wang, Hairui; Yang, Xiaojia; Wang, Yuxin; Sun, Xun","Biomaterials","2026-09-27","https://pubmed.ncbi.nlm.nih.gov/42800426/","Cuproptosis holds transformative potential for treating pulmonary malignancies, yet its efficacy is hindered by the poor lung-targeting of inducers and metabolic resistance mediated by the copper efflux transporter ATP7A. Inspired by pulmonary capillary filtration, we developed DACu, a biomimetic system based on inactivated tumor cells that integrates targeted gene therapy with metabolic and immune modulation. DACu encapsulates an adeno-associated virus (AAV)-mediated, tumor-specific ATP7A-knockout cassette and is surface-anchored with albumin nanoparticles loading copper diethyldithiocarbamate (CuET, a copper complex of FDA-approved disulfiram). While this cell-nanoparticle hybrid architecture resolves the challenges of loading poorly soluble small-molecule drugs, DACu achieves efficient enrichment in pulmonary lesions via its inherent capillary entrapment and homotypic adhesion mechanisms, yielding a  approximately 120-fold increase in viral enrichment. It further provides an immune shield for AAV, mitigating neutralizing antibody interference. Within the tumor microenvironment, DACu disintegrates to trigger ""Trojan horse"" AAV release and CuET nanoparticles dissociation, enabling precise ATP7A knockout to establish an efflux blockade-influx amplification network that forces intracellular copper stress to lethal thresholds. Furthermore, cuproptosis-induced stress synergizes with DACu-derived tumor antigens as an in situ vaccine, activating systemic T cell immunity. DACu effectively eradicates primary lung tumors and melanoma metastases, providing a paradigm for overcoming multidimensional resistance."
"pubmed","42800399","10.1016/j.ab.2026.116260","CRISPR-dCas13a-based electrochemical biosensor for sensitive detection of miR-331-5p as a potential biomarker of Parkinson's disease.","Yigit, Irem; Azrak, Burcu; Uygun, Zihni Onur","Analytical biochemistry","2026-09-27","https://pubmed.ncbi.nlm.nih.gov/42800399/","This study aimed to develop a CRISPR-dCas13a-based electrochemical biosensor as a proof-of-concept analytical platform for the sensitive and selective detection of miR-331-5p, which has been reported to be associated with Parkinson's disease. The biosensor was prepared by sequentially forming a self-assembled monolayer with 11-mercaptoundecanoic acid (MUA) on a gold electrode, functionalizing the surface with a generation-4 polyamidoamine (PAMAM-G4) dendrimer, immobilizing dCas13a, and assembling the target-specific sgRNA recognition complex. The electrode-modification steps were evaluated using cyclic voltammetry (CV), electrochemical impedance spectroscopy (EIS), Fourier transform infrared spectroscopy (FTIR), and scanning electron microscopy (SEM). The impedance response increased linearly with miR-331-5p concentration over the experimentally evaluated range of 5-400 pM. The limit of detection and limit of quantification were 7.82 and 23.71 pM, respectively. Responses to the non-target miRNAs miR-146a-5p, miR-19 b-3p, miR-24-3p, and miR-7-5p were substantially lower than the response to miR-331-5p. Triplicate spike-recovery measurements in healthy human serum and storage-stability studies supported the analytical applicability and reproducibility of the platform. These findings demonstrate a CRISPR-dCas13a/EIS-based proof-of-concept analytical platform for miR-331-5p detection. Validation in well-characterized clinical cohorts will be required before any diagnostic application can be established."
"pubmed","42800154","10.1016/j.talanta.2026.130655","Quantitative detection of the diabetic retinopathy-associated microRNA-1281 via a CRISPR/Cas12a-RCA ratiometric sensing platform.","Yang, Tianshi; Tian, Zilin; Guan, Zhaowei; Wang, Lingxuan; Li, Boyu; Hu, Xintong; Zhou, Peiwen; Chen, Liguo; Ju, Shang; He, Yulu; Jiang, Yanfang; Du, Yan","Talanta","2026-09-27","https://pubmed.ncbi.nlm.nih.gov/42800154/","Diabetic retinopathy (DR) is a major microvascular complication of diabetes, yet accessible molecular tools for early-stage screening remain limited. Circulating microRNAs are promising non-invasive biomarkers for DR, but their reliable quantification in serum is hindered by low abundance, matrix interference, and limited robustness of single-signal assays. Here, we report a Cas12a-RCA ratiometric sensing platform (CRRSP) for the quantitative detection of the DR-associated biomarker miR-1281. The assay is constructed using a target-triggered cascaded strand-displacement circuit that enforces sequential molecular recognition prior to amplification, thereby improving specificity. Upon target recognition, rolling circle amplification (RCA) generates DNA products that simultaneously produce a thioflavin T (ThT) fluorescence signal via G-quadruplex (G4) formation and sequester the Cas12a/gRNA Activator strand to suppress ROX fluorescence. This dual-channel ThT/ROX readout enables intrinsic ratiometric normalization, effectively compensating for matrix effects and experimental variability. The workflow operates under sequential constant-temperature steps without PCR-type thermal cycling. The assay achieves a detection limit of 0.83 pM with high selectivity and shows excellent agreement with RT-qPCR in clinical serum samples from healthy controls, glaucoma patients, and patients with non-proliferative diabetic retinopathy (NPDR) or proliferative diabetic retinopathy (PDR)."
"pubmed","42799886","10.1007/s00299-026-03994-4","CRISPR-Cas13-based amplification-free detection of three quarantine-significant sugarcane viruses.","Lagner, Joseph; Paulson, Anna; Schulden, Taylor; Adhikari, Bishwo; Koob, Julian; Vakulskas, Christopher; Qi, Yiping","Plant cell reports","2026-09-27","https://pubmed.ncbi.nlm.nih.gov/42799886/","Crop losses from viral pathogens cost billions of dollars annually, and sugarcane is particularly vulnerable. Sugarcane is the most cultivated crop in the world by volume; therefore, significant yield losses result in large dollar losses for farmers and trade economies. In some cases, viruses contribute to more than half of the yield reduction. Three quarantine-significant pathogens-Sugarcane mosaic virus (ScMV), Sugarcane streak mosaic virus (ScSMV), and Sugarcane yellow leaf virus (ScYLV)- pose major threats to global sugarcane production because of their rapid spread, asymptomatic infections, and delayed symptom expression. Effective management of these pathogens requires robust, rapid, and accurate detection methods that can distinguish among these viruses, even at low titers. Here, we report the development of an amplification-free CRISPR-Cas13-based assay with a limit of detection (LOD) of ~1.5 pM. The assay allows for simultaneous screening of all three viruses directly from bulk RNA extracts of plant material. Our approach leverages LwaCas13a specificity to detect and differentiate viral targets in a single assay. Compared with conventional multi-step assays, this strategy significantly reduces time and contamination risk. Validation on naturally infected material demonstrated its sensitivity and reliability. This platform provides a powerful tool for early and accurate diagnosis of ScMV, ScSMV, and ScYLV, with strong potential for integration into sugarcane virus surveillance and management programs."
"pubmed","42799858","10.1007/s12035-026-06209-9","Insights into X-linked Dystonia-Parkinsonism and Spinocerebellar Ataxia type 36 Through the Lens of Amyotrophic Lateral Sclerosis/Frontotemporal Dementia.","Patel, Mansee; Das, Soumalya; Kumari, Aditi Pramod; Kumar, Amit","Molecular neurobiology","2026-09-27","https://pubmed.ncbi.nlm.nih.gov/42799858/","The abnormal expansion of repetitive DNA sequences falls within the spectrum of neurological conditions driven by dual pathogenic pathways of RNA toxicity and protein toxicity. Within this spectrum, hexanucleotide repeat disorders (HRDs) represent a rare but important subgroup: C9orf72-amyotrophic lateral sclerosis/frontotemporal dementia (C9orf72-ALS/FTD), X-linked dystonia-parkinsonism (XDP) and spinocerebellar ataxia type 36 (SCA36), unified by the presence of expanded intronic repeats capable of forming non-canonical nucleic acid structures. Despite this shared repeat architecture, they differ in critical molecular and genetic respects: C9orf72-ALS/FTD is hallmarked by TDP-43 aggregation and prominent proteinopathy; SCA36 lacks TDP-43 pathology entirely; and XDP uniquely harbors a SINE-VNTR-Alu (SVA) retrotransposon insertion within the expanded locus and follows an X-linked recessive inheritance pattern. Among these, C9orf72-ALS/FTD is relatively well characterized, with established pathogenic mechanisms including G-quadruplex (G4) formation, dipeptide repeat (DPR) protein toxicity, RNA foci formation, and downstream cellular disruptions. The molecular mechanism underlying SCA36 and XDP remains comparatively less characterized. Given the mechanistic overlap with ALS/FTD, downstream disruptions such as RNA toxicity, mitochondrial dysfunction, impaired DNA repair and proteasomal dysfunction could similarly result from these core molecular processes. However, direct experimental evidence supporting these mechanisms in SCA36 and XDP remains limited. This review compares established, emerging and hypothetical mechanisms across HRDs to distinguish shared pathogenic pathways from disease-specific molecular features. Through horizontal comparison, this review identifies opportunities and limitations for translating ALS/FTD therapeutics to XDP and SCA36, establishing a unified analytical framework for mechanistic research and clinical intervention in rare repeat expansion disorders."
"pubmed","42799769","10.1007/s00203-026-05194-w","Pharmaceutical innovation in advanced nanomedicine for the treatment of hypervirulent and multidrug-resistant Klebsiella pneumoniae infections.","Hetta, Helal F; Alanazi, Fawaz E; Alshareef, Hanan; Soliman, Ghareb M; Almadi, Sultan A; Aljuhani, Ageel F; Bukhari, Salwa Qasim; Alatawi, Zinab; Ellah, Noura H Abd; Atoom, Ali M; El-Maghrabey, Mahmoud; Ramadan, Yasmin N","Archives of microbiology","2026-09-27","https://pubmed.ncbi.nlm.nih.gov/42799769/","Hypervirulent and multidrug-resistant Klebsiella pneumoniae represents a dual threat to global health, combining aggressive virulence with resistance to last-line antibiotics. Conventional therapies are failing, leaving an urgent need for disruptive approaches. Nanotechnology offers transformative solutions by enabling targeted drug delivery, dismantling biofilms, restoring antibiotic potency, and introducing novel modalities such as phage-nanoparticle hybrids and CRISPR-based nanoplatforms. This review synthesizes recent advances in metal-, polymer-, and lipid-based nanostructures designed to combat hvKp, highlighting mechanisms of action, synergistic combinations with antibiotics, and innovative theranostic systems. We also critically examine translational challenges, including reproducibility, safety, and regulatory uncertainty, while outlining future opportunities for precision nanomedicine through smart nanoplatforms, nano-enabled diagnostics, and AI-driven design. By integrating efficacy with safety and clinical feasibility, nanotechnology holds promise to reshape the therapeutic landscape for hvKp and MDR pathogens and contribute to broader strategies against antimicrobial resistance."
"pubmed","42799765","10.1007/s00109-026-02720-7","The orofacial cleft risk gene IRF6 is a target gene of SOX9 in cranial neural crest cells.","Weider, Matthias; Wagner, Magdalena C; Schmid, Theresa; Gehlen-Breitbach, Sebastian; Rodrian, Gabriele; Peschel, Nicolai; Schneider, Holm; Ludwig, Kerstin U; Wegner, Michael; Golz, Lina","Journal of molecular medicine (Berlin, Germany)","2026-09-27","https://pubmed.ncbi.nlm.nih.gov/42799765/","Orofacial clefts represent the most prevalent congenital anomalies affecting the craniofacial region. They can be evoked by a disturbed development of either oral epithelium or cranial neural crest-derived mesenchyme, or by disruptions of their interplay. IRF6 is a well-known risk gene associated with non-syndromic orofacial clefts and causative for Van der Woude syndrome, an autosomal dominant syndrome characterized by orofacial clefting and lower lip pits. Its expression in the oral epithelium depends on the transcription factor TFAP2A. We here show by immunofluorescence on mouse embryonic sections and by mining of single cell RNA-seq data that IRF6 is also expressed in cranial neural crest-derived tissue in mice and humans, together with TFAP2A and SOX9. The IRF6 enhancer MCS-9.7 is bound and activated by the transcription factor SOX9, mutations of which cause Pierre Robin sequence, a craniofacial anomaly that includes cleft palate. This SOX9-dependent activation is influenced by the single nucleotide variant rs76145088 that is associated with orofacial clefting. Inactivation of Sox9 in a murine cranial neural crest cell line by CRISPR/Cas9 results in loss of Irf6 expression. We conclude that dysregulation of the SOX9-IRF6 axis in cranial neural crest cells could be relevant for the pathogenesis of orofacial clefting. KEY MESSAGES: Irf6 is co-expressed with Sox9 - the major gene mutated in Pierre Robin Sequence (a craniofacial anomaly that includes cleft palate) - in a subset of cranial neural crest cells. The IRF6 enhancer MCS-9.7 is bound and activated by SOX9 and different alleles of the orofacial cleft risk SNV rs76145088 in MCS-9.7 confer differential activation of this enhancer by SOX9. Inactivation of Sox9 via CRISPR/Cas9 in a cranial neural crest cell line prevents Irf6 expression."
"pubmed","42799621","10.3791/73461","CRISPR/Cas9-Mediated HKDC1 Depletion to Assess Ferroptosis and Lenvatinib Responses in Hepatocellular Carcinoma.","Sun, Jiahao; Tan, Pingyuan; Shao, Yuting; Lu, Zhihua","Journal of visualized experiments : JoVE","2026-09-27","https://pubmed.ncbi.nlm.nih.gov/42799621/","Hexokinase domain-containing protein 1 (HKDC1) has been implicated in hepatocellular carcinoma (HCC) progression, but its relationship to regulated cell death remains incompletely defined. This article presents an in vitro workflow that combines public cohort analysis, paired clinical tissues, CRISPR/Cas9-mediated HKDC1 depletion, cell growth assays, lenvatinib treatment, pharmacological rescue, and biochemical measurements of glutathione (GSH) and malondialdehyde (MDA). HKDC1 expression was higher in HCC than in non-tumor liver tissue and was associated with poorer overall and disease-free survival in public datasets. HKDC1 depletion reduced growth and colony formation in Hep3B and SNU449 cells. HKDC1 depletion also increased the response to lenvatinib and ML-162. Independent targeting with sg-HKDC1-2 reproduced the ML-162-associated viability phenotype, and ferrostatin-1 restored viability after ML-162 exposure in SNU449 cells. These results support an association between HKDC1 depletion and increased susceptibility to regulated cell-death stress in HCC cells. Because direct lipid-reactive oxygen species, GPX4/SLC7A11 activity, glucose flux, and in vivo efficacy were not measured, the downstream mechanism and therapeutic relevance require further validation."
"pubmed","42799341","10.1002/adma.75155","Targeting FAK-YAP Signaling Axis Inhibits Tumor Stemness and Overcomes Tumor Resistance to Cuproptosis.","Zhou, Hao; Wang, Yu-Zhang; Zhang, Shi-Man; Yan, Xiao; Chen, Hong; Jin, Sheng-Xin; Chen, Wei-Hai; Zhang, Xian-Zheng","Advanced materials (Deerfield Beach, Fla.)","2026-09-27","https://pubmed.ncbi.nlm.nih.gov/42799341/","Cuproptosis has recently been identified as a novel metabolic cell death pathway that holds great promise for cancer therapy. However, cuproptosis resistance developed by tumor cells severely impairs its anticancer efficacy. Here, our study uncovers that the FAK-YAP signaling axis in tumor cells plays important roles in the development of cuproptosis resistance and the promotion of tumor stemness. To therapeutically target this signaling axis, a CRISPR-cuproptosis synergistic nanoplatform (CPLNP@HA) is elaborately designed for targeted co-delivery of a Ptk2 (encoding FAK) CRISPR-Cas9 knockout plasmid to block FAK-YAP signaling axis and Cu-elesclomol (Cu-ES, a cuproptosis inducer) into tumor cells. Mechanistically, CPLNP@HA efficiently silences FAK expression, which subsequently blocks the cuproptosis-induced activation of the FAK-YAP signaling cascade. This intervention not only sustains intracellular copper accumulation to reinforce cuproptosis but also reduces tumor stemness, thereby significantly potentiating the therapeutic outcomes of cuproptosis and activating tumoricidal immunity as evidenced by transcriptomic analysis. In combination with immune checkpoint blockade therapy, CPLNP@HA markedly inhibits tumor development upon rechallenge after surgical resection. Our work establishes FAK-YAP signaling axis as a new therapeutic target to overcome cuproptosis resistance and inhibit tumor stemness, providing a promising combinatorial paradigm to sensitize tumor to cuproptosis and immunotherapy."
"pubmed","42798792","10.1002/hsr2.73308","CRISPR-Cas9 in Cancer Therapy: Overcoming Delivery Barriers and Off-Target Effects for Clinical Translation.","Mohiuddin, Md; Ahsan, Md Al Mamun","Health science reports","2026-09-27","https://pubmed.ncbi.nlm.nih.gov/42798792/","BACKGROUND AND AIMS: CRISPR-Cas9 gene editing has transformed molecular biology and has great potential as a therapeutic tool for cancer and many other human diseases. This perspective review elaborates on the recent advances in CRISPR-Cas9 technology and its application as an innovative cancer treatment. Additionally, this perspective outlines the current barriers to clinical translation, including in vivo delivery and off-target effects, as well as potential mitigation strategies. DISCUSSION: CRISPR-Cas9 has enabled the development of innovative methods to enhance immunotherapy, overcome drug resistance, and identify new therapeutic targets. Importantly, CRISPR-Cas9-induced DNA double-strand breaks can activate p53-mediated selection and cause unintended on-target genomic alterations, including large deletions, chromosomal rearrangements, and chromosome loss. While progress has been made toward addressing these significant obstacles, optimizing delivery systems, minimizing off-target effects, and addressing immunogenicity are critical for the successful clinical application of CRISPR-Cas9. Emerging strategies, including high-fidelity Cas9 variants, optimized guide RNAs, and advanced non-viral delivery systems such as lipid nanoparticles (LNPs) and exosomes, may improve the precision, safety, and delivery of CRISPR-Cas9-based therapies. Continued innovation in base editing and prime editing may enable the development of more refined approaches for precise genome modification. CONCLUSION: From a translational perspective, we argue that improvements in editing efficiency alone will be insufficient; clinical success will require the simultaneous achievement of tumor-selective delivery, genomic integrity, and acceptable long-term safety. Therefore, the continued development of novel approaches should be promoted to realize the full potential of CRISPR-Cas9 technology in oncology and other therapeutic applications."
"pubmed","42798774","10.1111/trf.70163","A review of genetic modification for ex vivo cellular therapies.","Dinh, Anh; Zhang, Nan; Stroncek, David","Transfusion","2026-09-27","https://pubmed.ncbi.nlm.nih.gov/42798774/",""
"pubmed","42798769","10.3389/fbioe.2026.1949504","CRISPR/Cas diagnostics for Klebsiella pneumoniae: from resistance and hypervirulence markers to clinically interpretable risk reporting.","Yi, Weijia; Luo, Hongzhi; Luo, Fukang; Li, Qianyi; Huang, Xiaoxue; Yu, Qiujie; Deng, Guozhen; Liu, Shan","Frontiers in bioengineering and biotechnology","2026-09-27","https://pubmed.ncbi.nlm.nih.gov/42798769/","Klebsiella pneumoniae (Kp) is a major cause of healthcare-associated and community-onset invasive infections. The emergence of carbapenem-resistant Kp (CRKP), hypervirulent Kp (hvKp), and resistance-hypervirulence convergence has increased the need for rapid tests that provide organism context and clinically interpretable risk information. CRISPR/Cas diagnostics combine programmable sequence recognition with flexible signal generation and can be integrated with isothermal amplification, portable readouts, and multiplex workflows. Available studies support the analytical feasibility of detecting Kp- or Klebsiella pneumoniae species complex (KpSC)-associated organism-context targets, major resistance genes, and hypervirulence-associated markers, but clinical and workflow validation remains limited because many studies use small cohorts, cultured isolates, or spiked matrices. Here, clinically interpretable risk reporting means translating validated molecular findings into bounded categories-organism context, gene-associated resistance risk, hypervirulence-associated risk, and suspected resistance-hypervirulence convergence risk-while stating interpretive limits and appropriate confirmatory actions. We critically evaluate CRISPR/Cas engineering, target selection, multiplexing, specimen-specific workflows, and validation requirements, and propose a conceptual four-layer target-to-report framework for prospective evaluation. CRISPR/Cas-based Kp testing should complement, rather than replace, culture, phenotypic antimicrobial susceptibility testing, virulence assessment, and genomic confirmation."
"pubmed","42798768","10.1111/trf.70324","AI-powered biotherapies: Artificial intelligence and informatics at the intersection of transfusion medicine and biotherapies.","Goel, Ruchika; Land, Kevin; Schoen, Brianna; Vassallo, Ralph; Cap, Becky","Transfusion","2026-09-27","https://pubmed.ncbi.nlm.nih.gov/42798768/","BACKGROUND: The rapid evolution of biotherapies-encompassing hematopoietic stem cell transplantation (HSCT), chimeric antigen receptor T-cell (CAR-T) therapies, gene-modified cellular therapies, and CRISPR-based platforms-has fundamentally transformed hematology, oncology, and regenerative medicine. Artificial intelligence (AI) and machine learning (ML) are increasingly recognized as potential central enablers of precision biotherapies, yet their systematic applications across the biotherapy pipeline remain incompletely characterized. METHODS: This narrative review synthesizes published literature, registry data, and emerging regulatory frameworks to examine 12 transformative applications of AI/ML and informatics in the biotherapy ecosystem, organized within three thematic domains: (1) precision donor-recipient matching, cell and gene therapy engineering, and outcomes monitoring; (2) AI/ML-enabled simulation, adaptive clinical trials, and quality control; and (3) informatics infrastructure, multi-omics integration, and regulatory science. RESULTS: AI/ML demonstrates significant potential across the biotherapy pipeline: from advanced HLA donor-recipient matching and CAR construct optimization to manufacturing process analytics, digital twin simulation, automated quality control, and long-term survivorship prediction. Applications span a maturity spectrum from early clinical adoption (HLA matching, manufacturing QC) to largely conceptual stages (digital twins, personalized conditioning). Critical challenges include algorithmic bias, explainability deficits, reproducibility gaps, and evolving data privacy and regulatory frameworks. CONCLUSION: AI and informatics are positioned to usher in a new era of precision, data-driven biotherapies. Realizing this potential requires interdisciplinary collaboration, rigorous external validation, equitable dataset representation, and alignment with emerging regulatory standards to ensure safe, transparent, and patient-centered integration into clinical and manufacturing workflows."
"pubmed","42798178","10.1016/j.ymthe.2026.09.030","APOBEC3 Knockout in Lentiviral Packaging Cells Improves Therapeutic Transgene Sequence Fidelity.","Mittelhauser, Annika; Patel, Rishi; Costa, Alex B; Mohapatra, Shivani; Hart, Kevyn; Stefanovska, Bojana; Carpenter, Michael A; Harris, Reuben S; Hollis, Roger P; Kohn, Donald B","Molecular therapy : the journal of the American Society of Gene Therapy","2026-09-26","https://pubmed.ncbi.nlm.nih.gov/42798178/","Lentiviral vectors are a well-established method of delivering transgenes into target cells. Lentiviral vectors have a strong efficacy and safety profile, but transgene fidelity remains an area of concern. Loss of function mutations within the integrated transgene may reduce therapeutic efficacy. Gain of function mutations within proto-oncogenic transgenes could cause malignant transformation of the transduced cell. Transgene mutations have long been attributed to reverse transcription errors. However, through deep sequencing of transgenes integrated into CD34+ hematopoietic stem and progenitor cells, we detected a disproportionately high frequency of cytosine to thymine mutations. We therefore hypothesized that blocking the APOBEC3 family of antiviral cytosine deaminases would improve transgene fidelity. We demonstrated that CRISPR/Cas9-mediated knockout of the APOBEC3 locus in HEK293T packaging lines reduced total lentiviral transgene mutations by over 90%. Conversely, disrupting the murine leukemia virus's APOBEC3-defenses caused an approximately 30-fold increase in C/G-to-T/A mutations. Furthermore, we determined that APOBEC3 knockout is compatible with a multi-gene knockout packaging line designed to enhance titer. This novel combination resulted in ""CHAI,"" a HEK293T-based cell line that produces high titer lentiviral vectors with near-perfect transgene fidelity."
"pubmed","42798004","10.3390/vetsci13090970","Rapid Visual Detection of Cyprinid Herpesvirus 2 Based on One-Tube RPA-CRISPR/Cas12a System.","Li, Jiaqi; Zou, Wen; Tang, Yuping; Liu, Mingyang; Liu, Yongjie; Dong, Yuhao","Veterinary sciences","2026-09-26","https://pubmed.ncbi.nlm.nih.gov/42798004/","Cyprinid herpesvirus 2 (CyHV-2) is a highly lethal pathogen responsible for substantial economic losses in farmed cyprinids worldwide. However, rapid and field-deployable diagnostic tools remain limited. Here, we developed a one-tube recombinase polymerase amplification (RPA)-CRISPR/Cas12a-based fluorescence assay for the visual detection of CyHV-2. The system integrates RPA pre-amplification targeting the highly conserved helicase gene hphS, Cas12a-mediated specific recognition and collateral cleavage of a fluorophore-quencher-labeled ssDNA reporter, and visual readout under a portable blue light transilluminator. After optimizing the concentrations of primers, crRNA, Cas12a and the reaction time, the detection limit of this method reached 1 copy/muL, and it showed no cross-reaction with other common aquatic pathogens. Clinical evaluation using 100 tissue samples demonstrated 100% concordance with quantitative real-time PCR (qPCR). This method does not require expensive equipment and can be completed within approximately one hour. This RPA-CRISPR/Cas12a platform offers a rapid and specific solution for on-site CyHV-2 surveillance, especially suitable for aquaculture environments with limited resources, and is expected to have broader applications in the detection of aquatic pathogens."
"pubmed","42797949","10.3390/vetsci13090914","Construction and Immunogenicity of a Recombinant Pseudorabies Virus Expressing the Major Neutralizing Epitopes A and D of Transmissible Gastroenteritis Virus Spike Protein.","Zhao, Li; Tian, Xiang-Shuo; Xu, Tong; Zhang, Xiao-Zhan; Wen, Ying-Hui; Song, Xing-Hui; Fang, Zhong-Yi; Li, Yi-Lei; Chen, Hong-Ying","Veterinary sciences","2026-09-26","https://pubmed.ncbi.nlm.nih.gov/42797949/","Transmissible gastroenteritis (TGE) and pseudorabies (PR) remain important viral diseases causing massive economic losses and posing a continuous burden on the global swine industry. The continuous emergence of variant strains of transmissible gastroenteritis virus (TGEV) and pseudorabies virus (PRV) has gradually weakened the protective efficacy of traditional vaccines, highlighting the urgent need for next-generation preventive vaccine candidates. Here, we constructed a recombinant pseudorabies virus named rPRV-AD expressing the major neutralizing epitopes A and D of the TGEV spike protein via homologous recombination combined with CRISPR/Cas9-gene editing technology and then evaluated its biological characteristics in vitro and immunogenicity in piglets. The results showed that this recombinant virus exhibited similar replication kinetics and biological properties to the parental strain. Immunization of 2-week-old piglets with rPRV-AD caused no obvious adverse effects and induced specific antibody and neutralizing antibody responses against both TGEV and PRV. Following virulent TGEV challenge, compared with the DMEM control group, rPRV-AD immunization alleviated clinical signs of piglets and significantly reduced viral load in intestine and feces, although its protective efficacy was lower than that of the commercial TGEV vaccine. Moreover, rPRV-AD provided effective clinical protection against challenge with the virulent PRV NY strain. In summary, these findings suggest that rPRV-AD represents a vaccine candidate that provides partial protection and warrants further optimization, and yet shows short-term protective efficacy against both PRV and TGEV in pigs."
"pubmed","42797903","10.3390/vetsci13090867","Comparative Phenotypic Characterization of Five CRISPR/Cas9-Generated Gene-Disrupted Mutants of Pseudorabies Virus JM Strain.","Han, Longfei; Wang, Shanghui; Zhang, Zhaoxia; Weng, Changjiang","Veterinary sciences","2026-09-26","https://pubmed.ncbi.nlm.nih.gov/42797903/","Pseudorabies virus (PRV) is a neurotropic alphaherpesvirus that causes severe neurological and reproductive disease in swine and can infect a broad range of non-porcine mammals. To compare the phenotypic consequences associated with disruption of different PRV genes within a uniform genetic background, UL21, UL24, UL50, UL56, and gG (US4) were individually disrupted in the PRV JM strain using CRISPR/Cas9. The resulting gene-disrupted viruses were characterized by multi-step growth analysis, plaque formation, and experimental infection in mice. The five viruses displayed distinct and non-parallel phenotypic profiles. PRV JM-DeltaUL24, PRV JM-DeltaUL50, PRV JM-DeltaUL56, and PRV JM-DeltagG showed reduced peak extracellular viral titers, whereas PRV JM-DeltaUL21 exhibited only a limited change in viral growth. In contrast, markedly smaller plaques were observed for PRV JM-DeltaUL21 and PRV JM-DeltaUL56, indicating that extracellular viral yield and plaque phenotype were not necessarily concordant. In mice, PRV JM-DeltaUL21 and PRV JM-DeltaUL24 showed delayed mortality and 40% survival, whereas PRV JM-DeltaUL50 caused delayed but complete mortality and PRV JM-DeltaUL56 and PRV JM-DeltagG retained survival patterns similar to parental PRV JM. Thus, attenuation in vivo was not directly predicted by impaired replication or plaque formation in vitro. Among the five gene-disrupted viruses examined, PRV JM-DeltaUL21 and PRV JM-DeltaUL24 showed the most pronounced attenuation-associated phenotypes in the mouse model, although substantial residual virulence remained. These comparative findings identify UL21 and UL24 as priority loci for further mechanistic evaluation and for assessment in future multi-gene attenuation strategies."
"pubmed","42797803","10.3390/v18090972","CCR5 as a Therapeutic Target in HIV Disease: From CRISPR/Cas9 Gene Editing to Maraviroc-Mediated Inhibition.","Iqbal, Uzair; Khalid, Khadija; Shaltout, Mohamed; Yukselten, Yunus; Sutton, Richard E","Viruses","2026-09-26","https://pubmed.ncbi.nlm.nih.gov/42797803/","The C-C chemokine receptor type 5 (CCR5) is the principal co-receptor for R5-tropic HIV-1 and remains one of the most promising therapeutic targets in the pursuit of an HIV cure. The discovery that individuals carrying the naturally occurring CCR5Delta32 mutation exhibit marked resistance to HIV infection established the foundation for both genetic and pharmacological approaches to CCR5 inhibition. This review summarizes recent advances in CCR5-targeted therapies with a focus on CRISPR/Cas9-mediated gene editing and maraviroc-mediated receptor blockade. We discuss the molecular mechanisms, preclinical evidence and emerging clinical data supporting CRISPR-based CCR5 disruption, including multiplex editing strategies designed to overcome viral tropism switching. We also examine the evolving role of maraviroc beyond viral entry inhibition, highlighting its immunomodulatory effects, potential latency-reversing activity and applications in graft-versus-host disease and cancer. Together, these complementary strategies underscore the potential of CCR5-targeted interventions as integral components of future combination therapies aimed at achieving durable HIV remission or functional cure."
"pubmed","42797762","10.3390/v18090929","Targeting cccDNA for Degradation: Endogenous- and Exogenous-Based Methods of Nuclear-Localized DNA Destruction in the Context of Chronic Hepatitis B Infection.","Thompson, Cassie; Meier-Stephenson, Vanessa","Viruses","2026-09-26","https://pubmed.ncbi.nlm.nih.gov/42797762/","The ability to facilitate cellular degradation or achieve therapeutic destruction of targeted noxious DNA is recognized as a major goal for the treatment of various viral infections. In the case of chronic hepatitis B, targeted DNA degradation of the episomal viral genome found in the nucleus of infected hepatocytes is key to achieving a true cure. However, mechanisms of targeted DNA degradation without excessive broadscale cytotoxicity are still under investigation by researchers. This review summarizes several current systems known to have the ability to target nuclear-localized DNA, including endogenous methods of DNA degradation that may be harnessed therapeutically and exogenous methods such as CRISPR or other xenobiotics, with a focus on their potential application in hepatitis B treatment."
"pubmed","42797510","10.3390/ph19091465","Phage Genomics and Bioinformatics in Therapeutic Development: Evidence Limits, Validation Gates, and Translational Decision-Making.","Ang, Mia Yang; Chen, Li; Song, Lanni; Lipovich, Leonard; Choo, Siew Woh","Pharmaceuticals (Basel, Switzerland)","2026-09-26","https://pubmed.ncbi.nlm.nih.gov/42797510/","Background/Objectives: Antimicrobial resistance has renewed interest in live therapeutic phages, including engineered candidates and defined phage cocktails, as antibacterial strategies. However, clinical translation requires evidence extending beyond phage isolation and computational prediction. This review examines how phage genomics and bioinformatics can support phage-based antibacterial development while remaining aligned with pharmaceutical requirements for safety, quality, pharmacology, and clinical validation. Methods: This narrative review synthesizes the literature on the generation, interpretation, and experimental validation of genomic and bioinformatic evidence for live therapeutic phages. Representative approaches for viral identification, genome-quality assessment, annotation, comparative genomics, lytic-temperate lifestyle classification, host prediction, receptor analysis, antiphage-defence profiling, and artificial-intelligence-assisted prioritization were evaluated according to their outputs, principal failure modes, validation requirements, and supported development decisions. Results: Current tools address distinct analytical tasks. Examples include VIBRANT and geNomad for viral identification, CheckV and PhageTerm for genome-quality and termini assessment, Pharokka, PHANOTATE, and PHROGs for gene prediction and annotation, PhageAI, BACPHLIP, and PhaTYP for lytic-temperate lifestyle prediction, iPHoP and CRISPR spacer matching for host prioritization, and PADLOC and DefenseFinder for bacterial defence profiling. Their outputs differ in taxonomic resolution, reference coverage, training-data dependence, and biological interpretation. The review maps these outputs to proportionate validation requirements while integrating formulation and PK/PD context, sequence-to-product traceability, intellectual-property documentation, minimum-information reporting, and resistance-responsive redesign. Conclusions: This review presents a practical sequence-to-product framework for interpreting contemporary phage-bioinformatics methods. By separating computational discovery from isolate-level activity, product quality, pharmacological evidence, and clinical monitoring, it clarifies the decisions supported at each stage and the additional evidence required before candidate progression, product use, or redesign."
"pubmed","42797333","10.3390/pharmaceutics18091158","Developing a Fluorescence-Based High-Throughput Screening Method for Natural Product Fractions to Identify Inhibitors of AR-V7 for Castration-Resistant Prostate Cancer.","Tyagi, Neha; Rathi, Manish; Ensel, Susan; Thornburg, Christopher C; Grkovic, Tanja; O'Keefe, Barry R; Sacchettini, James C; Damodaran, Chendil","Pharmaceutics","2026-09-26","https://pubmed.ncbi.nlm.nih.gov/42797333/","Background/Objectives: The progression of prostate cancer to castration-resistant prostate cancer (CRPC) is often driven by constitutively active androgen receptor splice variants, such as AR-V7, which evade conventional androgen-deprivation therapies. This study aimed to develop a high-throughput, mechanism-based screening platform to identify natural-product-derived AR-V7 inhibitors from the NCI Program for Natural Product Discovery (NPNPD) library. Methods: A subset of prefractionated NPNPD samples was screened using a CRISPR-edited 22Rv1 cell line expressing endogenous AR-V7 fused to a HiBiT luminescent tag, enabling quantification of AR-V7 levels. Fractions that reduced the HiBiT signal were further evaluated in 22Rv1 and C4-2B CRPC cells and counter-screened in non-malignant RWPE-1 cells. Compounds demonstrating at least 90% inhibition in CRPC cells with no more than 10% toxicity in RWPE-1 cells underwent dose-response analysis, Western blotting, quantitative PCR, and subfractionation to isolate and characterize active constituents. Results: Of the 704 prefractionated samples, five fractions met stringent activity and selectivity criteria, with three consistently suppressing full-length androgen receptor (AR), AR-V7, and prostate-specific antigen (PSA). Primary screening results in HiBiT-22Rv1 cells were validated by secondary dose-response and Western blot assays, and hits were further prioritized to ensure toxicity remained at or below 10% in RWPE-1 cells. HiBiT-guided screening of 66 subfractions identified seven that robustly downregulated AR signaling, with reduced AR-V7 levels correlating with decreased CRPC cell viability. Chemical characterization revealed two active butanolides, isolitsealiicolide C and isolinderanolide B, which reduced AR and AR-V7 protein and mRNA levels, decreased PSA, downregulated Bcl-2, and induced cleaved PARP, consistent with apoptotic cell death in AR-positive CRPC models. Conclusions: This integrated high-throughput workflow efficiently identifies AR-V7-targeted natural products from complex libraries and highlights isolitsealiicolide C and isolinderanolide B as promising scaffolds for overcoming androgen receptor-driven resistance in CRPC."
"pubmed","42797269","10.3390/pharmaceutics18091094","Recent Advances in Non-Viral Vectors for Gene Therapy and Gene Delivery: From Lipid Nanoparticles to Engineered Extracellular Vesicles.","Yang, Yongfeng; Song, Tingting; Huang, Kaili; Huang, Hong; Zhao, Maoyuan; Li, Yi","Pharmaceutics","2026-09-26","https://pubmed.ncbi.nlm.nih.gov/42797269/","Gene therapy and genome editing increasingly depend on the safe, effective, and cell-selective delivery of nucleic acids and protein-nucleic acid complexes. Although viral vectors remain important for applications requiring durable gene expression, non-viral vectors offer advantages in cargo capacity, modularity, transient expression, potential repeat dosing, and avoidance of vector-genome integration. Lipid nanoparticles (LNPs), polymeric nanoparticles, inorganic nanomaterials, extracellular vesicles (EVs), and biomimetic hybrid systems have consequently become central platforms for delivery of siRNA, mRNA, plasmid DNA, antisense oligonucleotides, and CRISPR-based genome editors. Among these, ionizable LNPs are currently the most clinically mature non-viral technology, supported by the clinical success of siRNA therapeutics and mRNA vaccines, as well as the emergence of in vivo CRISPR therapies. Nevertheless, efficient endosomal escape, cell-type-selective targeting, extrahepatic delivery, and repeat-dose tolerability remain substantial barriers. Polymeric vectors provide broad chemical tunability, allowing adjustment of charge density, degradability, stimulus responsiveness, intracellular trafficking, and cargo release. However, toxicity and batch-to-batch reproducibility remain key concerns. EVs provide a biologically derived alternative with favorable membrane interfaces and potential advantages for protein and ribonucleoprotein delivery, but their clinical translation is constrained by heterogeneity, loading efficiency, product characterization, and scalable manufacturing. This review summarizes recent advances in non-viral gene-delivery platforms, compares their strengths and limitations, and discusses future directions in cell-selective delivery, endosomal escape, transient delivery of genome-editing machinery, engineered EVs, hybrid vectors, and manufacturing-oriented development. The field is transitioning from organ-level delivery toward delivery of the correct payload to the correct cell type at a clinically relevant exposure and safety margin."
"pubmed","42796916","10.3390/plants15182885","Molecular Targets and Trait Innovation in CRISPR-Edited Vegetable Crops: An Up-to-Date Review (2020-2026).","Deligiannidou, Eleftheria; Ganopoulos, Ioannis; Papasotiropoulos, Vasileios","Plants (Basel, Switzerland)","2026-09-26","https://pubmed.ncbi.nlm.nih.gov/42796916/","Vegetable crops are of fundamental nutritional and economic importance worldwide, yet their improvement through conventional breeding remains time consuming and constrained by genomic complexity. For that reason, over the period 2020-2026, CRISPR/Cas-mediated genome editing, a new genomic technique (NGT), has emerged as the leading tool for precise, rapid and targeted modification of vegetable crop genomes. In this review, we summarize selected peer-reviewed studies on CRISPR/Cas applications across a broad range of vegetable species. Tomato (Solanum lycopersicum) and potato (Solanum tuberosum) are the most edited species with the CRISPR/Cas system, with tomato being at the forefront, while other crops such as cucumber, watermelon, Brassica species, pepper, eggplant and lettuce, follow. We studied eight trait categories that have been improved, namely biotic stress resistance, abiotic stress resistance, yield and growth regulation, food/feed quality modification, color/flavor modification, storage conditions, herbicide resistance and industrial utilization. Out of these, biotic stress resistance is the most actively targeted category across both tomato and potato, with viral, fungal, bacterial and oomycete pathogens being addressed through the editing of host susceptibility genes. Some advances include editing SlDMR6-1 and DMR6 orthologs to confer broad-spectrum disease resistance, multiplex editing of the MLO gene family to achieve powdery mildew resistance, the utilization of the CRISPR/Cas13 system to confer resistance in RNA viruses in potato, and the engineering of drought-tolerant and quality-improved varieties across multiple species. Finally, the regulatory landscape for genome-edited products in the European Union is currently evolving with efforts to distinguish them from genome-modified products and drive further growth for the field."
"pubmed","42796911","10.3390/plants15182880","Effects of Foliar Selenium Treatment on Phenolic Antioxidant Compound Accumulation and Transcriptomic Profiles in Developing Black Wheat Grains.","Shen, Tianci; Yuan, Binyan; Ba, Qingsong; Zhang, Lanlan; Zhang, Pengfei; Zhang, Gensheng; Li, Guiping; Zhuo, Yue","Plants (Basel, Switzerland)","2026-09-26","https://pubmed.ncbi.nlm.nih.gov/42796911/","Selenium (Se) foliar spraying improves grain nutritional quality of pigmented wheat, yet the physiological and molecular regulatory mechanisms of Se-mediated anthocyanin accumulation in black wheat remain poorly understood. In this study, six concentrations of sodium selenite (0-150 mg.L(-1), 0 mg.L(-1) served as the blank control) were foliarly applied to black wheat Nongda 3753 and white wheat Jimai 22 to screen the optimal Se dosage. Dynamic changes in grain antioxidants across multiple time points throughout grain filling were characterized, and transcriptome sequencing combined with an Arabidopsis mutant functional assay was performed to dissect the regulatory network. The results showed that grain Se content in Nongda 3753 reached its peak (0.61 mg.kg(-1)) under the 150 mg.L(-1) treatment, representing a 555.63% increase over the control. Under the 75 mg.L(-1) treatment, total phenolics (2.68 mg GAE.g(-1)), total flavonoids (2.96 mg rutin.g(-1)), and DPPH scavenging rate (89.02%) all reached their maximum levels; therefore, 75 mg.L(-1) was determined as the optimal compromise dosage for comprehensive grain quality improvement. Through temporal profiling, 25 days after anthesis (DAA) was identified as the critical Se-responsive stage, at which anthocyanin content reached its highest level among all time points (117.08 mg.kg(-1)), showing a significant increase of 25.13% compared with the control at the same time point, and the anthocyanin biosynthesis pathway was uniquely enriched. The anthocyanidin synthase (ANS) gene was specifically upregulated by Se, and nine key transcription factors were screened. Functional verification revealed that TaMYB20-like acts as a negative regulator of anthocyanin accumulation. This work clarifies the temporal pattern and molecular basis of Se-enhanced antioxidant synthesis, offering gene targets for Se-enriched functional wheat breeding."
"pubmed","42796871","10.3390/plants15182840","OsJAC1 Positively Regulates Brown Planthopper Resistance in Rice Through Priming of Diterpenoid Biosynthesis and Amplification of Jasmonic Acid Signaling.","Wang, Jie; Sun, Na; Zhong, Runbin; Tian, Jinyi; Xue, Rongrong; Zheng, Yingying; Song, Yuanyuan; Zeng, Rensen; Chen, Dongmei","Plants (Basel, Switzerland)","2026-09-26","https://pubmed.ncbi.nlm.nih.gov/42796871/","Brown planthopper (BPH) is a devastating rice pest worldwide, and enhancing intrinsic plant resistance represents a sustainable strategy for its control. Here, we report that OsJAC1, a gene encoding a protein harboring dirigent and jacalin-related lectin domains, positively regulates BPH resistance in rice by priming diterpenoid biosynthesis and amplifying jasmonic acid (JA) signaling. Overexpression of OsJAC1 (OE) in japonica cv. Zhonghua 11 significantly enhanced resistance, whereas CRISPR/Cas9 knockout (KO) increased susceptibility. Transcriptomic profiling revealed that OE plants constitutively upregulated diterpenoid biosynthetic genes, including OsCPS4, OsKSL4 and CYP99A3, with further induction upon BPH infestation, accompanied by enrichment of MYB and bHLH transcription factors. Targeted metabolomics showed elevated momilactone A and B levels in OE plants. Hormonal assays demonstrated that JA accumulation was amplified in OE after BPH attack. Collectively, OsJAC1 confers resistance via a dual mechanism: constitutive priming of diterpenoid metabolism and attack-triggered amplification through JA signaling, but the precise biochemical function remains to be determined. Our findings uncover a regulatory cascade from transcriptional activation to phytoalexin accumulation and identify OsJAC1 as a promising target for breeding BPH-resistant rice."
"pubmed","42796827","10.3390/plants15182795","A RUBY-Based Visual Hairy Root Transformation and CRISPR-PTG Genome-Editing System in Eucommia ulmoides.","Xu, Linqing; Zhou, Yani; Sun, Yongfeng; Dong, Yating; Kang, Rong; Yao, Nan; Cai, Xia","Plants (Basel, Switzerland)","2026-09-26","https://pubmed.ncbi.nlm.nih.gov/42796827/","Eucommia ulmoides Oliv. is a woody plant with significant medicinal and industrial value. However, the lack of an efficient genetic transformation and gene-editing system has seriously hindered the research on its functional genes and the progress of molecular breeding. To break through this technical bottleneck, this study successfully established an efficient Agrobacterium-mediated genetic transformation system for E. ulmoides hairy roots based on the RUBY visual reporter gene. Through systematic optimization, the optimal transformation conditions were identified as infecting hypocotyl explants with Agrobacterium strain K599 at an OD(600) of 0.6 for 20 min. Based on this optimized system, a RUBY-based CRISPR-PTG (polycistronic tRNA-gRNA) construct was further generated. With squalene synthase (EuSQS) as the target gene, Sanger sequencing and ICE (Inference of CRISPR Edits) analysis provided preliminary evidence for CRISPR-PTG-mediated editing at the EuSQS locus in transgenic hairy roots, although the potentially chimeric nature of hairy roots may contribute to variation in the observed editing profiles. In this study, a RUBY-based visual hairy root genetic transformation system was established, which provided preliminary evidence that CRISPR-PTG-mediated targeted mutagenesis can occur in E. ulmoides hairy roots. These results provide a useful basis for further optimization and application of genome editing in subsequent gene function analysis and metabolic engineering research of E. ulmoides, and also offer a reference for genetic transformation studies of other woody plants."
"pubmed","42796798","10.3390/plants15182766","Establishment of Tissue Culture and Genetic Transformation Systems Using Mature Embryos of Bread Wheat.","He, Yiyang; Wang, Yingrun; Shi, Jia; Pang, Songyu; Li, Wenyang; Wang, Chuanzhi; Ren, Lantian; Xu, Zhaoshi; Wang, Dong; Zheng, Jiacheng","Plants (Basel, Switzerland)","2026-09-26","https://pubmed.ncbi.nlm.nih.gov/42796798/","Genetic transformation is a core technology for wheat molecular breeding. Transformation efficiency and genotype compatibility determine the pace of targeted genetic improvement. Mature embryos are readily accessible but are associated with low transformation efficiency and strong genotype dependence. Using mature wheat embryos as explants, we screened eight wheat varieties representing three ecological types to develop genotype-adapted tissue culture systems. Treatments A5 (4 mg/L 2,4-D + 2 mg/L Dicamba), A7 (4 mg/L 2,4-D + 6 mg/L Dicamba), and A8 (4 mg/L 2,4-D + 8 mg/L Dicamba) were optimal for callus induction in winter, semi-winter, and spring wheat, respectively. WF3 (a 1/2 MS-based medium) was broadly applicable to callus differentiation, whereas IBA produced the highest rooting efficiency in regenerated plantlets. The optimal transformation conditions comprised ultrasound treatment (2.5 min) followed by vacuum infiltration (5 min), supplementation of the infection solution with PEG(6000) (250 mg/L) and Tween20 (0.01%), and an OD(600) of 0.6-0.8. Transformation efficiencies using mature embryos of the semi-winter wheat varieties YX288 and ZM578 were 2.5% and 1.8%, respectively. Using this transformation platform, the dwarfing genes Rht12 in ZM578 and Rht8 in YX288 were targeted by CRISPR/Cas9-mediated editing. Multiple single-base substitutions at the target sites were detected in ZM578 rht12 mutants, which exhibited significantly reduced height, increased tiller number, and a compact plant architecture. However, no successfully edited rht8 lines were obtained in YX288. These findings indicate that this study established a reliable mature-embryo transformation system for wheat and successfully validated gene editing in the semi-winter variety ZM578. The system provides a technical platform for the functional analysis of key genes and molecular breeding in bread wheat."
"pubmed","42796758","10.3390/pathogens15090990","A Dual-Plasmid CRISPR/Cas9-Based Genome Editing System for Efficient Gene Knockout and Large DNA Integration in Cronobacter malonaticus.","Yan, Shuwei; Zhang, Jing; Han, Yufei; Jia, Jia; Yun, Ge; Liu, Dan; Ma, Yue; Liu, Zhimeng; Wang, Yuanyuan; Wang, Haifeng","Pathogens (Basel, Switzerland)","2026-09-26","https://pubmed.ncbi.nlm.nih.gov/42796758/","Species of Cronobacter are emerging foodborne pathogens that pose a significant threat to neonates. Functional genomic studies in Cronobacter have been hindered by the lack of efficient genetic manipulation tools. Here, we established a CRISPR/Cas9-based genome editing platform for Cronobacter. We developed a dual-plasmid platform, pAmpCRISPR/pCasCm, by integrating CRISPR/Cas9 with the lambda-Red recombination machinery. This platform enables scarless genome editing in Cronobacter malonaticus and proved effective for gene knockout and large-fragment integration under the tested conditions. Furthermore, we validated this platform in another clinically relevant species, Cronobacter sakazakii. The development of this genome editing toolkit provides a useful approach for fundamental research into Cronobacter pathogenesis, such as bacterial physiology studies, drug target exploration, and metabolic engineering."
"pubmed","42796641","10.3390/molecules31183358","From Molecular Recognition to Clinical Readout: Design Principles for Functional Nucleic Acid-Material Biosensors in Medical Diagnostics.","Chen, Qiming; Xue, Chengtian; Hu, Yuanlong; Hong, Qiao; Liu, Zhanmin","Molecules (Basel, Switzerland)","2026-09-26","https://pubmed.ncbi.nlm.nih.gov/42796641/","Functional nucleic acids can connect molecular recognition with chemical signal generation, but their diagnostic value depends on the performance of the complete sample-to-answer pathway. This critical narrative review examines representative studies published through 31 July 2026, with emphasis on recognition, amplification, material interfaces, sample preparation, readout and clinical interpretation under realistic conditions. Hybridization and ligation probes, aptamers, DNAzymes, DNA nanostructures and CRISPR-associated systems are compared by specificity, kinetics, leakage and matrix compatibility. Rolling circle amplification, hybridization chain reaction, catalytic hairpin assembly and enzymatic isothermal amplification are evaluated as reaction networks whose products must remain accessible to the selected interface. Functional materials are classified by their actual analytical role, including transduction, signal amplification, capture/enrichment, spatial organization and reagent storage. Evidence is distinguished between mechanistic studies, spiked matrices, clinical specimens, manufactured-format reproducibility and demonstrated clinical utility. We further integrate sample-to-answer workflow, assay time, complexity, regulatory considerations and clinically relevant decision thresholds. Across the literature, reliable performance depends on selective recognition before high-gain reactions, compatibility between amplification products and interfaces, explicit controls for inhibition and leakage, and validation across independent lots and representative clinical populations. These principles define a path from analytical proof of concept to reproducible and clinically interpretable diagnostic testing."
"pubmed","42795662","10.3390/microorganisms14092082","Development and Protective Evaluation of an O18-CRM197 Glycoconjugate Candidate Preparation Against APEC O18 Challenge in SPF Chickens.","Zhu, Tingfan; Yuan, Jing; Feng, Kangmei; Bai, Hairui; Yan, Caihong; Yang, Yang; Qin, Aijian; Jin, Wenjie","Microorganisms","2026-09-26","https://pubmed.ncbi.nlm.nih.gov/42795662/","Avian pathogenic Escherichia coli (APEC) is an important cause of colibacillosis in poultry, and increasing antimicrobial resistance has highlighted the need for alternative preventive strategies. This study aimed to develop an O18-cross-reacting material 197 (O18-CRM197) glycoconjugate vaccine candidate using an Escherichia coli-based protein glycan coupling technology (PGCT) platform and to evaluate its immunogenicity and preliminary protective performance in specific-pathogen-free (SPF) chickens. A CLM24-derived production host, Y03, was generated by sequential deletion of lpxM, zwf, and gldA using a CRISPR/Cas9- and lambda-Red-mediated genome editing system. An O18 O-polysaccharide expression plasmid and a co-expression plasmid encoding PglB and a modified CRM197 carrier protein were introduced into Y03 for in vivo glycoconjugate production. Western blotting showed high-molecular-weight signals recognized by both anti-CRM197 antibody and anti-O18 serum, supporting production of an O18-CRM197 glycoconjugate candidate. Immunization with the adjuvanted purified candidate induced O18-specific serum immunoglobulin G (IgG) responses in SPF chickens. After homologous APEC O18 challenge at 1 x 10(9) colony-forming units (CFU)/bird, immunized chickens showed reduced gross lesion scores and bacterial burdens in blood and organs, with the 50 mug dose showing more consistent protective performance than the 30 mug dose. These findings provide preliminary evidence that the adjuvanted purified O18-CRM197 candidate preparation has immunogenicity and protective potential against homologous APEC O18 challenge."
"pubmed","42795616","10.3390/microorganisms14092036","Novel Non-Coding Small sRNA002 Targets the Virulence-Related Genes mrkA and mrkB of Carbapenem-Resistant Klebsiella pneumoniae.","Du, Na; Yang, Min; Zhao, Yongshi; Liu, Shumin; Du, Yan","Microorganisms","2026-09-26","https://pubmed.ncbi.nlm.nih.gov/42795616/","Carbapenem-resistant Klebsiella pneumoniae (CRKP) has become a substantial public health threat worldwide. This trend is undoubtedly exacerbated by biofilm formation, which is closely related to bacterial virulence. Small RNAs (sRNAs) are post-transcriptional regulators of many biological processes in bacteria, including biofilm formation and virulence. The purpose of this study was to investigate the regulatory mechanisms of a novel sRNA (sRNA002) on biofilm formation and the virulence of CRKP. Through the CRISPR-Cas9 gene editing system, proteomic sequencing, real-time quantitative polymerase chain reaction (RT-qPCR), crystal violet staining, scanning electron microscopy, hydrophobicity assay, a mouse intraperitoneal infection model, and the green fluorescent protein reporter system, we confirmed that the knockout of sRNA002 significantly downregulated the expression of the mrkA and mrkB genes, and weakened the virulence and biofilm formation ability of CRKP."
"pubmed","42795489","10.3390/microorganisms14091909","The Effect of Bacillus pumilus 3-19 Metalloproteinase Gene Knockout on the Expression of Minor Proteases of the Strain Degradome and Its PGP Properties.","Khasanov, Damir I; Rudakova, Natalia L; Danilova, Iuliia V; Vasileva, Iuliia A; Gilmutdinova, Aigul I; Sharipova, Margarita R","Microorganisms","2026-09-26","https://pubmed.ncbi.nlm.nih.gov/42795489/","The Bacillus pumilus 3-19 strain exhibits increased secretion of various hydrolases, including proteases, and is a promising plant growth-promoting (PGP) agent. A unique secreted minor metalloproteinase, MprBp, which has no homologs among prokaryotic enzymes, has been identified in its genome. The role of the enzyme in B. pumilus cells is poorly understood. Using CRISPR/Cas9 genome editing, a deletion mutant of B. pumilus 3-19 with an inactivated mprBp gene was obtained. Comparative analysis of the mutant and native strains by quantitative reverse transcription PCR (RT-qPCR) revealed a significant decrease in the expression of other minor proteases. The mutant strain also demonstrated a two-fold increase in biofilm formation, suggesting that MprBp acts as a negative regulator of this process. Additionally, seed treatment with B. pumilus DeltamprBp led to an increase in the morphometric parameters of barley seedlings (Hordeum vulgare L.)."
"pubmed","42794855","10.3390/ijms27188430","Galectin-3 Mediates TGF-beta-Controlled Migration in Muller Glial Cells.","Luis, Joshua; Eastlake, Karen; Limb, G Astrid; Khaw, Peng T; Jayaram, Hari","International journal of molecular sciences","2026-09-26","https://pubmed.ncbi.nlm.nih.gov/42794855/","Galectin-3 (Gal-3) is a ss-galactoside sugar-binding protein increasingly recognised for its role in systemic inflammation, fibrosis, and cancer. Within the retina, Muller glial cells (MGCs) are a major producer of Gal-3. This study aimed to investigate the impact of Gal-3 on the migration of MGCs. CRISPR-Cas9 knockout of Gal-3 resulted in slower cellular migration in MGCs (p < 0.001). This was partially rescued by the addition of exogenous Gal-3 (p < 0.01). The addition of Gal-3 inhibitor TD139 (p < 0.01) resulted in decreased cellular migration, whilst the addition of Neuraminidase 1 (p < 0.05) resulted in increased cellular migration. TGF-beta treatment downregulated Gal-3 mRNA (p < 0.01) and protein (p < 0.001) expression; increased the mRNA expression of various sialylation enzymes; and resulted in significantly decreased cellular proliferation (p < 0.01) and migration (p < 0.001). These findings establish Gal-3 as a pro-migratory driver in MGCs under the regulation of TGF-beta. Consequently, targeting the Gal-3/tissue sialylation axis represents a promising therapeutic avenue for mitigating pathological glial proliferation and migration in conditions such as proliferative vitreoretinopathy."
"pubmed","42794786","10.3390/ijms27188360","CRISPR Technologies in Type 2 Diabetes: From Mechanistic Insights to Therapeutic Discovery.","Fan, Shuangshuang; Liang, Ruipu; Fei, Teng","International journal of molecular sciences","2026-09-26","https://pubmed.ncbi.nlm.nih.gov/42794786/","Type 2 diabetes (T2D) is a complex metabolic disorder driven by the interplay of genetic susceptibility, beta-cell dysfunction, and insulin resistance. Although genome-wide association studies (GWAS) have identified numerous T2D risk loci, translating these genetic findings into biological mechanisms and therapeutic strategies remains challenging. The emergence of CRISPR (Clustered Regularly Interspaced Short Palindromic Repeats)-based technologies has provided powerful tools for precise genome manipulation and functional interrogation of disease-associated genes and genetic variations. This review summarizes the development of CRISPR technologies and highlights their applications in T2D research. We review the application of CRISPR technologies in T2D genetic factor analysis and high-throughput phenotypic screening, with a focus on three key areas: glucose metabolism, lipid metabolism, and pancreatic functionality. We further examine the role of CRISPR in therapeutics that target pancreatic beta-cells via gene correction, stress protection, and epigenetic reprogramming. Finally, we briefly discuss the major challenges encountered in the applications of CRISPR technology, including delivery efficiency, off-target effects, safety concerns and ethical considerations."
"pubmed","42794776","10.3390/ijms27188349","Transcriptomic and Metabolomic Investigation of Cell Wall Remodeling and Hormonal Signaling Dysfunction in Short Silique Mutant Rapeseed.","Zhou, Menglin; Song, Xi; Dai, Bingbing; Zhou, Wei; Zan, Xiaofei; Jing, Qijin; Yu, Qingqing; Deng, Wuming","International journal of molecular sciences","2026-09-26","https://pubmed.ncbi.nlm.nih.gov/42794776/","Silique development is a critical factor influencing the yield of rapeseed (B. napus). This study employed the CRISPR/Cas9-mediated BnMYB46 knockout mutant K46 to investigate the molecular mechanisms underlying its short-silique phenotype via integrated cytological, transcriptomic, untargeted metabolomic, and targeted hormone metabolomic analyses. The K46 mutant exhibited significantly reduced silique length, seed number per silique, and dry weight. Cytological observations revealed profound folding of epidermal cells and severe compression of parenchyma cells, consistent with impaired cell expansion. Multi-omics analysis identified plant hormone signal transduction as a core hub pathway disrupted at 20 DAF, and targeted metabolomics confirmed significant endogenous IAA and GA imbalances. qRT-PCR validation showed key hormone genes were significantly altered in K46, with decreases of 22.3-fold in IAA2 and 18.8-fold in GA3OX1 at 20 DAF, and a 165-fold increase in ABF4. These early hormonal disruptions drove downstream suppression of cell wall synthesis and carbohydrate metabolism pathways, leading to impaired cell expansion and compromised structural integrity. This study provides new insights into the hormonal regulatory network governing silique development and identifies potential targets for the molecular improvement of silique-related traits in rapeseed."
"pubmed","42794675","10.3390/ijms27188248","Zeb1 Is a Determinant of EMT in Human MDA-MB-231 Breast Cancer Cells and M13-MDA231 Tumor Hybrids.","Worner, Ida Friederike; Dittmar, Thomas","International journal of molecular sciences","2026-09-26","https://pubmed.ncbi.nlm.nih.gov/42794675/","Zeb1 is a well-known epithelial-mesenchymal transition (EMT) transcription factor and is highly expressed in aggressive cancers. Tumor hybrids, which were derived from fusion events between cancer cells and normal cells, such as macrophage and stem cells, can possess novel properties, such as enhanced metastatic activity. The role of Zeb1 was studied in M13-MDA231-6 and -13 tumor hybrids that were derived from spontaneous fusion events between MDA-MB-231-Hyg human breast cancer cells and M13SV1-EGFP-Neo human breast epithelial cells. The stable CRISPR/Cas9-mediated Zeb1-KO was correlated with re-expression of E-Cadherin in MDA-MB-231-Hyg-Zeb1-KO and M13-MDA231-13-Zeb1-KO cells, but not in M13-MDA231-6-Zeb1-KO cells. Similarly, the proliferation of MDA-MB-231-Hyg-Zeb1-KO in M13-MDA231-13-Zeb1-KO cells, but not in M13-MDA231-6-Zeb1-KO cells, was decreased as compared to non-edited cells. The migratory activity of Zeb1-KO cells was markedly reduced in transmigration and invasion studies compared to non-edited cells. However, MDA-MB-231-Hyg-Zeb1-KO cells and M13-MDA231-6-Zeb1-KO tumors only showed reduced migratory behavior in a scratch/wound healing assay, while M13-MDA231-13-Zeb1-KO exhibited enhanced locomotory activity. In contrast, no clear effects of Zeb1 knockout were observed on colony-forming capacity or CD44+/CD104+ expression. In summary, our data support the role of Zeb1 as a driver of EMT and cancer cell migration."
"pubmed","42794588","10.3390/ijms27188154","Integrated Proteomic Screening Reveals Heme Enzyme Depletion Induces Cyst-like Vacuole Formation in Toxoplasma gondii.","Zhao, Yafei; Wang, Yuanmeng; Yang, Runyuan; Zhao, Aiyun; Zhang, Zhenjie; Qi, Meng; Dong, Hui","International journal of molecular sciences","2026-09-26","https://pubmed.ncbi.nlm.nih.gov/42794588/","The transport mechanisms for substrates and nutrients within the heme pathway of the Toxoplasma gondii apicoplast remain poorly understood. However, studies on heme metabolic enzymes have employed disparate genetic manipulation approaches, limiting direct phenotypic comparisons among different enzymes. This research involved screening potential apicoplast proteins in Toxoplasma gondii by cross-referencing and analyzing protein-protein interaction networks. Within the heme enzyme pathway of the apicoplast, eight enzymes were found to be predominantly conserved in the Sarcocystide family. Utilizing the CRISPR-Cas9 system alongside a U1 snRNP-mediated gene-silencing approach, we developed inducible knockdown strains-iKD-PBGD, iKD-UROS, and iKD-UROD-targeting three key metabolic enzymes crucial for the parasite lytic cycle, as demonstrated through replication experiments. To investigate the transport mechanisms for heme-related nutrients or substrates, we knocked down these three enzymes, using TgGRA12 as an initial marker. Continuous fluorescence signals highlighted the parasitophorous vacuole (PV) membrane surrounding tachyzoites during both early and late replication stages, particularly at 48 h post-rapamycin treatment, indicating a transformation of the cyst-like PV resembling that in Toxoplasma gondii. Phenotypically, knockdown of these heme enzymes led to the formation of slowly replicating, cyst-like parasitophorous vacuoles. However, this morphological change did not significantly affect the acute virulence of the parasites in vivo, as determined by mouse survival assays. This study explored the functional roles of the three intermediate metabolic enzymes, offering a novel viewpoint on the gradual demise of Toxoplasma gondii as a potential target for drug development."
"pubmed","42794555","10.3390/ijms27188125","Aquaculture Pathogens and Antimicrobial Resistance: A One Health Perspective.","Geetha, Avani Anu; Soorej, Mydhily; Alex, Elishia; Rajesh, Dhruva; Babu, Nikhila S; Ishani, Fathima; Renjith, Sreelekshmi; Sajeev, Athul; Jacob, Jithu Paul; Nair, Bipin G; Kumar, Geetha; Madhavan, Aravind; Babu, Pradeesh","International journal of molecular sciences","2026-09-26","https://pubmed.ncbi.nlm.nih.gov/42794555/","Antimicrobial resistance (AMR) has emerged as a critical global health concern that transcends human, animal, and environmental boundaries. The extensive and often indiscriminate use of antibiotics for disease control and growth promotion has accelerated the evolution and spread of resistant pathogens within the aquaculture sector. This review examines aquaculture-associated AMR through a One Health framework. We explore the molecular mechanisms of resistance such as efflux pumps, enzymatic degradation, mobile genetic elements, and horizontal gene transfer that drive the dissemination of antimicrobial resistance genes among aquatic microorganisms. The review synthesizes evidence linking AMR in aquaculture to public health impacts, including the transmission of resistant bacteria through seafood and environmental exposure. Current regulatory measures and stewardship policies are assessed to identify gaps in implementation, particularly in developing regions where enforcement and public awareness remain limited. Review highlights emerging alternatives such as bacteriophage therapy, engineered probiotics, synthetic microbial communities, and CRISPR-based systems as sustainable approaches to reduce antibiotic dependence. Future research priorities include the integration of genomics, artificial intelligence, and environmental DNA monitoring for precision surveillance. This review emphasis the need for cross-sectoral collaboration, innovation, and global policy coherence to mitigate AMR in aquaculture and safeguard food, environmental, and public health security."
"pubmed","42794534","10.3390/ijms27188104","3D Genome Engineering Using CRISPR/dCas Systems.","Mamaeva, Naida Yu; Yakovlev, Valeriy A; Kristovskiy, Nikolay V; Feskin, Pavel G; Vinnikov, Renat S; Oleinikov, Pavel D; Shmakov, Sergey A; Shaitan, Konstantin V; Kirpichnikov, Mikhail P; Shaytan, Alexey K","International journal of molecular sciences","2026-09-26","https://pubmed.ncbi.nlm.nih.gov/42794534/","The spatial organization of the genome has emerged as a central regulator of gene expression and cellular function. Chromatin architecture is organized hierarchically across multiple spatial scales and involves chromatin loops, topologically associating domains (TADs), chromatin compartments, and specialized nuclear environments that collectively shape regulatory interactions within the nucleus. Disruption of these structures contributes to a wide range of diseases, including developmental disorders, cancer, and laminopathies, stimulating growing interest in technologies capable of programmable manipulation of genome topology. The emergence of CRISPR/dCas-based technologies has transformed the field from descriptive 3D genomics to programmable genome engineering. Catalytically inactive Cas proteins fused to architectural or epigenetic effectors enable targeted manipulation of chromatin loops, loop extrusion, subnuclear positioning, and local chromatin states without altering the underlying DNA sequence. In this review, we summarize current CRISPR/dCas-based approaches for engineering three-dimensional genome architecture, discuss their mechanistic basis and applications, and highlight emerging therapeutic opportunities and major technical challenges in the field."
"pubmed","42794416","10.3390/ijms27187984","ADCK1 Regulates Mitochondrial Bioenergetics in Hepatocellular Carcinoma In Vitro.","Jacquet, Noel; Zhao, Yunfeng","International journal of molecular sciences","2026-09-26","https://pubmed.ncbi.nlm.nih.gov/42794416/","Hepatocellular carcinoma (HCC) is characterized by profound metabolic reprogramming and mitochondrial dysfunction, yet the molecular regulators underlying these alterations remain incompletely understood. AarF domain-containing kinase 1 (ADCK1) is an evolutionarily conserved protein associated with mitochondrial function, but its role in HCC bioenergetics has not been defined. In this study, we investigated the effects of ADCK1 on mitochondrial metabolism using CRISPR/Cas9-mediated ADCK1 knockout in HepG2 and SNU-449 HCC cells. Mitochondrial respiration, glycolytic activity, ATP production, lactate generation, mitochondrial membrane potential, and superoxide production were assessed following ADCK1 KO. ADCK1 KO resulted in marked reductions in basal and maximal mitochondrial respiration, ATP-linked respiration, glycolytic activity, intracellular ATP, and lactate production in both HCC cell models. ADCK1 KO also reduced mitochondrial membrane potential in a clone-dependent manner. Despite these profound bioenergetic defects, mitochondrial superoxide production was not consistently altered across the knockout clones. These findings indicate that ADCK1 supports both oxidative phosphorylation and glycolytic metabolism and is required for maintenance of bioenergetic homeostasis in HCC cells. Collectively, our results identify ADCK1 as a previously unrecognized regulator of HCC mitochondrial metabolism."
"pubmed","42793835","10.3390/diagnostics16183050","Disease Biomarker Detection Using Fluorescence Polarization Assays: Principles and Clinical Applications.","Mukhametova, Liliya I; Eremin, Sergei A; Tsakalof, Andreas K","Diagnostics (Basel, Switzerland)","2026-09-26","https://pubmed.ncbi.nlm.nih.gov/42793835/","Modern clinical diagnostics require highly sensitive, rapid, and technologically simple methods for quantitatively determining biomarkers directly at the patient's bedside. Fluorescence polarization (FP) meets these criteria, as it enables the homogeneous recording of an analytical signal based on changes in the rotational diffusion of a fluorescently labeled ligand upon binding to a target, without separation or washing steps. This comprehensive narrative review analyzes the literature over the past 10-15 years devoted to the use of FP analysis for detecting biomarkers of socially significant diseases. The fundamental principles of the method and modern analysis formats are discussed-from classical fluorescence polarization immunoassay (FPIA) with antibodies to aptamer sensors, DNAzyme-based systems, and reagent-free biosensors such as Quenchbody. Particular attention is paid to new approaches to signal amplification, including those using nanoparticles, protein aggregation, and isothermal amplification of nucleic acids. The main part of the review is devoted to practical applications of FP: diagnostics of infectious diseases (brucellosis, tuberculosis, and viral infections) demonstrating sensitivity at the level of traditional ELISA; liquid biopsy in oncology, including the detection of extracellular vesicles using aptamer FP platforms; therapeutic drug monitoring of antibiotics in whole blood on portable paper media; and the identification of biomarkers for metabolic and ophthalmological disorders. Prospects for integrating polarization detection with CRISPR/Cas systems, microfluidics, and smartphone-compatible readers are discussed, paving the way to the creation of a new generation of inexpensive devices for personalized medicine."
"pubmed","42793303","10.3390/cimb48090946","Abscisic Acid-Mediated Drought Tolerance in Populus: Physiological, Molecular, and Biotechnological Perspectives.","Ali, Sajid; Ullah, Shakir; Hayat, Mansoor; Ahmad, Hasham; Shahbaz, Zainab; Khan, Muhammad Tariq","Current issues in molecular biology","2026-09-26","https://pubmed.ncbi.nlm.nih.gov/42793303/","Drought stress is a major constraint on global forestry productivity and poses a significant threat to economically important tree species such as Populus. Abscisic acid (ABA) signaling plays a central role in drought tolerance by regulating molecular, physiological, and biochemical processes. This review summarizes current knowledge of ABA signaling pathways and their roles in drought resilience in Populus. It covers physiological responses, molecular regulatory networks, hormonal crosstalk, biotechnological advances, and emerging field applications. Core ABA signaling components, including PYR/PYL/RCAR receptors, PP2Cs, SnRK2 kinases, and transcription factors such as ABFs, NACs, and MYBs, coordinate adaptive responses involved in stomatal regulation, osmotic adjustment, and root system remodeling. Integrative omics approaches, like transcriptomics, proteomics, metabolomics, and epigenomics, have provided mechanistic insights into ABA-mediated drought responses, although some regulatory mechanisms are supported by conserved evidence from model plants and require further validation in Populus. Recent biotechnological advances, including gene overexpression, RNA interference (RNAi), CRISPR/Cas9 genome editing, and emerging CRISPR-based regulatory approaches, provide new opportunities for manipulating ABA-associated drought responses in Populus. While several genome-editing and genetic approaches have been experimentally validated in Populus, many ABA-related targets remain prospective strategies requiring further functional evaluation. However, practical implementation remains limited by an incomplete understanding of hormonal crosstalk, insufficient characterization of epigenetic regulation, and ecological and social concerns. Addressing these challenges requires ecological trials, deeper analyses of hormone networks, advanced epigenetic research, robust environmental risk assessments, and interdisciplinary integration. Future progress will depend on linking molecular discoveries with physiological validation and long-term field evaluation to develop drought-resilient Populus cultivars for sustainable forestry under changing climate conditions."
"pubmed","42793290","10.3390/cimb48090934","Metformin Attenuates the High-Glucose Effect on MORG1 Expression in HEK293 Cells.","Bondeva, Tzvetanka; Reuter, Stefanie; Westphal, Anika; Mrowka, Ralf; Wolf, Gunter","Current issues in molecular biology","2026-09-26","https://pubmed.ncbi.nlm.nih.gov/42793290/","Reduced expression of MAPK organiser 1 (MORG1) exerts renoprotective effects in MORG1(+/-) mice in models of type 1 and type 2 diabetes. To investigate the regulation of MORG1 expression, we generated endogenous hMORG1-luciferase-tagged HEK293 cells carrying a firefly luciferase reporter inserted downstream of the human MORG1 gene using the CRISPR/Cas9 method. This study analysed the time-dependent effects of 20 mM D-glucose on MORG1-luciferase activity and examined whether 20 microM metformin influences MORG1 expression. HEK293 cells were genomically modified using CRISPR/Cas9 to insert the firefly luciferase gene downstream of MORG1. Stable clones were selected with puromycin. The influence of D-glucose concentration on MORG1 expression was analysed in a dose- and time-dependent manner. Luciferase assays assessed MORG1 transcriptional activity, while Western blotting determined protein expression. qRT-PCR was used to assess MORG1 mRNA levels. The pharmacological effect of metformin was evaluated in parental and tagged HEK293 cells and TKPTS cells, simultaneously exposed to 5.5 mM or 20 mM D-glucose in the presence or absence of 20 microM metformin. High glucose significantly increased luciferase activity and MORG1 protein expression compared with 5.5 mM glucose controls. Time course experiments demonstrated significant induction of MORG1 transcription, confirmed by corresponding increases in protein levels. Metformin treatment significantly reduced glucose-induced luciferase activity, MORG1 mRNA levels, and MORG1 protein expression at 24 h. Analyses of TKPTS cells show that 20 mM D-glucose elevated Morg1 mRNA levels, while this induction was attenuated in the presence of 20 microM metformin. High glucose induces time-dependent upregulation of MORG1 transcription and protein expression in MORG1-luciferase-tagged HEK293 cells. Metformin application attenuates, but does not fully prevent, glucose-induced MORG1 mRNA and protein expression."
"pubmed","42793231","10.3390/cimb48090875","Research Progress in Applications of the CRISPR-Cas12b System in Pathogen Nucleic Acid Detection.","Li, Jiangying; Zhang, Xueyong","Current issues in molecular biology","2026-09-26","https://pubmed.ncbi.nlm.nih.gov/42793231/","This review systematically summarizes recent advances in CRISPR-Cas12b-based pathogen nucleic acid detection. Starting with an overview of conventional nucleic acid detection methods and core CRISPR-Cas mechanisms, we highlight the unique properties that distinguish Cas12b from other Cas effectors. We elaborate on the working principles of the CRISPR-Cas12b system and present comparative structural and functional analyses with other Cas variants to underscore its distinctive molecular architecture and enzymatic properties. A comprehensive evaluation of current applications demonstrates the efficacy of CRISPR-Cas12b-based diagnostics across diverse pathogens, including viruses, bacteria, and parasites, with a specific focus on its integration with isothermal amplification techniques. We further examine the translational potential of CRISPR-based diagnostics in clinical settings, while critically analyzing persistent technical challenges including off-target effects, signal amplification limitations, and sample preparation requirements. Targeted strategic recommendations are proposed to optimize detection sensitivity, develop multiplexed detection platforms, and implement point-of-care testing configurations. This review aims to systematically correlate the unique characteristics of Cas12b with its broad diagnostic applications, thereby addressing key research gaps in its progression toward clinical validation and field deployment. It also provides a targeted framework to accelerate the translation of this technology from laboratory platforms to practical diagnostic solutions."
"pubmed","42793223","10.3390/cimb48090867","Suboptimal PAM Enables One-Pot RPA-CRISPR/Cas12a Detection of Clostridium perfringens in Food Samples.","Li, Bo; Li, Xin; Li, Kai; Liao, Shenquan; Sun, Mingfei; Huang, Fuqiang; Zhang, Haoji","Current issues in molecular biology","2026-09-26","https://pubmed.ncbi.nlm.nih.gov/42793223/","The strict requirement for a canonical TTTV protospacer adjacent motif (PAM) restricts target-site selection in clustered regularly interspaced short palindromic repeats/CRISPR-associated protein 12a (CRISPR/Cas12a)-based diagnostics and limits the flexibility of assay design. Whether suboptimal PAMs can be effectively incorporated into one-pot detection systems for Clostridium perfringens has not been systematically examined. Here, we developed two one-pot recombinase polymerase amplification (RPA)-CRISPR/Cas12a assays targeting the plc and cpe toxin genes of C. perfringens and systematically evaluated 28 crRNAs spanning canonical (TTTV) and suboptimal (VTTV, TCTV) PAMs in both trans-cleavage and one-pot formats. Several suboptimal-PAM crRNAs, including crRNA 4 for plc (PAM: GTTG) and crRNA 7 for cpe (PAM: CTTA), maintained efficient detection in the one-pot system, whereas crRNA performance between the two formats was not predictable, underscoring the need for direct one-pot screening. The optimized assays achieved limits of detection of 50 copies (plc) and 10 copies (cpe), showed no cross-reactivity against four non-target bacterial species. The plc assay was successfully validated in pork, chicken, and beef samples spiked with C. perfringens, with results readable within 40 min using a simple isothermal device and naked-eye readout. The cpe assay was confirmed as a proof-of-concept at the genomic DNA level. These results demonstrate that suboptimal PAMs can serve as a deliberate design strategy to expand target accessibility in one-pot CRISPR/Cas12a diagnostics."
"pubmed","42793142","10.3390/biom16091310","Replication Stress Tolerance in Adult T-Cell Leukemia.","Okamoto, Yusuke; Kobayashi, Masayuki; Sakamoto, Takashi; Shirakawa, Kotaro; Takaori-Kondo, Akifumi","Biomolecules","2026-09-26","https://pubmed.ncbi.nlm.nih.gov/42793142/","Replication stress (RS) represents a major vulnerability of cancer cells treated with nucleoside analogs and related antimetabolites; however, tumors frequently acquire tolerance mechanisms that permit survival despite persistent DNA lesions. This review examines molecular determinants of RS tolerance, focusing on human T-cell leukemia virus type 1 (HTLV-1)-mediated adult T-cell leukemia/lymphoma (ATL) as a model of virus-mediated rewiring of DNA damage responses. Chain-terminating nucleoside analogs generate aberrant replication intermediates, including blocked 3' DNA termini, mis-incorporated bases, and stalled replication forks. In ATL, viral oncoproteins suppress key components of replication stress response pathways, notably tyrosyl-DNA phosphodiesterase 1 (TDP1) and mismatch repair (MMR), thereby creating exploitable repair deficiencies. Consistent with this vulnerability, ATL cells exhibit marked sensitivity to replication stress-inducing agents such as irinotecan (CPT-11) and the chain-terminating nucleoside analog abacavir. Recent CRISPR-based functional genomics studies further identify Schlafen 11 (SLFN11) as an independent and dominant regulator of RS sensitivity. SLFN11 determines the fate of stressed replication forks independently of lesion processing, acting as an execution factor that converts otherwise tolerable RS into irreversible replication arrest. We conclude by discussing therapeutic strategies that exploit RS tolerance defects in ATL, including biomarker-guided nucleoside analog therapy, and rational combination approaches targeting compensatory RS pathways."
"pubmed","42793135","10.3390/biom16091303","Genome-Wide CRISPR Screens Identify Genome Stability as Regulator of the Cellular Sensitivity to Environmentally Relevant Bisphenol A Exposure.","Hale, Anastasia; Nusawardhana, Alexandra; Nicolae, Claudia M; Moldovan, George-Lucian","Biomolecules","2026-09-26","https://pubmed.ncbi.nlm.nih.gov/42793135/","Bisphenol A (BPA) is a prevalent chemical used in the production of plastics. While adverse effects on the reproductive system have been documented, more recent studies also associated BPA exposure with carcinogenesis as well as genomic instability. However, these studies were generally performed using BPA concentrations much higher than those observed in the serum or urine of the general population, making their relevance unclear. To address this, we report here an unbiased genetic study to identify mechanisms responding to levels of BPA exposure relevant to plastic manufacturers. We performed genome-wide CRISPR knockout screens in HeLa and RPE1 cells upon continuous exposure to 0.5 muM BPA, a concentration similar to the mean BPA concentration found in the urine of plastics manufacturing workers, for 19 days. We found genome stability genes among the top common hits between the two cell lines, suggesting that BPA causes DNA damage at this environmentally relevant exposure dose. We validated the DNA repair gene RAD51C and the RNA helicase DDX21 as genes required for BPA resistance. Our study suggests that BPA exposure at environmentally relevant doses can cause DNA damage, highlighting the relevance of BPA for carcinogenesis."
"pubmed","42793101","10.3390/biom16091268","Recent Advances in CRISPR/Cas Technologies for Biological Discovery, Therapeutics, and Diagnostics.","Kim, Moon-Soo; Do, Hae Sol; Jang, Hye Yeon; Lee, Kang Eun; Lee, Sun Ju","Biomolecules","2026-09-26","https://pubmed.ncbi.nlm.nih.gov/42793101/","The clustered regularly interspaced short palindromic repeats (CRISPR)/CRISPR-associated protein (Cas) system began as a tool for programmable genome editing. CRISPR/Cas technologies have evolved into a versatile platform for functional genomic screening, epigenome editing, therapeutic target discovery, and highly sensitive molecular diagnostics. New effectors and engineered variants continue to push these applications into personalized medicine and point-of-care testing. Here, this review highlights recent advances in therapeutic target discovery and therapeutic and molecular diagnostic development utilizing CRISPR/Cas technologies. We discuss how CRISPR interference (CRISPRi), CRISPR activation (CRISPRa), base editing, and prime editing have improved our understanding of disease mechanisms, while creating new opportunities for therapeutic intervention. Current applications in cancer immunotherapy, infectious disease, and neurological disorders are also discussed. In diagnostics, CRISPR-based platforms enable sensitive detection of infectious pathogens, cancer biomarkers, and genetic disorders using programmable nuclease activity in both laboratory and point-of-care settings. Collectively, these advances continue to expand the role of CRISPR/Cas technology across biological discovery, disease diagnostics, and therapeutic development, driving progress in precision medicine."
"pubmed","42793044","10.3390/genes17091150","Decoding MAPT Exon 10 Mis-Splicing in FTDP-17: From Pathogenic Mechanisms and Experimental Models to Molecular Therapies.","Covello, Giuseppina","Genes","2026-09-26","https://pubmed.ncbi.nlm.nih.gov/42793044/","Frontotemporal Dementia and Parkinsonism linked to chromosome 17 (FTDP-17) is a rare, early-onset, autosomal-dominant neurodegenerative tauopathy caused by mutations in the Microtubule-Associated Protein Tau (MAPT) gene. A subset of these mutations selectively disrupts the normal alternative splicing of MAPT exon 10, altering the physiological ratio of 3-Repeat (3R) and 4-Repeat (4R) tau isoforms; this imbalance, driving pathological tau aggregation and progressive neurodegeneration, is a pathogenic hallmark of FTDP-17. This review explores the molecular mechanisms regulating exon 10 splicing, focusing on how exonic and intronic splicing mutations destabilise mRNA structures or alter splicing factor binding, and discusses how these changes can cause disease symptoms in experimental models. It describes different research methods for studying splicing issues, including minigene reporters, cell lines, human induced pluripotent stem cell (iPSC)-derived neurons, brain organoids and mouse models that naturally express only 4R tau. It also covers potential therapeutic approaches applicable to restoring the normal 3R/4R tau ratio. These include Antisense Oligonucleotides (ASOs), RNA interference (siRNA), Small-Molecule Splicing modulators (SMCs), Spliceosome-Mediated RNA trans-splicing (SMaRT), CRISPR-based transcript engineering, genome editing and RNA stem-loop binders. Additionally, the review highlights recent Phase 2 trial results, including the Diranersen (BIIB080) tau-lowering ASO, the development of MAPT-targeted RNA therapies, new tau-PET and plasma p-tau biomarkers, and innovative strategies to deliver CNS treatments, including non-invasive approaches. By integrating advances in RNA biology, disease modelling and targeted therapies, the review outlines potential future strategies for treating FTDP-17 and other tau-related disorders."
"pubmed","42793032","10.3390/genes17091138","Prime Editing for Precision Genetic Medicine: A Systematic Review of Technologies, Delivery, and Therapeutic Applications.","Ruden, Douglas M","Genes","2026-09-26","https://pubmed.ncbi.nlm.nih.gov/42793032/","BACKGROUND: Prime editing has rapidly evolved from a CRISPR-based ""search-and-replace"" approach for precise sequence modification into a diverse family of genome editing technologies. This systematic review maps the technological evolution of prime editing, with emphasis on editor architecture, guide RNA engineering, delivery, therapeutic applications, computational approaches, and emerging capabilities. METHODS: PubMed and Web of Science were systematically searched for studies in which prime editing constituted a substantive experimental, technological, computational, delivery, or therapeutic component. After deduplication and screening, candidate studies underwent manual re-screening against prespecified eligibility criteria. Reviews, corrections, plant and bacterial studies, conventional CRISPR or base editing studies without a substantive prime editing component, and other non-relevant records were excluded. A total of 294 studies were included in the final systematic evidence synthesis. Because of substantial heterogeneity in editor architectures, targets, experimental models, outcomes, and reporting, the literature was synthesized using systematic mapping and qualitative thematic analysis rather than meta-analysis. RESULTS: The evidence demonstrates rapid diversification from the original Cas9 nickase-reverse transcriptase-prime editing guide RNA architecture through improvements in pegRNA design, Cas and reverse transcriptase engineering, DNA repair modulation, delivery, computational design, and increasingly complex sequence modification. Therapeutic studies span disease modeling, correction of pathogenic variants, ex vivo applications, and direct in vivo editing; however, high editing efficiency does not necessarily translate into functional or therapeutic rescue. Large-sequence insertion and replacement strategies further extend the capabilities of prime editing, although these approaches remain less mature than small-sequence correction and face substantial challenges in efficiency, fidelity, cargo delivery, and genomic safety. CONCLUSIONS: Prime editing has developed into a versatile precision genome editing platform, but the evidence base remains heterogeneous and predominantly preclinical. Translation to genetic medicine will require improvements in reproducibility across targets and cell types, delivery to clinically relevant tissues, product purity, genomic safety, and demonstration of meaningful functional benefit. Emerging large-sequence editing approaches broaden the potential scope of prime editing but should be distinguished from technologies with established experimental and therapeutic evidence."
"pubmed","42792998","10.3390/genes17091104","Nanopore Ultra-Long Sequencing for FSHD: From Molecular Diagnosis to Preimplantation Genetic Testing.","Li, Jingjing; Cheng, Yongjie; Su, Lin; Yan, Chengyuan; Cao, Zhenhua","Genes","2026-09-26","https://pubmed.ncbi.nlm.nih.gov/42792998/","Facioscapulohumeral muscular dystrophy (FSHD) is a genetically and epigenetically complex autosomal dominant myopathy that presents formidable challenges to molecular diagnosis and reproductive intervention. The disease is caused by aberrant derepression of the DUX4 retrogene within the D4Z4 macrosatellite repeat array at chromosome 4q35, triggered either by pathological contraction of the array on a permissive 4qA haplotype (FSHD1, ~95% of cases) or by mutations in epigenetic modifier genes SMCHD1, DNMT3B, and LRIF1 that lead to global D4Z4 hypomethylation (FSHD2, ~5% of cases). Traditional approaches (Southern blotting, optical genome mapping, bisulfite sequencing) are discontinuous and labor-intensive. Nanopore ultra-long read sequencing spans the entire D4Z4 array in single reads, simultaneously resolving repeat number, haplotype, and allele-specific CpG methylation without bisulfite conversion. With the telomere-to-telomere (T2T-CHM13) reference genome, long-range haplotype phasing enables preimplantation genetic testing for monogenic conditions (PGT-M) for families with de novo pathogenic variants and somatic mosaicism, groups previously excluded from reproductive genetic intervention. This review systematically examines FSHD molecular mechanisms, the Nanopore diagnostic workflow integrated with T2T-CHM13, Nanopore-based PGT-M clinical data, and future perspectives including R11 pore chemistry, AI-driven bioinformatics, CRISPR-targeted enrichment, and multi-omics integration."
"pubmed","42792974","10.3390/genes17091080","Integrating Next-Generation Reproductive Organoids with Genomics, Multi-Omics and Bioengineering to Understand Human Infertility.","Barreau, Paul; Djari, Cyril; De Vos, John; Cassuto, Nino-Guy; Assou, Said","Genes","2026-09-26","https://pubmed.ncbi.nlm.nih.gov/42792974/","Infertility affects approximately one in six individuals worldwide and is a highly heterogeneous disorder resulting from the complex interplay of genetic, epigenetic, endocrine, environmental and lifestyle factors. Although numerous genes and molecular pathways involved in female and male infertility have been identified, elucidating the functional consequences of disease-associated variants remains challenging due to the lack of relevant human experimental models. In recent years, reproductive organoids have emerged as powerful three-dimensional systems that recapitulate key structural, cellular and functional characteristics of the ovary, fallopian tube, endometrium, testis and early embryo. Here, we review the current landscape of reproductive organoid models based on a focused analysis of the literature, with particular emphasis on original studies describing their generation, characterization and applications. Beyond modeling tissue development and reproductive physiology, these models provide unique opportunities to investigate infertility-associated mechanisms, gene regulatory networks, cell-cell communication and tissue-specific responses to environmental and pharmacological stimuli. Single-cell and spatial transcriptomics, multi-omics, CRISPR/Cas9 genome editing, artificial intelligence and bioengineering technologies, including organ-on-chip systems, are expanding their potential as next-generation platforms for functional genomics, disease modeling, biomarker discovery and therapeutic screening. However, current reproductive organoids remain simplified representations of native tissues, with limitations in physiological maturity, reproducibility and standardization, while their clinical predictive value remains to be established. Overall, by linking genomic variation with molecular regulation, cellular phenotypes and tissue organization, reproductive organoids represent promising preclinical platforms for understanding human infertility and may ultimately contribute to the development of precision reproductive medicine."
"pubmed","42792750","10.3390/biomedicines14092008","Programmable RNA-Guided DNA Recombination: Mechanisms, Engineering, and Applications.","Ali Agha, Ahmed S A; Hattab, Dima; Bakhtiar, Athirah; Al Khatib, Arwa Omar; Abushahla, Heba Salah; Alketbi, Salma; Akour, Amal","Biomedicines","2026-09-26","https://pubmed.ncbi.nlm.nih.gov/42792750/","The emergence of seekRNA- and bridgeRNA-guided recombination has introduced a distinct paradigm in genome engineering by coupling programmable RNA-directed DNA recognition with recombinase-mediated insertion, excision, inversion, and genomic rearrangement without canonical double-strand breaks. Since their discovery in 2024, these systems have progressed rapidly from bacterial mobile genetic elements and mechanistic characterization to structural elucidation and programmable genome engineering in human cells. However, these advances remain distributed across foundational and rapidly emerging studies, creating a need for an integrated molecular perspective on their mechanisms, technological development, and position within contemporary genome engineering. This review synthesizes the molecular architecture, RNA-guided recognition, strand-exchange mechanisms, programmability, and engineering of seekRNA and bridgeRNA systems, with particular emphasis on complementary human-cell advances involving ISCro4 and engineered IS621. Whereas ISCro4 systems have enabled multikilobase DNA insertion, genomic excision, and near-megabase inversion, the enIS621-tebRNA platform has enabled scarless kilobase-scale integration across multiple human cell types, including proof-of-concept functional CD19 chimeric antigen receptor and factor IX gene insertion. The review further integrates recent genome-scale bacterial rewriting and Targetable Recombinase Assisted DNA Exchange (TRADE)-mediated DNA replacement, while benchmarking RNA-guided recombination against conventional site-specific recombination, clustered regularly interspaced short palindromic repeats (CRISPR)-based editing, Programmable Addition via Site-specific Targeting Elements (PASTE), CRISPR-associated transposases, and emerging large-payload genome-writing strategies, including kilobase-scale nickase-targeting (KNIT) editing, Prime Assembly, engineered R2 retrotransposons, and TransCRISTI. This comparative framework highlights a broader transition from programmable sequence modification toward direct engineering of genomic architecture, while identifying recognition-site constraints, mismatch-tolerant recombination, unintended recombination products, delivery, and genome-wide specificity as key translational barriers. By integrating foundational mechanisms with recent mammalian engineering, genome-scale bacterial rewriting, large-payload technologies, and emerging computational design strategies, this review provides a contemporary framework for defining the distinctive capabilities, current limitations, and future development of programmable RNA-guided DNA recombination."
"pubmed","42792667","10.3390/biomedicines14091925","From Delivery to Design: Site-Specific Genome Engineering for Next-Generation CAR T-Cell Therapy.","Aldahshan, Hala; Al-Hubaysh, Abeer; Alrabiah, Dimah K; Alturki, Meshael; Alkharji, Reem R; Lin, Salwa; Aldughaim, Mohammed S; Albugami, Raef","Biomedicines","2026-09-26","https://pubmed.ncbi.nlm.nih.gov/42792667/","Chimeric antigen receptor (CAR) T-cell therapy has transformed the treatment of haematological malignancies, but conventional viral transduction results in semi-random genomic integration, contributing to heterogeneous CAR expression and potential insertional effects. Site-specific genome engineering offers an alternative by directing CAR insertion to defined genomic loci, allowing greater control over transgene expression and cellular function. This narrative review evaluates advances in site-specific CAR T-cell engineering, focusing on integration mechanisms, donor platforms, genomic loci, safety, and translational readiness. Homology-directed repair (HDR) and homology-independent targeted integration (HITI) are critically compared alongside viral and non-viral donor systems. Candidate loci are evaluated according to their functional consequences and level of evidence, with TRAC representing the most extensively characterised target, while PDCD1, CD7, CD247, and other loci offer distinct functional opportunities but remain supported by varying levels of preclinical and translational evidence. The review also examines genomic risks associated with targeted editing, including structural rearrangements and chromosome-scale abnormalities, and considers emerging applications in allogeneic, solid-tumour, and in vivo CAR T-cell engineering. Overall, site-specific integration provides a framework for linking CAR placement to therapeutic function, but no single locus or integration strategy is universally optimal. Clinical evidence remains limited relative to the expanding preclinical landscape, and genomic safety, scalable manufacturing, and clinical validation remain major priorities for translation."
"pubmed","42792542","10.3390/biology15181596","Mapping Bacteriophage-Based Antimicrobial Research in Southeast Asia: A Bibliometric Analysis of Scientific Productivity, Knowledge Structure, and Emerging Research Pathways.","Ong, Christian Joseph N; Cabalbag, Johnalie N; Cruz, Jowi Tsidkenu Pili; Valderama, Teodora T; Roslin, Celia R; Magtibay, Carina M; Lonogan, Janice Kaylyn K; Libres, Amelda C; Matamis, Joel G; Mamaat, Jose Edwardo R; Mortel, Ferdinand A; Bacalzo, Grace D; Cabuhat, Kevin Smith P; de Leon, Carlos S; Nuevo, Jose Jurel M; Aguilan, Joel R; Fortaleza, Jamil Allen G","Biology","2026-09-26","https://pubmed.ncbi.nlm.nih.gov/42792542/","Southeast Asia faces a substantial burden of antimicrobial resistance (AMR), creating increasing interest in bacteriophage-based antimicrobial strategies. However, the regional development, contributors, collaboration patterns, and evolving research priorities of this field remain insufficiently characterized. This study conducted a bibliometric analysis of Scopus-indexed publications on bacteriophage-based antimicrobial research affiliated with Southeast Asian countries from 1981 to 2025. Bibliometrix/Biblioshiny and VOSviewer were used to evaluate scientific production, citation patterns, leading contributors, collaboration networks, and conceptual and thematic development. A total of 862 publications were analyzed, with scientific output accelerating markedly after 2019 and reaching its highest level in 2025. Thailand emerged as the dominant regional contributor, with Vongkamjan (n = 21) and Surachat (n = 20) as the two most prolific authors. Mahidol University (n = 182), Prince of Songkla University (n = 142), and Universiti Putra Malaysia (n = 139) were the leading institutions, demonstrating a concentration of research capacity in Thailand and Malaysia. Scientific Reports was the most productive journal (30 publications), whereas Frontiers in Microbiology recorded the highest citation count among the leading sources (963 citations). Collaboration mapping revealed increasingly interconnected regional and international research networks. Thematic analyses demonstrated a transition from foundational and pathogen-specific investigations toward AMR, bacteriophage therapy, biofilm control, aquaculture, genomic and comparative genomic analysis, wastewater and public-health applications, and One Health-oriented research. Emerging topics included endolysins, quorum sensing, CRISPR-associated approaches, metagenomics, and genome-informed phage characterization. These findings demonstrate the rapid expansion and thematic diversification of bacteriophage-based antimicrobial research in Southeast Asia while highlighting persistent geographic concentration and the need for stronger regional infrastructure, collaboration, and translational capacity."
"pubmed","42792525","10.3390/biology15181579","Development of Gap-Recombinase Polymerase Amplification Combined with CRISPR-Cas12a (Gap-RPA/CRISPR-Cas12a) for Rapid Screening of alpha(0)-Thalassemia Southeast Asian (--(SEA)) Deletion and Thai (--(THAI)) Deletion.","Changtor, Phanupong; Muangpa, Siriphat; Yimtragool, Nonglak","Biology","2026-09-26","https://pubmed.ncbi.nlm.nih.gov/42792525/","The alpha(0)-thalassemia Southeast Asian (--(SEA)) and Thai (--(THAI)) deletions comprise a significant global health burden, with high prevalence in Southeast Asia. Conventional methods like polymerase chain reaction (PCR) are limited in resource-poor settings due to complexity, time, and cost. This assay was developed as a rapid and simple option for point-of-care (POC) applications. Three assays specific for wild-type DNA, --(SEA) and --(THAI) deletions utilized recombinase polymerase amplification (RPA) for rapid DNA amplification at a constant low temperature of 37  degrees C, with a run time of 10 min, eliminating the need for a thermal cycler. The amplified products were detected using the highly specific CRISPR-Cas12a system and read visually via fluorescence or combined with a lateral flow assay (LFA) in 30 min. Successful engineering of a synthetic PAM site enabled Cas12a recognition of the --(SEA) target despite the absence of a suitable natural PAM. The platform demonstrated high accuracy in 74 blinded clinical samples, achieving a diagnostic accuracy of 98.20%, a sensitivity of 94.59%, and a specificity of 100% across 222 per-target evaluations. Detection from non-invasive samples achieved 80% to 100% accuracy, depending on the extraction method and readout format used. Our platform showed potential to meet several ASSURED criteria for diagnostic tests in resource-limited settings, demonstrating high potential for widespread use in genetic screening for alpha(0)-thalassemia (--(SEA)) and (--(THAI))."
"pubmed","42791629","10.1002/adhm.71753","Ultrasound-Mediated CRISPR Delivery and Sonogenetic Modulation for Precision Therapeutics.","Maham, Sara; Sridharan, Badrinathan; Park, Jin Hyeong; Lee, ChoEun; Park, Yeong Seo; Kim, Daehun; Sung, Yeongho; Kwon, Taeyang; Kang, Juhyun; Lim, Hae Gyun","Advanced healthcare materials","2026-09-26","https://pubmed.ncbi.nlm.nih.gov/42791629/","The development of CRISPR-Cas9 technology has transformed gene editing with precise mutations in DNA targeted to treat genetic disorders yet various challenges such as immunogenicity, off-target editing, and lack of temporal control after delivery, making it difficult for therapeutic agents to reach deep tissues like brain, and cardiac tissues. Ultrasound has emerged as a promising solution by influencing sonogenetic modulation and delivery of CRISPR tools in deep tissues for targeted gene editing. Sonogenetic editing has revolutionized the technological advancement of CRISPR-editing and among multiple strategies, ultrasound-mediated delivery of CRISPR systems has enabled non-invasive and controlled genome editing through sonoporation, and upregulation of stimuli-responsive genes. Focused ultrasound combined with microbubbles has demonstrated CRISPR delivery to brain tissue with  approximately 80% higher efficiency than traditional strategies, allowing precise and advanced treatment of neurodegenerative diseases. In cancer applications, ultrasound has enabled complete tumor eradication via sonodynamic therapy, achieving 64% tumor regression via CAR T-cell therapy. Significant advances in gene therapy for cardiovascular diseases, obesity, and related diseases were also demonstrated recently. Collectively, the review elaborates potential of ultrasound-CRISPR technologies as a powerful tool that enables targeted, and image-guided genetic interventions, capable of advancing the outcomes of gene therapy as a widespread clinical practice."
"pubmed","42791599","10.1111/mpp.70349","Suppression of ZmJAZ12 Expression Modulates Jasmonic Acid and Salicylic Acid Signalling and Enhances Maize Resistance to Southern Corn Rust.","Han, Jiarui; Wang, Qi; Sun, Xiaopeng; Yu, Zhijia; Li, Bingyang; Wang, Ziyu; Zhang, Chuang; Wu, Weilin; Wang, Guan-Feng; Chen, Gengshen; Liu, Xiangguo","Molecular plant pathology","2026-09-26","https://pubmed.ncbi.nlm.nih.gov/42791599/","Southern corn rust (SCR), caused by the biotrophic fungus Puccinia polysora, severely threatens maize yield worldwide. In this study, we identified ZmJAZ12, a member of the JASMONATE ZIM-domain (JAZ) protein family, as a negative regulator of SCR resistance in maize. Genome-wide association study (GWAS) and expression analyses revealed that the expression level of ZmJAZ12 was negatively correlated with SCR resistance, and the resistant haplotypes exhibited significantly lower transcript abundance of ZmJAZ12. The ZmJAZ12 overexpression (OE) lines showed enhanced susceptibility to SCR, while ZmJAZ12 knockout mutants generated via CRISPR/Cas9-mediated gene editing were more resistant to SCR. Transcriptomic profiling revealed that downregulation of key genes in the salicylic acid (SA) and jasmonic acid (JA) pathways occurred in the OE lines. ZmJAZ12 interacted with ZmMYC5, a core transcription factor in the JA signalling cascade, forming a regulatory module that regulates hormonal signalling and immune responses. Collectively, these findings reveal that ZmJAZ12 acts as a susceptibility gene, providing evidence for the JA/SA signalling crosstalk mechanism in plant immunity. This study provides a potential genetic target for enhancing disease resistance in maize breeding."
"pubmed","42791353","10.1038/s41564-026-02486-1","Defining the essential genome of diverse phages with phage Tn-seq.","Kyte, Natalie; Fuchs, Manuela; Smith, Leah M; Fineran, Peter C","Nature microbiology","2026-09-26","https://pubmed.ncbi.nlm.nih.gov/42791353/","Phages are important drivers of bacterial evolution and have potential as antimicrobials. However, incomplete understanding of phage biology and our inability to rapidly engineer them with new genetic cargo hinder progress towards phage-based therapies. Here we develop an unbiased, genome-wide mutational tool for phages. This approach, phage Tn-seq, uses Tn5 transposon mutagenesis using anti-CRISPR-based selection and deep-sequencing. Phage Tn-seq was successful across diverse phages, including a nucleus-forming jumbo phage and enabled gene essentiality assignment consistent with phage structural proteomics and core gene conservation. In addition, insertion biases allowed prediction of transcriptional direction and early injected and highly expressed regions. We exploit transposons to deliver new cargo to phages within a few days and created an orthogonal artificial intelligence-designed Acr transposon system to generate phage double mutants. Transposon insertion was also achieved in phages with hypermodified DNA. Phage Tn-seq is a versatile tool to advance our understanding and application of phages."
"pubmed","42791345","10.1038/d41586-026-03039-6","Anthropic's AI biolab finds 'CRISPR-like' DNA in viruses. What's next?","Ledford, Heidi","Nature","2026-09-26","https://pubmed.ncbi.nlm.nih.gov/42791345/",""
"pubmed","42790626","10.1016/j.trsl.2026.09.018","Pivotal role of histone modifications in in vitro fertilization (IVF): Diagnostic and therapeutic perspectives.","Vamvakidi, Lydia; Piperi, Christina","Translational research : the journal of laboratory and clinical medicine","2026-09-25","https://pubmed.ncbi.nlm.nih.gov/42790626/","Histone post-translational modifications play a major role in gametogenesis and early embryogenesis, being closely associated with in vitro fertilization (IVF). Proper regulation of histone modifications enables chromatin compaction, transcriptional activity, parental imprint establishment and genomic reprogramming which are essential events for zygotic genome activation and lineage specification post-fertilization. Aberrant histone regulation can disrupt epigenetic integrity, leading to impaired gamete quality, defective embryonic development, imprinting errors and potential long-term offspring implications. This review provides a critical overview of the recent findings linking assisted reproduction procedures to altered histone profiles and adverse embryonic outcomes. Emerging epigenetic strategies, including epigenetic monitoring, epigenetic editing tools (CRISPR-dCas9), optimal epigenetic quality control in IVF labs and multi-omics approaches are thoroughly discussed, aiming to optimize IVF and enhance embryo health."
"pubmed","42790585","10.1016/j.jip.2026.108755","Mechanisms underlying host-specific horizontal transfer of shrimp AHPND virulence plasmid: Vibrio immunity and colonization environment.","Chen, Rui; Yan, Yesheng; Yan, Shuling; Chen, Lanming; Yu, Yongxin; Wang, Yongjie","Journal of invertebrate pathology","2026-09-25","https://pubmed.ncbi.nlm.nih.gov/42790585/","Acute hepatopancreatic necrosis disease (AHPND) is a highly contagious and lethal shrimp disease caused by Vibrio species harboring the virulence plasmid pAHPND, which encodes pirAB toxin genes. Here, we employed comprehensive comparative genomic and bioinformatic analyses to elucidate the mechanisms that govern the host-specific horizontal transfer of pAHPND. Our analyses revealed that although the majority of Vibrio host strains harboring pAHPND or pAHPND-related plasmids (71%, 27/38) possessed restriction-modification (R-M) systems, these plasmids encode anti-restriction proteins (ArdC, KlcA), suggesting R-M systems alone may be insufficient to block plasmid dissemination. Of the 92 non-AHPND Vibrio strains with CRISPR-Cas systems targeting pAHPND or its related plasmids, 64 specifically targeted the pAHPND plasmid itself. The primary targets within this plasmid were genes involved in fimbriae biosynthesis. Analysis of antimicrobial resistance genes (ARGs) in these CRISPR-positive strains showed that half (46/92) carried more than five ARGs, indicating robust environmental adaptability. In contrast, Vibrio strains that stably maintained pAHPND lacked CRISPR spacers targeting this plasmid and carried fewer ARGs (with 76% of strains harboring no more than seven ARGs). Collectively, these results suggest that the dissemination of pAHPND is shaped by Vibrio immune defenses - particularly CRISPR-Cas systems - and by selective pressures in the colonization environment, including antibiotic use. These findings highlight the evolutionary interplay between bacterial immunity, environmental stress, and virulence plasmid persistence."
"pubmed","42790075","10.1016/j.bios.2026.119258","Photoactivatable NPOM-caged split-activator CRISPR/Cas12a biosensor for amplification-free imaging of deoxynivalenol-induced miR-155 dynamics and lateral-flow sensing.","Chang, Kuan; Sun, Jiadi; Liu, Tao; Bao, Qi; Huang, Heyang; Wang, Jia-Sheng; Zhang, Yinzhi; Lu, Keyu; Sun, Xiulan","Biosensors & bioelectronics","2026-09-25","https://pubmed.ncbi.nlm.nih.gov/42790075/","MicroRNA-155 (miR-155) is an immune-associated small RNA biomarker involved in macrophage responses to environmental stressors such as deoxynivalenol (DON). However, achieving amplification-free miRNA sensing with low background and precise temporal regulation remains challenging. Here, we develop a photoactivatable split-activator CRISPR/Cas12a biosensor for miR-155 detection without target nucleic acid amplification and for dynamic analysis of toxin-induced cellular responses. The sensing system integrates an NPOM-caged crRNA with a split-complementary activator, enabling optical control of Cas12a activation. Upon brief 365 nm irradiation, miR-155 and ssDNA jointly reconstitute an activation-competent Cas12a complex, enabling target-dependent reporter cleavage after optical triggering. After systematic optimization, the fluorescence biosensor achieved quantitative miR-155 detection over a range of 1 pM-5 nM with an LOD of 0.69 pM. In mouse serum, the LOD was 1.27 pM, with relative matrix responses of 83.4%-92.3% and recoveries of 103.5%-106.2%. For DON-stimulated ANA-1 macrophages, the biosensor successfully resolved dose- and time-dependent miR-155 dynamics through live-cell fluorescence imaging and cell-lysate analysis. The time-course CRISPR signals showed excellent agreement with RT-qPCR measurements (Pearson r = 0.996, R(2) = 0.992). Orthogonal validation using miR-155 inhibition, NPOM/UV controls, component-deletion experiments, and flow cytometry further supported intracellular target responsiveness and sensing reliability. Furthermore, the same architecture was adapted to a lateral-flow assay with an LOD of 11.99 pM and applied as a portable visual/semi-quantitative readout for cell-derived and mouse serum samples. Therefore, this work establishes a programmable light-gated Cas12a biosensing platform for amplification-free miRNA quantification, live-cell molecular imaging, and portable analysis of toxin-induced immune responses."
"pubmed","42790056","10.1016/j.talanta.2026.130662","Programmable nuclease-based biosensors for food safety: Recent advances and perspectives.","Yang, Hongfei; Yi, Xuan; Wang, Xingyu; Wen, Hao; Zhang, Linwei; Ding, Mingyue; Wu, Shixiang; Wang, Youyi; Wang, Menghan; Dong, Lu; Wang, Xu; Peng, Dapeng","Talanta","2026-09-25","https://pubmed.ncbi.nlm.nih.gov/42790056/","Programmable nucleases are emerging as powerful tools for rapid and sensitive food contaminant detection. This review systematically examines five representative nucleases-Cas9, Cas12, Cas13, Cas14, and CbAgo-with emphasis on their target-recognition mechanisms, signal-transduction pathways, amplification strategies, and readout formats. The distinct analytical strengths of Cas9, Cas12, Cas13, and Cas14 are compared in terms of specificity, collateral cleavage, multiplexing capability, and suitability for nucleic acid and non-nucleic acid targets. Particular attention is given to Cas14 and CbAgo, two less extensively reviewed nucleases with PAM-independent recognition and promising potential for flexible target selection and multiplex sensing. In addition, recent advances in artificial intelligence and machine vision for fluorescence image processing, digital counting, and multiplex quantification are critically discussed. Finally, current challenges and future priorities are outlined, including one-pot integration, signal amplification, assay standardization, miniaturization, and field deployment. This review provides a comparative framework for developing practical programmable nuclease-based food-safety platforms."
"pubmed","42789947","10.38212/2224-6614.3585","Emerging antifungal strategies against Candida albicans using metal-organic frameworks and novel therapeutics: Opportunities and challenges.","Singh, Amanpreet; Kumar, Sandeep; Singh, Sehrabpreet; Singh, Jeewanjot","Journal of food and drug analysis","2026-09-25","https://pubmed.ncbi.nlm.nih.gov/42789947/","Candida albicans is an opportunistic fungal pathogen responsible for infections ranging from superficial mucosal disease to life-threatening systemic candidiasis, particularly in immunocompromised hosts. Its pathogenicity is enhanced by morphological plasticity, biofilm formation, and immune evasion, contributing to antifungal resistance. Limitations of existing antifungals have driven interest in emerging therapeutics. This review highlights strategies including metal-organic frameworks (MOFs), host-directed therapies (HDTs), CRISPR-Cas9 gene editing, and phytochemicals. MOFs offer high drug-loading capacity, controlled release, and enhanced penetration into biofilms, showing promise against drug-resistant strains. Selected phytochemicals demonstrate inhibitory effects on virulence traits such as hyphal formation and enzyme secretion. CRISPR-Cas9 enables functional genomic studies to identify and disrupt key pathogenicity genes, while HDTs aim to boost host immune responses. Additionally, the potential role of gut microbiota modulation in controlling C. albicans colonization is discussed. By integrating mechanistic insights with translational perspectives, this review provides a concise overview of emerging antifungal strategies, opportunities, and challenges with the potential to overcome current therapeutic limitations."
"pubmed","42789384","10.1016/j.celrep.2026.118042","Transcriptional and epigenomic analysis of insulin sensitivity in human adipocytes.","Zhang, Qianbin; Zhou, Audrey; Maynard, Adam G; Emont, Margo P; Jacobs, Christopher; Nagesh, Soumya; Batista, Thiago M; Gibson, Renee M; Huang, Yi; Kaalia, Rama; Perez-Schindler, Joaquin; Min, Bellis; Lyubetskaya, Anna; Dawes, Brian; Chen, Anlu; Tenen, Danielle; De Filippis, Eleanna; Merkel, Erin; Ivison, Rachael; Kar, Amrita; Dashti, Hesam; Claussnitzer, Melina; Tsai, Linus; Rosen, Evan D","Cell reports","2026-09-25","https://pubmed.ncbi.nlm.nih.gov/42789384/","Insulin resistance is a key feature of type 2 diabetes (T2D) and is also associated with a wide variety of other disease states. We isolated adipocytes from subjects with and without insulin resistance and subjected them to transcriptional and epigenomic profiling, allowing us to identify genes, cis-regulatory elements, and pathways that associate with insulin resistance in this critical cell type. We focused on several differentially enriched regions near the IRS1 gene that were close to, but distinct from, single-nucleotide polymorphisms associated with T2D and insulin resistance. CRISPR interference (CRISPRi)-mediated repression of these elements identified two major enhancer regions that regulate IRS1 expression in a cell-state-dependent manner. Finally, we identified specific transcription factors that act through these sites to enhance IRS1 gene expression. These studies help to define the molecular events that characterize, and potentially determine, human insulin sensitivity and resistance."
"pubmed","42789221","10.1007/s11427-026-3515-0","A CDC20 allelic series reveals stage-specific control of metaphase-to-anaphase transitions during mitosis and meiosis in rice.","You, Hanli; Chen, Yang; Zhong, Weijie; Xiang, Kerui; Zhang, Jiarui; Wang, Yuhao; Zhao, Yangzi; Bao, Yu; Pang, Yunfei; Zhang, Tao; Tang, Ding; Wen, Mingzhang; Cheng, Zhukuan","Science China. Life sciences","2026-09-25","https://pubmed.ncbi.nlm.nih.gov/42789221/","The metaphase-to-anaphase transition is a critically controlled checkpoint essential for precise chromosome segregation. In yeast and animals, cell division cycle 20 (CDC20) serves as an essential coactivator of the anaphase-promoting complex/cyclosome (APC/C), triggering the degradation of key substrates to initiate anaphase. Plants, however, often possess multiple CDC20 homologs, whose functional specificity remains poorly characterized. Employing CRISPR/Cas9 technology, we generated a series of cdc20 triple mutants in rice (Oryza sativa) and performed a systematic cytological analysis to investigate the functions of all three CDC20 genes. Complete loss of CDC20s' function resulted in gametophytic mitotic defects, ultimately causing bilateral gametophyte lethality. We obtained hypomorphic alleles specifically displaying disrupted meiosis without mitotic defects. The cdc20-triple-1 and cdc20-triple-2 mutants were arrested at metaphase I with normal chromosome alignment, but failed to remove sister chromatid cohesin 3 (SCC3) from chromosome arms. In contrast, the cdc20-triple-3 and cdc20-triple-4 alleles progressed through meiosis I but arrested at metaphase II, exhibiting aberrant spindles and chromosome missegregation. We further demonstrated that CDC20s regulated shugoshin 1 (SGO1) distributive pattern: SGO1 loaded normally in cdc20-triple-1 but persisted at centromeres and failed to detach, even when sister chromatids separated aberrantly. However, cdc20-triple-3 mutants showed normal SGO1 unloading, suggesting that timely SGO1 removal from centromeres depends on a CDC20-mediated metaphase I-to-anaphase I transition. Our findings reveal that rice CDC20 homologs play a critical role in controlling the metaphase-to-anaphase transition throughout both mitosis and meiosis, thereby ensuring tight regulation and enhancing genomic stability during sexual reproduction."
"pubmed","42789016","10.1007/s12265-026-10847-8","Next-Generation Bone Marrow Cell Therapies for Cardiac Repair: Integrating Gene Therapy and Bioengineering to Enhance Therapeutic Potency.","Cesur Ergun, Busra; Cetin, Busra; Dandin, Ozgur; Sanlioglu, Salih","Journal of cardiovascular translational research","2026-09-25","https://pubmed.ncbi.nlm.nih.gov/42789016/","Next-generation bone marrow cell (BMC) therapies are evolving to address longstanding translational challenges in regenerative cardiology by shifting from conventional cell transplantation toward precision-engineered repair systems. Although early approaches using bone marrow-derived mononuclear cells and mesenchymal stem cells demonstrated safety, clinical efficacy remained limited, with modest improvements in left ventricular ejection fraction and inconsistent long-term outcomes. These clinical limitations are largely attributed to poor cell retention, reduced survival within the ischemic microenvironment, and diminished potency of autologous cells. To overcome these barriers, current research focuses on genetic enhancement of BMCs. Key targets include the SDF-1/CXCR4 axis to improve homing and Akt signaling to enhance resistance to apoptosis, utilizing advanced tools such as modified mRNA and CRISPR/Cas9 to enable precise modulation of regenerative pathways. While ongoing clinical studies highlight the translational potential of these approaches, overcoming limited clinical efficacy remains the primary benchmark for the field. CLINICAL RELEVANCE STATEMENT: By combining gene therapy and bioengineering, this next-generation approach overcomes the critical hurdles of poor cell survival and low retention that have historically limited the success of standard bone marrow cell therapies in ischemic hearts. Clinically, this integrated strategy offers a more potent, disease-modifying treatment capable of driving robust cardiac regeneration, reducing infarct size, and ultimately preventing the progression of end-stage heart failure."
"pubmed","42788817","10.1080/17512433.2026.2739560","Non-antibiotic therapeutic approaches for antimicrobial resistance: current evidence and future directions.","Ganesan, Bharath Kumar; Mishra, Archana; Hota, Debasish; Maiti, Rituparna","Expert review of clinical pharmacology","2026-09-25","https://pubmed.ncbi.nlm.nih.gov/42788817/","INTRODUCTION: Antimicrobial resistance (AMR) is a global health challenge that reduces the effectiveness of existing antibiotics, leading to increased morbidity, mortality and healthcare costs worldwide. The lack of the development of novel classes of antibiotics has led to an increased interest in non-antibiotic therapeutic approaches that focus on bacterial virulence, host-pathogen interactions, microbial ecology, and resistance mechanisms. AREAS COVERED: This review summarizes the current evidence on non-antibiotic therapeutics including bacteriophages, antimicrobial peptides, anti-virulence agents, monoclonal antibodies, microbiome-based therapies, CRISPR-Cas systems, nanoparticles, photodynamic therapy, repurposed non-antibiotic drugs and combination strategies. We performed a literature search on PubMed, Embase, Scopus, Web of Science, and Google Scholar until May 2026. Though several approaches have demonstrated promising biological activity and favorable safety profiles, clinical evidence remains limited and heterogeneous. EXPERT OPINION: Non-antibiotic therapeutics are vital adjunctive, salvage and precision approaches to the challenge of AMR. However, most strategies are still at an early translational stage with a paucity of high-quality randomized clinical evidence. Barriers include delivery, manufacturing complexity, regulatory uncertainty, cost, and lack of long-term safety data. Further progress will depend on standardization of production, better delivery platforms, well-designed multicentric clinical trials, and incorporation into antimicrobial stewardship and precision medicine frameworks."
"pubmed","42788767","10.1128/spectrum.02143-26","Field-deployable visual detection of Burkholderia gladioli and its toxigenic pathovar using a one-step RPA-CRISPR/Cas13a assay.","Li, Jinkai; Gong, Li; Huang, Xiaomeng; Liu, Fuming; Mei, Jianhua; Fu, Siyu; Qiu, Liyang; Zhang, Deyong; Cheng, Dongqing; Chen, Xiuying","Microbiology spectrum","2026-09-25","https://pubmed.ncbi.nlm.nih.gov/42788767/","Burkholderia gladioli pathovar cocovenenans produces the potent mitochondrial toxin bongkrekic acid (BA), causing severe foodborne outbreaks. Conventional detection methods are constrained by prolonged turnaround times and the need for sophisticated instruments, limiting their utility for on-site surveillance. In this study, two independent one-step RPA-CRISPR/Cas13a detection systems were established: one targeting a species-level marker for broad screening of B. gladioli and the other targeting the bonA gene cluster for specific identification of the toxigenic pathovar. The complete one-step reaction was performed at 37 degrees C for 30 min, and results were visually interpreted using a portable blue-light transilluminator. The visual detection limit reached 1 x 10(0) copy/muL for both assays, with no cross-reactivity observed against a panel of six non-target strains. Component validation experiments confirmed that all listed constituents were indispensable for fluorescence signal generation. The practical applicability of the platform was evaluated using 100 naturally contaminated black fungus and mushroom substrate samples. The species-level assay returned positive rates of 78% (39/50) for black fungus and 42% (21/50) for substrate samples, while the bonA-targeted assay yielded positive rates of 38% (19/50) and 8% (4/50), respectively. The visual readout results were in 100% concordance with conventional quantitative real-time PCR. This field-deployable, equipment-free visual detection platform holds considerable promise for on-site surveillance and early warning of BA-producing B. gladioli in food and environmental matrices.IMPORTANCEBongkrekic acid (BA) poisoning caused by Burkholderia gladioli pv. cocovenenans is a lethal food safety threat, particularly in China and Southeast Asia. Current detection methods depend heavily on laboratory-based instruments, limiting their utility for on-site surveillance. This study developed two independent one-step RPA-CRISPR/Cas13a detection systems: one for broad screening of B. gladioli at the species level and the other for specific identification of the toxigenic pathovar. The one-step reaction was completed at 37 degrees C within 30 min, and results were visually interpreted using only a portable blue-light transilluminator. The visual detection limit reached 1 x 10(0) copy/muL, and the method exhibited 100% concordance with quantitative real-time PCR when applied to 100 naturally contaminated samples. This field-deployable, equipment-free platform provides a practical tool for on-site surveillance and early warning of BA-producing B. gladioli in food and environmental matrices."
"pubmed","42788327","10.1080/20415990.2026.2731778","Nanotheragnosis: an emerging frontier review in personalized cancer medicine.","Dastanpour, Lida; Bagherzadeh, Mohammad Aref; Rezaeian, Sanaz; Hasanzadeh, Akbar; Safikhani, Abolfazl; Moghaddam, Niloofar Haeri; Moeendarbary, Emad; Beyzavi, Ali; Saeedi, Sara; Mofazzal Jahromi, Mirza Ali; Karimi, Mahdi; Hamblin, Michael R","Therapeutic delivery","2026-09-25","https://pubmed.ncbi.nlm.nih.gov/42788327/","Cancer remains a major cause of global mortality, while late-stage diagnosis and therapeutic resistance highlight the need for individualized strategies. Nanotheranostics has emerged as a promising paradigm by integrating cancer diagnosis and treatment within multifunctional nanosystems. However, most current approaches remain technology-driven rather than truly patient-specific. This review examines the emerging convergence of adaptive nanotechnology, artificial intelligence (AI), molecular profiling, and precision medicine to develop intelligent nanoplatforms capable of responding to individual biological characteristics. Based on a literature search of PubMed, Scopus, and Web of Science (January 2010-June 2026), we review nano-enabled diagnostic approaches, including SERS-based nanoprobes and circulating tumor DNA detection, therapeutic strategies such as stimuli-responsive drug delivery, CRISPR-Cas9 nanodelivery, and personalized nanovaccines, and integrated multimodal imaging-guided theranostic systems. We further evaluate clinical trials and translational studies, highlighting biological, manufacturing, regulatory, and ethical barriers to clinical implementation. Although generalized nanoparticle platforms have reached Phase II/III trials and some have received regulatory approval, truly patient-specific nanotheranostic systems remain largely at early clinical stages. AI may bridge patient molecular profiles and nanoplatform design by optimizing nanoparticle properties, predicting biological interactions, and enabling personalized treatment selection. This review provides a roadmap toward adaptive, intelligent, and patient-specific cancer nanotheranostics, supporting a paradigm shift from generalized treatment toward precision-guided personalized healthcare."
"pubmed","42788230","10.1080/20415990.2026.2732635","Smart nanocarriers against MDR-tuberculosis: stimuli-responsive strategies for granuloma penetration and next generation therapy.","Kumar Mandal, Raj; Halder, Jitu; Kumar, Aman; Kurmi, Balak Das; Kaur, Kirandeep; Sharma, Amit","Therapeutic delivery","2026-09-25","https://pubmed.ncbi.nlm.nih.gov/42788230/","Multidrug-resistant tuberculosis (MDR-TB) remains a global health concern due to long treatment durations, limited drug penetration into granulomatous lesions, systemic toxicity, and the persistence of dormant Mycobacterium tuberculosis. The granuloma microenvironment, characterized by hypoxia, acidic pH, enzymatic activity, dense extracellular matrix, and redox imbalance, acts as a barrier to the effectiveness of conventional antitubercular therapy. Recent advances in nanotechnology have led to the development of stimuli-responsive nanocarriers that enable targeted, controlled, and on-demand drug delivery in response to disease-specific stimuli. This narrative review summarizes peer-reviewed literature published between 2015 and 2025 on stimuli-responsive nanocarrier systems for MDR-TB therapy, retrieved from major scientific databases, including PubMed, Scopus, Google Scholar, ScienceDirect, Web of Science, and ResearchGate, focusing on granuloma-targeted drug delivery and nanomedicine strategies. Stimuli-responsive liposomes, polymeric nanoparticles, dendrimers, and metallic nanocarriers demonstrate enhanced pulmonary accumulation with improved bacterial targeting and reduced systemic toxicity compared to free drugs. In addition, co-delivery strategies incorporating host-directed immunomodulators further improve bactericidal efficacy. Emerging approaches, including CRISPR-Cas‑based nano-therapies, RNA therapeutics, regenerative and stem cell-based strategies, artificial intelligence‑guided nanocarrier design, and biohybrid delivery systems, represent important future directions. Overall, stimuli-responsive nanocarriers, integrated with next-generation technologies, offer a promising pathway toward precise and effective MDR-TB treatment."
"pubmed","42787920","10.1016/j.mex.2026.104167","Rapid and efficient generation of multigene-knockout THP-1 cells using a simple CRISPR-Cas9 protocol.","Ito, Chihiro; Kinomura, Yuki; Kawagoe, Kensho; Fujii, Shinobu; Fujii, Toshihiro; Fukunaga, Rikiro","MethodsX","2026-09-25","https://pubmed.ncbi.nlm.nih.gov/42787920/","THP-1, a widely used human monocytic leukemia cell line, has been described as one of the hard-to-transfect suspension cell lines. Here, we present a rapid and efficient method for generating multiplex gene knockout cells from THP-1 using a simple co-transfection strategy based on the CRISPR-Cas9 system. In this method, THP-1 cells were transfected with a mixture of pX330-based sgRNA plasmids and a small amount of puromycin-resistance plasmid by electroporation, followed by transient selection with high-dose puromycin. This simple method resulted in efficient simultaneous knockout of multiple genes. For genes important for survival and/or cell proliferation, gene-knockout clones may be isolated by the limiting dilution method immediately after puromycin selection.*A simple co-transfection strategy to knock out multiple genes simultaneously in the human monocytic leukemia cell line, THP-1.*Transient selection with high-dose puromycin appeared to be effective for efficient knockout.*In general, knockout efficiency is satisfactory, and polyclonal knockout cells can be used without a cloning step unless the target gene plays a critical role in cell survival or proliferation."
"pubmed","42787837","10.1016/j.isci.2026.117560","Protective IFIH1 variant reduces islet stress and dysfunction in a type 1 diabetes genetic background.","Veronese-Paniagua, Daniel A; Banks, Cameron; Bradley, Kameron; Mukherjee, Noyonika; Gale, Sarah E; Hinshaw, Kate E; Meacham, Amy M; Iwaloye, Opeoluwa F; Tse, Hubert M; Mathews, Clayton E; Millman, Jeffrey R","iScience","2026-09-25","https://pubmed.ncbi.nlm.nih.gov/42787837/","Genome-wide association studies have identified IFIH1, which encodes the double-stranded RNA sensor MDA5, as a type 1 diabetes (T1D) risk locus. The IFIH1 E627 * variant is associated with protection from T1D, whereas A946T is associated with increased risk. To examine how these variants influence islet responses to inflammatory and viral stress, we used CRISPR-Cas9 to engineer E627 * or A946T into human pluripotent stem cells from a T1D donor and differentiated them into stem cell-derived islets (SC-islets). SC-islets were exposed to IFNalpha, poly(I:C), or coxsackievirus B3 and analyzed by single-cell RNA sequencing and functional assays. E627 * SC-islets compared to A946T displayed reduced inflammatory and stress responses with lower apoptosis, viral burden, mitochondrial dysfunction, and insulin secretory impairment. These findings support a protective role for IFIH1 E627 * in human islet responses to inflammatory and viral stress and provide insight into genetic mechanisms potentially linked to T1D pathogenesis."
"pubmed","42787633","10.3389/fgeed.2026.1924733","Advancements in CRISPR-based in vivo gene therapy for hemophilia.","Zhang, Xiaoyu; Xu, Kaidi; Zou, Shihui; Zhu, Zhiyao; Teng, Shuzhi; Huang, Ping","Frontiers in genome editing","2026-09-25","https://pubmed.ncbi.nlm.nih.gov/42787633/","Hemophilia is an X-linked hereditary bleeding disorder caused by loss-of-function mutations in the genes encoding coagulation factors, leading to excessive bleeding and potentially being life-threatening. Currently, regular treatment for hemophilia is the infusion of recombinant blood coagulation factors. This approach is not only costly but can also give rise to complications such as the development of neutralizing antibodies (Nabs), which impede the therapeutic outcome. Hemophilia is a monogenic disease, making gene therapy a promising curative measure that includes gene addition and gene editing approaches. Adeno-associated virus (AAV) vectors have gained massive attention as the premier delivery vehicle for clinical gene therapy due to their diverse tissue tropisms dictated by the natural and engineered AAV capsids, their excellent safety profile since AAVs do not cause any known human diseases, low immunogenicity, and long-lasting gene expression. Several AAV-based gene addition therapies have been approved for hemophilia B and hemophilia A, and dozens of similar AAV-based clinical trials are underway. Gene editing technologies, like Clustered Regularly Interspaced Short Palindromic Repeats (CRISPR)/CRISPR-associated protein 9 (Cas9), have shown immense potential in the treatment of genetic diseases. CRISPR/Cas9-mediated transgene integration provides critical advantages over regular gene insertion therapy by enabling site-specific, targeted genomic integration rather than random integration. Clinical trials focusing on AAV-CRISPR/Cas9-mediated knock-in of human genes represent the frontier of in vivo genetic medicine, and one such prominent ongoing clinical trial for hemophilia B is designed to insert the human Factor IX gene into hepatocytes. This review outlines recent advances and feasible strategies of CRISPR/Cas9-based genome editing for hemophilia therapy, highlights the potential applications of next-generation gene editing and vector delivery technologies, and offers new insights for the advantages, limitations, and future directions for these novel treatment modalities."
"pubmed","42787623","10.3389/fgeed.2026.1868779","Clinical translation of CRISPR-Cas9 therapeutics in cancer and inherited genetic disorders.","Bashir, Khushi; Vasudev, Prathiksha; Chhetri, Vikas; Dubhashi, Devika Prasad; Teli, Yash Gurunath; Biswas, Rhitam; Ramaiah, Sudha; Anbarasu, Anand","Frontiers in genome editing","2026-09-25","https://pubmed.ncbi.nlm.nih.gov/42787623/","CRISPR-Cas9, adapted from the bacterial Type II CRISPR adaptive immune system, functions as a programmable RNA-guided endonuclease that employs a single-guide RNA to direct Cas9 to specific genomic loci. CRISPR-Cas9 has transformed targeted genome editing by replacing complex protein engineering with programmable Watson-Crick base pairing between the guide RNA and target DNA. This review was developed following a structured literature search of major biomedical databases and clinical trial registries to synthesize current evidence on the therapeutic applications of CRISPR-Cas9 in oncology and inherited genetic disorders. Clinical studies of ex vivo BCL11A-enhancer editing have shown fetal hemoglobin reactivation, with most evaluable participants with sickle cell disease remaining free of severe vaso-occlusive crises for the prespecified period and most evaluable participants with transfusion-dependent beta-thalassemia achieving sustained transfusion independence. In vivo reductions in circulating transthyretin protein levels have been achieved for transthyretin amyloidosis via lipid nanoparticle delivery, while clinically meaningful improvements in selected measures of visual function were observed in a subset of patients receiving subretinal AAV-delivered CRISPR editing for CEP290-associated Leber congenital amaurosis type 10. Preclinical and early clinical studies have further investigated CRISPR-engineered T cells designed to improve antitumor activity, persistence, or resistance to inhibitory signaling. Despite these advances, key translational hurdles include the risk of off-target mutations and large-scale chromosomal rearrangements. Furthermore, immune responses against bacterial Cas9 nucleases and viral delivery vectors may limit the long-term efficacy of CRISPR-based therapies, while technical barriers surrounding delivery to extrahepatic tissues, such as skeletal muscle and the central nervous system, continue to hinder broader clinical success. Ethical concerns regarding germline modifications and the high cost of individualized therapies present additional translational challenges. Consequently, emerging DSB-independent technologies, such as base editing and prime editing, may reduce selected DSB-associated liabilities, but each introduces distinct editing, delivery, and genotoxicity risks that require product-specific evaluation."
"pubmed","42786924","10.1111/1750-3841.71404","Optimizing Poultry Meat Quality Through Integrated Management and Genetic Interventions.","Iqbal, Anas; Shafqat, Muhammad Rehan; Essa, Mohamed Osman Abdalrahem; Gambarli, Sarita; Rakhmanova, Khuriniso; Mamatqulov, Asadulla; Shah, Mohd Asif; Cheng, Darong","Journal of food science","2026-09-25","https://pubmed.ncbi.nlm.nih.gov/42786924/","Global demand for high-quality poultry meat has driven intensive genetic selection for fast growth and high breast yield, inadvertently increasing muscle myopathies (wooden breast and white striping), pale-soft-exudative (PSE)-like meat, and animal welfare issues. This review synthesizes recent literature on integrated management and genetic strategies to maximize poultry meat quality without sacrificing productivity or sustainability. Key management interventions include optimizing stocking densities, precise climate control, antibiotic alternatives (probiotics, organic acids), and advanced post-slaughter technologies (automated stunning and rapid chilling). These practices mitigate pre-slaughter stress, stabilize postmortem biochemical processes, and minimize microbial contamination. Concurrently, transitioning from growth-centric breeding to multi-trait genomic selection, utilizing marker-assisted selection, genomic selection, and CRISPR/Cas9, enables cumulative improvements in ultimate pH, intramuscular fat, and stress resilience. Integrating these disciplines through precision farming and digital technologies offers a holistic framework for producers, breeders, and policymakers to deliver consistent, ethical, and sustainable poultry products."
"pubmed","42786821","10.2174/0115665232436545260906074748","Artificial Intelligence-Driven Gene Delivery Systems in Dementia: A Comprehensive Review of Mechanisms, Tools, and Therapeutic Strategies.","Wal, Ankita; Shukla, Manmohan; Wal, Pranay; Singh, Saumya; Chaurasia, Brijesh; Jayasingh Chellammal, Hanish Singh; Gasmi, Amin","Current gene therapy","2026-09-25","https://pubmed.ncbi.nlm.nih.gov/42786821/","INTRODUCTION/OBJECTIVE: The progressive nature of dementia is represented by a reduction in two or more cognitive functions, including language, memory, executive and visuospatial functioning, personality, and behavior. Only symptoms can be alleviated by traditional medication therapies. A strategy that shows promise for focused and customized interventions is gene therapy, especially when combined with artificial intelligence (AI).This review investigates the integration of AI with gene delivery technologies to enhance the accuracy, effectiveness, and personalization of dementia therapies. METHOD: PRISMA guidelines were followed in conducting a systematic review. A literature search for English-language articles published between 2012 and 2026 was conducted using PubMed, Scopus, and Google Scholar. Peer-reviewed original research, computational studies, or reviews; attention to AI in the context of gene delivery in dementia; and pertinence to biological mechanisms or therapeutic approaches were the inclusion criteria. Non-English papers, conference abstracts, letters, editorials, and research unrelated to gene delivery or dementia were among the exclusion criteria. The full texts, abstracts, and titles were vetted by two separate reviewers. Discussions or seeking advice from a third reviewer were used to settle disagreements. RESULTS: AI has proven to be very helpful in predicting therapeutic targets, optimizing gene vectors, and customizing dementia treatment plans. Using machine learning and deep learning approaches, it also makes gene-target prediction, nanocarrier optimization, and post-treatment monitoring easier. These methods improve vector design, find biomarkers, and decode complex genomic data. Precision gene delivery across the blood-brain barrier is now possible because to integration with (Clustered Regularly Interspaced Short Palindromic repeat) CRISPR/Cas9, adeno-associated virus vectors, and lipid nanoparticles, which has increased transfection efficiency and decreased cytotoxicity. CONCLUSION: Precision medicine is becoming possible because of AI frameworks that integrate neuroimaging, multi-omics data, and patient-specific genomic profiles. Notwithstanding the potential, there are still issues including data security, ethical dilemmas, translational barriers, and legal limitations."
"pubmed","42786820","10.2174/0115665232491924260907063026","Prime Editing and Its Delivery: Recent Advances in Gene Correction for Genetic Diseases.","Zhang, Shuran; Chang, Le; Kong, Yamin; Huang, Wenming; Zhang, Jinman; Zhu, Baosheng; Chan, Ying","Current gene therapy","2026-09-25","https://pubmed.ncbi.nlm.nih.gov/42786820/","Prime editing (PE), as a transformative genome-editing technology, overcomes many of the limitations of CRISPR-Cas9, particularly by enabling high-fidelity base conversions independent of double-strand breaks (DSBs). This unique mechanism significantly reduces unintended insertions, deletions, and chromosomal rearrangements, positioning PE as a safer and more precise tool for therapeutic gene correction. Recently, the world's first FDA-approved PE clinical trial (PM359 for chronic granulomatous disease) was officially launched, representing a major milestone in the field and highlighting the growing clinical translational potential of PE for treating human genetic disorders. Since the introduction of PE technology, extensive research efforts have been devoted to improving its gene correction efficiency, expanding the editing window, broadening target-site compatibility, reducing the size of the editing protein, and optimizing in vivo delivery vector systems. This review systematically summarizes the key improvements and evolutionary progress in the prime editor design and its updated delivery systems, with a particular focus on innovative modifications that have successfully overcome technical barriers. This study also highlights recent advances in engineered PE variants and their derivative systems, which have collectively expanded the scope and precision of PE-mediated gene correction. Additionally, this study critically discusses the remaining limitations and challenges associated with its application."
"pubmed","42786557","10.1093/immhor/vlag053","SERPINB1 as a critical regulator of inflammation and protease activity in human monocytic cells.","Perez-Caraballo, Jareb J; Ye, Xiang; Cui, Jian; Martinez-Barricarte, Ruben","ImmunoHorizons","2026-09-25","https://pubmed.ncbi.nlm.nih.gov/42786557/","SERPINB1, a member of the serpin superfamily, functions primarily as a serine protease suicide inhibitor via its reactive center loop (RCL). While murine studies have elucidated its role in neutrophil homeostasis and survival, the functions and pathways orchestrated by human SERPINB1, particularly in monocytes, remain largely undefined. Here, we demonstrate that SERPINB1 is under purifying selection, indicative of an essential, non-redundant role in human immunity comparable to that of genes known to cause immune diseases when mutated. Flow cytometric and Western blot analyses reveal ubiquitous expression in immune cells, with monocytes exhibiting the highest levels and the most active utilization of SERPINB1. Using CRISPR/Cas9-mediated knockout in THP-1 monocytic cells, we found that SERPINB1 deficiency does not impair cell viability but significantly enhances proinflammatory responses, notably increasing IL-1beta production in response to lipopolysaccharide stimulation. Bulk RNA sequencing corroborated upregulation of inflammatory genes, while activity-based proteomic profiling uncovered broad alterations in enzymatic activity, affecting pathways beyond protease regulation, including ribosomal function and cellular metabolism. These findings suggest that human SERPINB1 extends its function beyond protease inhibition to modulate monocyte inflammatory activation and metabolic processes. Further mechanistic investigations are warranted to delineate the molecular interactions underpinning SERPINB1's regulatory network in monocytes. Yet, our study provides novel insights into SERPINB1's multifaceted functions in human immunity and highlights its potential as a therapeutic target for controlling dysregulated inflammation."
"pubmed","42786391","10.1007/s40121-026-01448-8","Nucleic Acid-Based Antimicrobial Strategies Against Drug-Resistant Staphylococcus aureus: A Review of Mechanisms of Action and Delivery Approaches.","Ghasemi, Reza; Heidari, Hamid","Infectious diseases and therapy","2026-09-25","https://pubmed.ncbi.nlm.nih.gov/42786391/","Drug-resistant Staphylococcus aureus remains one of the major clinical challenges in both community and hospital settings. Increasing rates of resistance to conventional antibiotics have prompted the development of alternative therapeutic strategies capable of selectively targeting essential bacterial functions. Nucleic acid-based antimicrobial strategies have emerged as promising and precise approaches, enabling the inhibition of gene expression, suppression of virulence, restoration of antibiotic susceptibility, and inhibition of bacterial growth in a sequence-specific manner. This review investigates various studies on antisense oligonucleotides (ASOs), small RNA-based approaches, and CRISPR-Cas systems against S. aureus, with a focus on their antimicrobial efficacy, mechanisms of action, and delivery strategies. These platforms can target genes involved in cell division, transcription, quorum sensing, biofilm formation, and antibiotic resistance. As efficient intracellular delivery remains a major barrier, multiple carriers-including cell-penetrating peptides, nanoparticles, liposomes, DNA nanostructures, and phagemid-based platforms-have been developed to enhance therapeutic efficacy. It has been demonstrated that optimized delivery systems can substantially improve the stability, cellular uptake, and antibacterial activity of nucleic acid therapeutics. Furthermore, the programmability and high target specificity of these agents is a step forward, facilitating the development of precision antimicrobial therapies with the potential for reduced effects on non-target bacterial populations. Overall, the available data support the potential of nucleic acid-based antimicrobials as promising preclinical adjuncts to conventional antibiotics for combating multidrug-resistant S. aureus."
"pubmed","42786297","10.1038/s41588-026-02745-1","Divergent medulloblastoma chromatin states disclose KDM2B as a selective dependency.","Tao, Ran; Erkek-Ozhan, Serap; Xu, Beisi; Matsui, Yurika; Mittal, Priya; Smith, Kyle S; Li, Yiran; Filipovic, David; Xu, Ruijie; Gao, Qingsong; Darrow, Emily; Kumar, Rahul; Djekidel, Nadhir; Bajpai, Richa; Hadley, Jennifer; Batts, Melissa; Lewis, Sara A; Soliman, Taha; Reilly, Colleen; Bhanu, Natarajan V; Paul, Leena; Lin, Hong; Gudenas, Brian; Lowe, Kim; Zapatka, Marc; Sieber, Laura; Jones, David T W; Kool, Marcel; Waszak, Sebastian M; Hovestadt, Volker; Buchhalter, Ivo; Ryzhova, Marina; Korshunov, Andrey; Lichter, Peter; Chavez, Lukas; Kutscher, Lena M; Garcia, Benjamin A; Pruett-Miller, Shondra M; Zhou, Xin; Orr, Brent A; Robinson, Giles W; Wu, Gang; Korbel, Jan O; Peng, Jamy C; Pfister, Stefan M; Northcott, Paul A","Nature genetics","2026-09-25","https://pubmed.ncbi.nlm.nih.gov/42786297/","Medulloblastoma is a biologically heterogeneous childhood cerebellar tumor harboring frequent chromatin-modifying gene alterations. How these alterations promote transcriptional programs governing malignancy remains poorly defined. To address this knowledge gap, we evaluated chromatin states across medulloblastoma subgroups by multi-modal integration of histone modifications with mutational, DNA methylation and transcriptomic profiles. A bivalent/poised enhancer (EnhBiv) state was specifically enriched at the promoters of neurodevelopmental genes in Group 3/4 medulloblastoma. Integrative bioinformatics coupled with chromatin occupancy studies identified aberrant KDM2B binding at EnhBiv-enriched promoters. CRISPR-mediated knockout or acute protein degradation of KDM2B selectively suppressed the growth of medulloblastoma models in vitro and in vivo. Mechanistically, KDM2B promotes sequential recruitment of Polycomb repressive complexes (PRC1/PRC2) and EnhBiv chromatin, thereby repressing neuronal differentiation programs. Collectively, we provide foundational insights into an epigenetic basis of medulloblastoma, nominating KDM2B as a selective dependency in high-risk subgroups that warrants consideration as a candidate therapeutic target."
"pubmed","42786170","10.1038/s41467-026-76648-4","Methylation Mesa define functional regulatory elements for targeted gene activation.","Liu, Y V; Suryatenggara, J; Wong, H; Jayasinghe, M K; Tang, J P; Tan, H K; Kwon, J; Zhou, Q; Zhang, J; Moein, S; Ummarino, S; Le, M T N; Doench, J G; Benoukraf, T; Chai, L; Hiwase, D; Thomas, D; Di Ruscio, A; Tenen, D G; Bassal, M A","Nature communications","2026-09-25","https://pubmed.ncbi.nlm.nih.gov/42786170/","DNA methylation regulates transcription, yet the demethylation of canonical elements like promoter CpG islands exhibits inconsistent correlations with gene activation. We hypothesize that causal regulatory elements are defined by biophysical hypersensitivity. Profiling 24 whole-genome bisulfite sequencing samples across diverse human and murine models, we identify Methylation Mesa, narrow (~45-300 bp), structurally conserved epigenetic regulatory elements. Mesa show enrichment in 5' untranslated regions and associate with transcriptional activation significantly better than canonical promoters. To investigate causal regulatory dynamics, we develop CRISPR-DiR, an RNA-based targeted demethylation technology offering greater spatial precision, higher potency, and reduced toxicity compared to CRISPR-TET1. While proximal promoter demethylation initiated limited early transcription, focal demethylation of the Mesa seed acts as the primary driver of exponential CDKN2A (p16) reactivation and robust in vivo tumor suppression. We demonstrate that precise demethylation of a Mesa locus triggers localized demethylation, subsequent activation histone mark deposition, and long-range three-dimensional chromatin rewiring. Thus, Methylation Mesa act as precise, dominant epigenetic regulatory hubs, and CRISPR-DiR as a potent high-resolution tool, establishing a structural framework for biomarker discovery and targeted therapies."
"pubmed","42786150","10.1038/s41467-026-76367-w","Boosting genome editing in perennial plants by CRISPR-Combo mediated morphogenic gene activation.","Ramasamy, Manikandan; Li, Gen; Guo, Lei; Fang, Hong; Eid, Ayman; Mandlik, Rushil; Cheng, Yanhao; Niedz, Randall P; Culver, James N; Coleman, Gary D; Liu, Zhongchi; Mandadi, Kranthi K; Qi, Yiping","Nature communications","2026-09-25","https://pubmed.ncbi.nlm.nih.gov/42786150/","A major bottleneck in genome editing of many perennial plants is their recalcitrance to transformation and regeneration. To boost genome editing in such perennial crops, transcriptional reprogramming of morphogenic genes is introduced by CRISPR-Combo, a versatile system for simultaneous genome editing and transcriptional activation in plant cells. In potato, we screen 17 morphogenic genes and identify 4 genes (WOX11/12, ARF5, ABI3-1, and ABI3-2) that promote regeneration of genome-edited hairy roots, and 3 of the 4 genes are also found to boost shoot regeneration by Agrobacterium-mediated stable transformation. Similarly, screening of 10 morphogenic genes in citrus leads to the identification of 5 genes (BBM3, FUS3, IPT1, SERK1, and STM) that enhance plant regeneration upon activation. In wild strawberry, we demonstrate that simultaneous activation of Baby Boom genes (BBM1 and BBM2) or of GRF3 and GIF1 reduces the generation time of genome-edited plants by over one month. Moreover, in poplar, we show that simultaneous activation of WUS and WOX11 synergistically promotes plant regeneration without exogenous plant hormones, which leads to a protocol of generating genome-edited poplar shoots in less than one month. Collectively, this study provides efficient strategies for boosting genome editing in four perennial crops."
"pubmed","42785308","10.1016/j.stemcr.2026.103087","HOPX regulates the development and lineage progression of human stem cell-derived outer radial glia-like cells.","Dong, Xiao-Xue; Choi, Wendy W Y; Ahmed, Mai; Nishimura, Haruka; Tian, Ai; Millar, David; Bhattacharya, Afrin; Aggarwal, Aditi; Vu, Liona; Weng, Octavia Yifang; Nguyen, Roseanne; Chakraborty, Pragnya; Wang, Lu-Yang; Wilson, Michael D; Shu, Qiang; Li, Xuekun; Wu, Yun-Cheng; Muffat, Julien; Li, Yun","Stem cell reports","2026-09-24","https://pubmed.ncbi.nlm.nih.gov/42785308/","Outer radial glia (oRG) are abundant in the human fetal cortex but rare in rodents, yet their molecular regulation remains poorly understood. Although the homeodomain-only protein X (HOPX) is a well-established oRG marker, its functional role in human cortical development remains undefined. Using CRISPR-Cas9 gene editing in human pluripotent stem cells, we show that HOPX loss impairs the expansion and lineage progression of oRG-like cells in two-dimensional neural cultures and three-dimensional cortical organoids. HOPX knockout precursors exhibit reduced proliferation, diminished neurogenesis, and premature differentiation toward astrocytic and oligodendrocytic lineages. HOPX-deficient organoids display reduced outer subventricular zone size, decreased neuronal output, and early gliogenesis. Mechanistically, HOPX loss impairs PI3K-mTOR signaling. Transcriptomic analysis identifies HOPX-regulated programs governing gliogenic competence, mTOR, and Wnt signaling. Together, these findings identify HOPX as an important regulator of oRG-like cell maintenance and the neurogenic-gliogenic balance, providing insight into the molecular programs governing human neural progenitor expansion."
"pubmed","42785144","10.1016/j.cbpa.2026.102763","Peptide-mediated CRISPR delivery: From dish to bloodstream.","Ressnerova, Alzbeta; Wilson, Ross C","Current opinion in chemical biology","2026-09-24","https://pubmed.ncbi.nlm.nih.gov/42785144/","CRISPR-based therapeutics have advanced rapidly, but clinical translation remains bottlenecked by delivery. Standard carriers like viral vectors and lipid nanoparticles (LNPs) face challenges regarding cargo capacity, immunogenicity, and restricted tissue tropism. Peptide-mediated delivery platforms offer a highly tunable, non-viral alternative. These chemically defined sequences are uniquely modular: they are small enough to penetrate dense tissues, inexpensive to synthesize, and open to redesign residue by residue. In cell culture, peptide platforms compete effectively against standard electroporation, delivering high editing efficiency in primary human cells while significantly improving cell viability. Despite these in vitro successes, translating peptide-mediated delivery in vivo introduces physiological barriers. When introduced by tissue injection in vivo, peptide delivered CRISPR editors must tackle more barriers than mere cell entry and endosomal escape they had to face in the dish. They typically reach modest editing efficiencies, which, however, could still yield a therapeutic benefit. For systemic delivery, more fragile but transient ribonucleoprotein (RNP) complexes face hepatic clearance, phagocytic capture, and protein corona interference-obstacles that are driving a shift toward engineered nanoassemblies and mRNA/DNA cargo alternatives. This review outlines the evolution of peptide-based CRISPR delivery from cell culture to local and systemic in vivo applications, evaluating physiological boundaries and highlighting engineering avenues required to overcome them. Looking forward, the next decade of peptide-mediated delivery must reconcile the conservative demands of clinical translation with radical chemical innovation. To advance, the field must transition past qualitative readouts and integrate isolated advancements into a single cohesive vehicle engineered for robust in vivo efficacy. By systematically combining these chemical innovations, engineered peptides might overcome the restrictions of viruses and LNPs, providing a truly versatile platform for systemic CRISPR delivery."
"pubmed","42785137","10.1016/j.compbiolchem.2026.109419","Integrative Systems Biology Prioritizes BCL2, ALK, and CDK4 as Therapeutic Candidates in Neuroblastoma through Multi-Centrality Network Analysis, Cross-Database Validation, Independent Docking Validation, and Confidence-Threshold Sensitivity Analysis.","Zabihi, Abbas","Computational biology and chemistry","2026-09-24","https://pubmed.ncbi.nlm.nih.gov/42785137/","BACKGROUND: Neuroblastoma remains a therapeutic challenge due to its molecular heterogeneity, yet the convergent network topology of its oncogenic interactome has not been systematically characterized using multi-criteria computational approaches. An integrative computational framework combining network-based hub gene prioritization, cross-database biological validation, and structure-based drug-target assessment is needed to identify and prioritize therapeutic molecular targets. METHODS: An integrative computational pipeline was developed comprising (i) batch-effect correction (ComBat) and differential expression analysis of two neuroblastoma microarray datasets (GSE10927, GSE16476); (ii) protein-protein interaction (PPI) network reconstruction (STRING v11.5) and multi-criteria candidate identification using six complementary centrality metrics (degree, betweenness, closeness, MCC, MNC, EPC); (iii) modular decomposition (Louvain algorithm) and functional enrichment analysis (GO, KEGG, WikiPathways); (iv) miRNA regulatory network analysis (DIANA-miRPath/TarBase); (v) independent cross-validation against six external databases (TARGET-NBL, Human Protein Atlas, CCLE, DepMap, GDSC, cBioPortal); (vi) molecular docking (HDOCK) and 100-ns molecular dynamics simulations (one trajectory per complex) with trajectory analysis (RMSD, RMSF, Rg, hydrogen-bond occupancy); and (vii) two revision-stage verification analyses: an independent AutoDock Vina re-docking validation of the five drug-target pairs and their co-crystallized ligands, and a confidence-threshold sensitivity analysis of the PPI network (0.400/0.700/0.900) computed on the version-locked STRING v11.5 release restricted to the exported hub node set. RESULTS: The batch-corrected transcriptomic integration effectively separated tumors from normal samples (PCA, 82.9% variance explained). Multi-criteria network analysis prioritized BCL2, ALK, MYCN, CDK4, and MAPT as leading candidates. Modular decomposition revealed seven functional clusters spanning cell cycle regulation, apoptosis, MAPK signaling, and neuronal differentiation. BCL2, ALK, and CDK4 showed multi-database validation concordance: transcriptomic overexpression (TARGET-NBL, log2FC = 1.84 for BCL2, FDR < 0.001), protein-level confirmation (Human Protein Atlas), selective gene dependency (DepMap CRISPR), and pharmacogenomic sensitivity (GDSC). miRNA network analysis identified miR-34a as a master post-transcriptional regulator targeting BCL2, CDK4, and MYCN simultaneously. The original HDOCK docking and 100-ns MD analyses (one trajectory per complex) supported predicted binding stability for BCL2/Venetoclax (HDOCK score: -271.19), ALK/Ceritinib (-222.91), and CDK4/Abemaciclib (-219.76). The revision-stage sensitivity analysis showed that hub-hub connectivity is strongly threshold-dependent (508, 138, and 48 interactions among the exported hub nodes at confidence >/= 0.400, 0.700, and 0.900), and that the centrality of the three priority genes is sensitive to network stringency; they are therefore described as computationally prioritized candidates rather than threshold-robust hubs. The independent Vina validation recovered the native binding sites of all five targets (top-pose centroid offsets 0.15-2.6 A) with favorable scores for every drug-target pair (-12.3 to -6.4 kcal/mol), while pose-level RMSD values (4.8-7.3 A) showed that rigid-receptor docking does not resolve exact ligand orientations for these flexible inhibitors; docking scores are therefore interpreted as site-level binding-competence evidence only. CONCLUSIONS: This study presents an integrative computational pipeline for network-based drug-target prioritization in neuroblastoma, combining multi-criteria network topology, multi-database biological validation, HDOCK docking with single-trajectory MD stability assessment, and two independent revision-stage verification analyses (AutoDock Vina re-docking and confidence-threshold sensitivity). Within the explicitly reported boundaries of these analyses, BCL2, ALK, and CDK4, together with the AURKA and beta-tubulin axes of Alisertib and Docetaxel, emerge as computationally prioritized candidates for preclinical investigation, with replicate MD simulations on high-performance computing resources and experimental target engagement identified as the required next steps."
"pubmed","42784246","10.1021/acssensors.6c02424","Machine Learning-Assisted Multiplex Profiling of Plasma-Derived Exosomal miRNAs for Alzheimer's Disease Classification.","Jeong, Yeonwoo; Kim, Jinyoung; Lee, Jina; Son, Seong Uk; Kang, Taejoon; Jung, Juyeon; Park, Joseph; Moon, Minho; Kim, Eunjung; Lim, Eun-Kyung","ACS sensors","2026-09-24","https://pubmed.ncbi.nlm.nih.gov/42784246/","Accurate diagnosis of Alzheimer's disease (AD) remains challenging due to its multifactorial nature and the limitations of current diagnostic methods. Exosome-derived microRNAs (miRNAs) have emerged as promising minimally invasive biomarkers, owing to their stability in peripheral biofluids and their ability to reflect molecular alterations associated with neurodegeneration. In this work, we report an ORCA-Cas assay that integrates a one-pot ligation/rolling circle amplification step with a subsequent CRISPR/Cas12a detection step for the sensitive and specific detection of AD-associated exosomal miRNAs in plasma samples. Four candidate miRNAs (miR-16-5p, miR-23a-5p, miR-574-5p, and miR-361-5p) were evaluated in plasma-derived exosomes from AD patients and healthy controls using both RT-qPCR and ORCA-Cas platforms. In an independent cohort (n = 27 per group), individual miRNAs exhibited modest discriminative performance, highlighting the need for multivariate integration. A random forest model was subsequently employed to integrate signals from the four-miRNA panel, achieving an area under the curve (AUC) of 0.877 with RT-qPCR data and an AUC of 0.923 with ORCA-Cas-derived data. These results demonstrate that combining amplification-assisted CRISPR-based miRNA detection with multivariate modeling improves the diagnostic utility of plasma-derived exosomal miRNA profiles. The ORCA-Cas assay provides a simple, multiplex-capable, and sensitive platform that supports a multi-marker profiling strategy for plasma-based AD molecular profiling and classification."
"pubmed","42783999","10.3390/jof12090705","Systematic Profiling of ssODN Determinants Establishes Optimized LbCas12a-Mediated HDR for Precise Genome Editing in Flammulina filiformis.","Jia, Dinghong; Liu, Xun; Wang, Di; He, Xiaolan; Liang, Xinmin; Peng, Weihong","Journal of fungi (Basel, Switzerland)","2026-09-24","https://pubmed.ncbi.nlm.nih.gov/42783999/","Although gene editing technologies have advanced considerably, research on gene editing in Flammulina filiformis remains in its infancy, and a systematic evaluation of how ssODN donor properties affect HDR efficiency in this species is still lacking. To enable precise genome editing in the edible mushroom F. filiformis, we established an LbCas12a ribonucleoprotein (RNP)-mediated homology-directed repair (HDR) platform in protoplasts and systematically evaluated key ssODN donor design parameters: PAM-site mutation, homology arm distance, RAD51-preferred sequences (RPSs), truncated Cas target sequences (tCTSs), the RS-1 enhancer, and thermodynamic stability (DeltaG). A PAM-disrupting mutation greatly increased HDR efficiency, up to 58.5%. Extending the left homology arm 174 bp upstream of the break still yielded 20.2% HDR, expanding the tolerable distance. RPSs showed context-dependent effects: enhancing HDR up to 287.8% in some designs but reducing it by 61.9% in another. Both tCTS and RS-1 consistently suppressed HDR. No strong linear correlation between DeltaG and HDR efficiency was observed. Collectively, from experiments conducted at a single genomic locus, our results not only establish a versatile precision-editing platform for F. filiformis through optimized ssODN design, but also offer tentative and transferable insights into the HDR-mediated genome editing of other heterokaryotic basidiomycetes facing similar genetic operation challenges."
"pubmed","42783548","10.3390/jdb14030040","Diaphragmatic Mitochondrial Myopathy in a Patient-Derived Mouse Model of Barth Syndrome.","Tentler, Kristen; Snider, Paige L; Matias, Catalina; Brault, Jeffrey J; Conway, Simon J","Journal of developmental biology","2026-09-24","https://pubmed.ncbi.nlm.nih.gov/42783548/","Barth syndrome (BTHS) is a rare, X-linked genetic disorder caused by mutations in the enzyme TAFAZZIN (TAZ), resulting in insufficient cardiolipin (CL) remodeling and mitochondrial dysfunction. While BTHS respiratory distress and breathing difficulties are commonly reported, the precise role of intrinsic respiratory tissue vulnerabilities has only recently begun to be appreciated. Historically, BTHS respiratory distress is frequently attributed to secondary consequences like cardiomyopathy or generalized skeletal myopathy, leaving the intrinsic vulnerability of vital respiratory muscles poorly understood. Using a patient-tailored point mutant knock-in mouse model (Taz(PM)) harboring a stable but enzymatically deficient Taz(D75H) protein, we investigated the autonomous physiological and metabolic responses in the diaphragm and lungs. Contrary to the paradigm that respiratory muscles are unaffected, Taz(PM) diaphragms exhibit structurally abnormal mitochondria and undergo a survival-critical, bifurcated compensatory remodeling response to prevent fatal respiratory failure under severe bioenergetic stress. The Taz(PM) adaptive mechanism is orchestrated by chronic activation of the mitochondrial Integrated Stress Response (ISR) via the Gcn2/eIF2alpha signaling pathway. This stress pathway halts global translation to conserve cellular ATP at the expense of reduced NAD+ levels, while selectively upregulating defensive mitokines and metabolic sirtuins and structural muscle remodeling. Furthermore, the Taz(PM) diaphragm transitions into a highly specialized, slow-twitch motor system that is expected to reduce the energy cost per contraction. Concurrently, despite Taz(PM) lungs exhibiting structurally abnormal mitochondria, they resist generalized mitochondrial collapse despite ADP reduction, executing tissue-specific metabolic reprogramming and localized biochemical adaptations to sustain respiratory homeostasis."
"pubmed","42783502","10.3390/jpm16090471","A New Gain-of-Function NLRP1 Variant Is Associated with Inflammasome Activation and Disease Severity in SLC25A38 Congenital Sideroblastic Anemia Case Report.","Sanchez-Villalobos, Maria; Banos, Eulalia Campos; Martinez-Balsalobre, Elena; Pinilla-Marquinez, Miriam; Navarro-Ramirez, Veronica; Macartney, Thomas; Hurtado-Navarro, Laura; Hernandez-Garcia, David; Blanquer, Miguel; Pelegrin, Pablo; Salido-Fierrez, Eduardo; Perez-Oliva, Ana Belen","Journal of personalized medicine","2026-09-24","https://pubmed.ncbi.nlm.nih.gov/42783502/","Inflammasomes play a pivotal role in inflammation and infection, but the clinical relevance of inflammasomes goes beyond infectious disease. Here, we report a novel variant in the NLRP1 gene (p.V939M) identified in a patient with congenital sideroblastic anemia due to a homozygous SLC25A38 mutation. This patient exhibits severe anemia, iron overload, and dependence on frequent transfusions. Functional characterization of peripheral blood mononuclear cells from the patient revealed constitutive activation of the NLRP1 inflammasome in primary cells, evidenced by increased processing of NLRP1, cleavage of CASP1, and ASC oligomerization. Moreover, in a speck in vitro assay, the newly identified genetic variant increases ASC oligomerization, and using ex vivo erythroid differentiation assays with patient-derived cells, we demonstrated that pharmacological inhibition of CASP1 enhances erythrocyte formation. This patient-derived NLRP1 variant was evaluated in a newly generated human NLRP1 knockdown system using CRISPR-Cas9 in K562 cells, in combination with ferroptotic/oxidative stress induction to mimic patient clinical features, and our results indicate that the presence of NLRP1 p.V939M, together with enhanced ferroptosis, may contribute to the patient's phenotype. Furthermore, both CASP1 inhibition and ferroptosis inhibition further enhance the restoration of erythroid colony formation from primary progenitor cells derived from the patient. Therefore, our study identifies a novel NLRP1 inflammasome variant involved in human erythropoiesis and highlights its possible contribution to the pathogenesis of congenital sideroblastic anemia, providing a basis for the development of new potential therapeutic strategies."
"pubmed","42783324","10.3390/insects17090957","Sweet Fennel Essential Oil Repels Drosophila suzukii via an Orco-Mediated Pathway.","Zhang, Wangyue; Wei, Litong; Qian, Jiali; Wen, Fengyi; Yao, Junnan; Zheng, Ke; Zhang, Yu; Wu, Huiming; Tian, Chunxia; Chen, Mengli","Insects","2026-09-24","https://pubmed.ncbi.nlm.nih.gov/42783324/","Essential oils are promising alternatives to conventional chemical pesticides due to their toxic, repellent or oviposition-deterrent effects against many kinds of pests. Sweet fennel essential oil is widely recognized for its pharmacological, antimicrobial, and acaricidal properties. Moreover, several studies have demonstrated its insecticidal and repellent activities against insects. In this study, we found that sweet fennel essential oil exhibited strong dose-dependent repellent activity in the dual-choice still-air assay and oviposition behavioral assays against Drosophila suzukii adults. Next, we confirmed that trans-anethole was the most abundant constituent in sweet fennel essential oil using GC-MS. In addition, the results of the behavioral assays indicated that trans-anethole displayed comparable repellency against D. suzukii. Furthermore, an Orco knockout homozygous strain (Orco(-/-)) was generated using CRISPR-Cas9 genome editing, and the EAG responses of Orco(-/-) flies to sweet fennel oil and trans-anethole were completely abolished. The repellency elicited by sweet fennel oil and trans-anethole were also dramatically reduced. Taken together, these laboratory results not only reveal that sweet fennel oil holds potential in pest management but also demonstrate that its repellency is mediated by the Orco pathway."
"pubmed","42783260","10.3390/insects17090893","Laccase2-Mediated Mandibular Development Is Crucial for Larval Feeding Behavior in the Silkworm, Bombyx mori.","Zhu, Dalin; Sun, Chenxin; Liu, Yutong; Ye, Ling; He, Qingyun; Fang, Mengying; Lin, Bin; Tan, Anjiang; Ji, Xiaoxiao","Insects","2026-09-24","https://pubmed.ncbi.nlm.nih.gov/42783260/","The phenoloxidase gene Laccase2 (Lac2) is an indispensable survival gene in insects, playing key roles in cuticle tanning, exoskeleton development and pigment deposition. However, in lepidopteran insects, the roles of Lac2 in mandibular development and feeding behavior remain largely unexplored. In this study, we demonstrated that Lac2 is essential for mandibular development in early larvae of the model lepidopteran, the silkworm, Bombyx mori. We cloned and characterized BmLac2 and found that it is evolutionarily conserved in lepidopteran insects. Disruption of BmLac2 via CRISPR/Cas9 system induced mandibular defects, which directly impaired larval feeding behavior and culminated in developmental arrest and larval mortality. Moreover, knockout of BmLac2 led to dopamine accumulation during the dormancy stage, but the dopamine level returned to normal after molting, without altering feeding motivation in mutant larvae. Furthermore, RNA sequencing (RNA-seq) and quantitative real-time polymerase chain reaction (qRT-PCR) analyses revealed that loss of BmLac2 affected the expression of genes associated with cuticular formation and immunity, also contributing to larval mortality alongside feeding defects. Altogether, BmLac2-mediated mandibular development and cuticular melanization play key roles in regulating feeding behavior and immunity in early-stage silkworm larvae, making this gene a potential target for early intervention against lepidopteran pests."
"pubmed","42783150","10.3390/bios16090483","Microfluidic-Integrated CRISPR-Cas Biosensor for Marine Pollutant and Pathogen Monitoring: A Review.","Ali, Natalia Binti; Xiao, Yuting; Jin, Kuiyu; Wang, Yixuan; Zhao, Youquan","Biosensors","2026-09-24","https://pubmed.ncbi.nlm.nih.gov/42783150/","Marine ecosystems face escalating threats from heavy metals, harmful algal bloom toxins, pathogens, and antibiotic resistance genes, yet conventional detection methods remain laboratory-dependent and incapable of real-time, multiplexed field monitoring. CRISPR-Cas diagnostics, leveraging programmable Cas12a/Cas13a trans-cleavage for attomolar-level sensitivity, offers a transformative solution when integrated with microfluidic platforms that provide the automation and miniaturisation required for field deployment. This review systematically examines this emerging convergence across four marine target classes: heavy metals, biotoxins, pathogens, and resistance genes alongside integration architectures, signal readout strategies, and comparative performance benchmarking. We identify that only a small fraction of reported platforms have been validated in authentic seawater, with cross-class multiplexing, biofouling resistance during autonomous deployment, and regulatory standardisation remaining largely unaddressed. By synthesising this rapidly developing literature and articulating these unresolved challenges, this review provides a foundational reference and research agenda for translating microfluidic-CRISPR biosensors from laboratory proof-of-concept to operational marine environmental surveillance."
"pubmed","42783144","10.3390/bios16090477","Beyond Detection Limits: Integrated Biosensors for Molecular Diagnostics, Longitudinal Monitoring, and Clinical Translation.","Roy, Nilanjan; Powers, Michael; Gonzalez, Minelly; Cucullo, Luca","Biosensors","2026-09-24","https://pubmed.ncbi.nlm.nih.gov/42783144/","Biosensors are evolving from isolated analytical detectors into integrated systems for molecular diagnosis, longitudinal monitoring, dynamic tissue assessment, and clinical or preclinical decision support. This critical narrative review synthesizes literature from 2018 through July 2026 on biorecognition, biointerface engineering, transduction, wearable and microneedle architectures, CRISPR diagnostics, and sensor-integrated microphysiological systems. Unlike previous work that primarily classifies biosensors by analyte, recognition chemistry, or transduction modality, this review provides a unified translational framework that shifts evaluation from analytical sensitivity alone to the ability of systems to generate reliable, longitudinal, and clinically actionable information. A central distinction is made among snapshot assays, repeated discrete measurements, and genuine molecular trajectories, which require reversible recognition, controlled sampling, calibration, drift management, and temporal fidelity. Across applications, translational maturity depends on the measurement pathway. Continuous glucose monitoring remains the clearest benchmark because it combines durable chemistry, reproducible manufacture, workflow integration, and demonstrated clinical benefit. Other platforms have reached authentic-matrix testing, feasibility, prospective validation, or regulatory clearance but remain limited by fouling, matrix effects, calibration transfer, incomplete sample-to-answer operation, device variability, and insufficient manufacturing evidence. Future progress requires durable interfaces, claim-matched validation, reproducible scale-up, interoperable data systems, and measurements that remain trustworthy across time, users, devices, and settings."
"pubmed","42783141","10.3390/bios16090474","Research Advances and Future Perspectives of Point-of-Care Detection Technologies and Biosensors for Mosquito-Borne Viruses.","Bian, Erkang; Wang, Ruohang; Yin, Kun; Ding, Xiong","Biosensors","2026-09-24","https://pubmed.ncbi.nlm.nih.gov/42783141/","Mosquito-borne viruses, including dengue, Zika and chikungunya viruses, place a substantial burden on diagnostic services, especially where molecular laboratories are inaccessible or slow to return results. Point-of-care biosensors could reduce turnaround times and bring testing closer to patients in primary care, outbreak response, and field settings. This review critically examines nucleic acid amplification, CRISPR-assisted assays, lateral-flow platforms, microfluidic systems, electrochemical and optical biosensors, paper-based devices, and smartphone-enabled readouts. These technologies are evaluated in terms of sample preparation, analytical sensitivity and specificity, matrix interference, multiplexing, workflow integration, cost, and clinical validation. Overall, nucleic-acid-amplification and CRISPR-assisted platforms often achieve low reported detection limits under controlled conditions; lateral-flow and paper-based devices offer relatively simple and minimally instrumented workflows; and microfluidic, electrochemical, and smartphone-enabled systems support increasing levels of workflow integration, quantitative readout, and connectivity. However, few platforms currently integrate these advantages into a fully integrated and clinically validated ""sample-to-result"" workflow. Due to sample heterogeneity, viral strains, reference methods, assay conditions, and disparities in reporting practices, conducting meaningful cross-study comparisons remains challenging. Limited comparisons and insufficient prospective clinical and field validation further restrict the assessment of practical diagnostic utility. Therefore, strong analytical performance alone should not be interpreted as evidence of clinical validity. Priority directions include unified definitions of performance and reporting units, standardized validation protocols and external quality assessment, prospective multi-site evaluation using representative populations and specimens, and earlier consideration of manufacturing scalability, reagent stability, quality systems, and applicable regulatory requirements. Future platforms should integrate simplified sample preparation, multiplex detection, objective digital or AI-assisted interpretation, and secure connectivity while demonstrating measurable benefits for patient management and outbreak surveillance."
"pubmed","42782801","10.3390/cells15181701","AUG-Dependent Translation of Antisense Repeat Transcripts Contributes to Dipeptide Repeat Protein Production in C9ORF72 Expansion Carriers.","Almeida, Sandra; Gu, Yuanzheng; Kankel, Mark W","Cells","2026-09-24","https://pubmed.ncbi.nlm.nih.gov/42782801/","A hexanucleotide repeat expansion in C9ORF72 is the most common genetic cause of amyotrophic lateral sclerosis (ALS) and frontotemporal dementia (FTD). Bidirectional transcription of the repeat expansion generates sense and antisense RNAs that are translated into dipeptide repeat (DPR) proteins, but the mechanisms of translation initiation remain incompletely understood. Here, we used CRISPR-Cas9 genome editing and steric-blocking antisense oligonucleotides (ASOs) to investigate the role of AUG codons within the antisense repeat RNA. Deletion of an AUG-containing region upstream of the antisense repeats markedly reduced poly(GP) production without affecting antisense RNA levels, demonstrating that this sequence is required for efficient poly(GP) synthesis. We further found that unspliced sense transcripts containing the repeat expansion likely serve as templates for poly(GA) and poly(GR) production in motor neurons. Finally, ASOs targeting the antisense AUG-containing region reduced poly(PR) and poly(GP) levels without altering repeat RNA abundance, supporting a role for AUG-dependent translation of the antisense repeat RNA. These findings provide new insights into the mechanisms of DPR production and suggest that translation-blocking ASOs may represent a therapeutic strategy for C9ORF72-associated ALS/FTD."
"pubmed","42782748","10.3390/cells15181647","Beyond Precision: A Multidimensional Framework for Selecting Genetic Medicine Platforms.","Wieland, Jared; Jackson, Peyton; Penrod, William; Nadauld, Spencer; Barrott, Jared","Cells","2026-09-24","https://pubmed.ncbi.nlm.nih.gov/42782748/","Gene therapy is undergoing continued clinical translation and technological development. This progress has been marked by regulatory approvals and broadened therapeutic indications across genetic, metabolic, and oncologic diseases and disorders. The field has evolved over decades from early viral-mediated gene addition to approaches capable of targeted editing, regulation, or replacement of genetic information. These systems include base and prime editors, epigenetic modulators, CRISPR-Cas, RNA therapeutics and programmable integration platforms. When paired with increasingly sophisticated viral and nonviral delivery strategies, these technologies enable greater control over tissue targeting, duration of activity, and therapeutic exposure. Recent clinical successes, including approved ex vivo CRISPR-based therapies for hemoglobinopathies, in vivo CRISPR editing for transthyretin amyloidosis, and emerging clinical applications of base and prime editing, provide growing clinical evidence for the feasibility of genetic medicines. However, technological advancement has also made platform selection increasingly complex. Therapeutic performance is determined not by editing efficiency alone, but by the interaction among genetic precision, temporal control, dosage tunability, delivery efficiency, durability, and disease-specific safety requirements. A molecularly efficient platform may still have limited therapeutic value if it cannot reach the disease-relevant cell population at sufficient and safe exposure. In this review, we examine recent technological and clinical advances in genetic medicine with particular emphasis on developments during the past approximately five years. We propose a multidimensional framework in which gene therapy platforms are evaluated according to three intrinsic properties-genetic precision, temporal control, and dosage tunability-while delivery, clinical maturity, and disease context act as major translational constraints. This framework highlights that no single platform is universally optimal; rather, successful therapeutic design depends on matching the biological characteristics of the intervention to the requirements of the disease and target tissue. Remaining challenges in extrahepatic delivery, genomic safety, immunogenicity, manufacturing, and long-term monitoring remain important determinants of broader clinical implementation."
"pubmed","42782746","10.3390/cells15181645","Decoding PVAT Complexity in Vascular Remodeling: Multimodal Single-Cell Technologies Unveil Novel Therapeutic Targets.","Xu, Yujun; Bersi, Matthew R","Cells","2026-09-24","https://pubmed.ncbi.nlm.nih.gov/42782746/","Perivascular adipose tissue (PVAT) has emerged as a central regulator of vascular homeostasis in large arteries, with its dysfunction driving the pathogenesis of atherosclerosis, hypertension, and metabolic diseases. In the past, our understanding of PVAT was limited by bulk omics approaches that obscured the tissue's profound spatial, cellular, and functional heterogeneity. Here, we review how multimodal single-cell technologies, including single-cell RNA sequencing, spatial transcriptomics, and AI integration, are now decoding the PVAT ecosystem with unprecedented resolution. These approaches have generated an integrated atlas that reveals depot-specific cellular architectures, dynamic phenotypic plasticity, and spatially organized crosstalk between biological circuits that drive vasculopathy. We highlight novel biomarkers and actionable therapies emerging from these insights, such as Dpp4(+) preadipocytes and BMP4-induced browning. Finally, we propose a translational roadmap that prioritizes human PVAT biobanking, CRISPR-based lineage tracing, and AI-driven modeling to transform these mechanistic discoveries into precision interventions. Ultimately, by establishing PVAT as a central orchestrator of vascular homeostasis, these single-cell insights provide the mechanistic foundation to therapeutically intercept cardiometabolic disease at its cellular source."
"pubmed","42782528","10.1007/s00705-026-06738-7","A field deployable duplex RPA-CRISPR/Cas12a assay for rapid and sensitive detection of African swine fever virus.","Madhankumar, P; Sharma, Gaurav Kumar; Balaji, K G Sai; Singh, Kanchan; Dixit, Samridhi; Khandelwal, Shivali; Mahesh, Patil Ranjeet; Manju, Ruchi; Mathesh, Karikalan; Gupta, Praveen K; Agrawal, Ravi Kant; Mahajan, Sonalika","Archives of virology","2026-09-24","https://pubmed.ncbi.nlm.nih.gov/42782528/","African swine fever (ASF) is a notifiable transboundary disease of domestic pigs and wild suids that causes severe haemorrhagic fever, with high mortality, and substantial socio-economic losses worldwide. In the absence of effective vaccines or therapeutics, ASF control relies primarily on early diagnosis, strict biosecurity, and stamping-out strategies. In this study, we developed a rapid, field-deployable recombinase polymerase amplification (RPA)-CRISPR/Cas12a assay for the detection of African swine fever virus using both fluorescence- and lateral flow strip (LFS)-based readouts. The assay operates isothermally at 37  degrees  masculineC and enables rapid, equipment-free visual detection suitable for on-site testing. To improve diagnostic sensitivity and robustness, a dual-target approach was employed targeting the highly conserved C-terminal region of the p72 (B646L) gene and the early-expressing p22 (KP177R) gene. In the uniplex format, fluorescence-based assays achieved limits of detection of 10.18 and 13.68 copies/reaction for p72 and KP177R, respectively, whereas the LFS format detected 1,018 and 1,368 copies/reaction. Notably, the duplex RPA-CRISPR/Cas12a assay demonstrated enhanced sensitivity with detection limits of 1.02 copies/reaction in the fluorescence format and 102 copies/reaction in the LFS format. The assay showed 100% analytical specificity against other porcine viral pathogens and strong agreement with real-time PCR. Furthermore, lyophilized reagents formulated in a two-tube format retained their analytical performance after storage at 4  degrees C for one week, highlighting the platform's potential for decentralized ASF surveillance and outbreak response."
"pubmed","42782436","10.1007/s11033-026-12801-y","Towards precision antileishmanial drug discovery: Integrating multi-omics, functional genomics, artificial intelligence and host-directed therapeutics.","Topuz Ata, Derya; Ata, Anil; Odaci, Zeynep Tuba","Molecular biology reports","2026-09-24","https://pubmed.ncbi.nlm.nih.gov/42782436/","Leishmaniasis remains one of the most neglected tropical diseases, affecting millions of people worldwide and posing a substantial public health burden in endemic regions. Current treatment options are limited by toxicity, high costs, prolonged treatment regimens, treatment failure, and the increasing emergence of drug-resistant parasites. Moreover, the remarkable genomic plasticity and adaptive capacity of Leishmania species, driven by mosaic aneuploidy and copy number variation, complicate durable target identification and underscore the need for precision-oriented therapeutic approaches. Recent developments in multi-omics strategies, CRISPR-based genome engineering, artificial intelligence, and host-directed therapeutics are transforming precision antileishmanial drug discovery. In this review, we explore how multi-omics technologies uncover pathways involved in parasite survival, virulence, and drug resistance. We examine the contributions of CRISPR-based technologies to functional genomic screening, target validation, and investigation of resistance mechanisms. Complementing these approaches, AI-assisted predictive modelling supports target prioritisation, virtual screening, and structure-guided drug discovery. We also discuss host-directed immunotherapy as a complementary strategy to parasite-directed therapies. Particular focus is placed on high-priority therapeutic pathways regulating redox homeostasis, sterol biosynthesis, MAP kinase signalling, mitochondrial electron transport, and arginine metabolism. Taken together, these strategies offer an integrated framework connecting target discovery, functional validation, computational prioritisation, and host immune modulation, while supporting a precision-oriented approach for the development of safer, more efficient, and resistance-resilient antileishmanial therapies."
"pubmed","42782417","10.1007/s11064-026-04879-4","Characterization of Cellular Alterations in a Novel NAGLU Enzyme-Deficient Cellular Model Generated from U-87MG Cell Line.","Nino-Traslavina, Katherin D; Suarez, Diego A; Sanchez, Oscar F; Espejo-Mojica, Angela J; Almeciga-Diaz, Carlos J","Neurochemical research","2026-09-24","https://pubmed.ncbi.nlm.nih.gov/42782417/","Mucopolysaccharidosis IIIB (MPS IIIB) is an inherited metabolic disorder caused by mutations in NAGLU gene, resulting in the accumulation of heparan sulphate in lysosomes and cell membranes. This accumulation leads to cellular dysfunction, apoptosis, tissue damage, and organ failure. MPS IIIB is considered a neurodegenerative disease that causes motor impairment, developmental delay, sleep disturbance, and dementia. This is usually diagnosed around 3-4 years of age with an incidence of 1 per 200,000 live births. Current research focuses on cellular defects in the central nervous system, particularly in neurons. Conversely, the effects on glial cell types, such as microglia and astrocytes, which play a key role in brain homeostasis, remain unknown. Currently, there is not any glial cell model that allows us to assess different therapeutic strategies. In this study, we generated a glial cell model deficient in the NAGLU enzyme via CRISPR/Cas9 editing system in the U-87MG cell line. Characterization of this cellular model exhibited typical traits for MPS IIIB, including decreased enzyme activity and mitochondrial mass, as well as increased lysosomal mass, neutral lipids, total glycosaminoglycans, and total reactive oxygen species, along with an altered autophagy flux. Thus, it is expected that this model will contribute to the development and assessment of therapeutic strategies, as well as a better understanding of the molecular and cellular basis of MPS IIIB."
"pubmed","42782408","10.1007/s10735-026-10982-1","Deletion of the mouse myocardial Nppb gene alleviates sepsis-induced myocardial dysfunction.","Qiu, Jinjia; Xu, Haojie; Yu, Jianjun; Chen, Guanhua; Ruan, Ning; Zeng, Kai","Journal of molecular histology","2026-09-24","https://pubmed.ncbi.nlm.nih.gov/42782408/","Sepsis-induced myocardial dysfunction (SIMD) and related myocardial fibrosis (MF) contribute to poor cardiovascular outcomes. Whether the role of Nppb in this process remains unknown. This study aimed to investigate the effect of Nppb on MF in SIMD. Myocardial-specific Nppb conditional knockout (CKO) mice were generated using CRISPR/Cas9, and 8-week-old male mice were divided into control, sepsis, CKO control, and CKO sepsis groups. Cardiac function, histopathology, myocardial injury markers, endothelial-to-mesenchymal transition (EndMT)-related gene expression, and Notch1 signaling were measured. Nppb CKO alleviated myocardial injury, improved left ventricular systolic function, attenuated myocardial structural damage, suppressed EndMT, and increased survival in septic mice. Myocardial expression of Notch1 and Notch Intracellular Domain (NICD) was reduced in the LPS group but restored by Nppb CKO. In conclusion, myocardial Nppb deficiency protects against SIMD by maintaining cardiac contractility and structural stability, with associated changes in the Notch1 signaling pathway. Inhibiting Nppb may represent a potential therapeutic strategy for sepsis-related myocardial injury."
"pubmed","42782284","10.1182/bloodadvances.2026019911","A CRISPR-Based Humanized Model Reveals Cooperative Role of STAG2 Loss in Familial GATA2-Deficient MDS Progression.","Freed, Grace; Quijada Alamo, Miguel; Lee, Linda; Wang, Ke; Poddar, Nikita; Autar, Subrina; Carcamo, Saul; Fiore, Persephone; Kim, Emma K; Martinez, Isabella G; Zhang, Mimi; Saniei, Shayan; Chao, Clifford; Mekerishvili, Levan; Diaz, Zayna Jinan; Ma, Sai; Hasson, Dan; Wagenblast, Elvin","Blood advances","2026-09-24","https://pubmed.ncbi.nlm.nih.gov/42782284/","Myelodysplastic syndrome (MDS) is a heterogeneous myeloid malignancy driven by hematopoietic stem cell dysfunction, leading to ineffective hematopoiesis and cytopenias. Familial GATA2 deficiency is the most common cause of Myelodysplastic syndrome in adolescents, with progression often accelerated by co-occurring mutations, notably STAG2 loss-of-function. Using CRISPR/Cas9-mediated genome engineering in primary human fetal liver-derived hematopoietic stem cells and xenotransplantation in mice, we modeled GATA2-deficient Myelodysplastic syndrome with acquired STAG2 loss to investigate disease initiation and progression. While GATA2 deficiency alone had minimal short-term impact in our model, combined GATA2 and STAG2 loss increased hematopoietic stem cell maintenance and self-renewal, induced a myeloid-lineage bias, and expanded primitive progenitors. Single-cell transcriptional profiling revealed upregulation of stemness genes and inflammatory pathways. This humanized model faithfully recapitulates high-risk GATA2-deficient Myelodysplastic syndrome, providing mechanistic insight into how cooperative mutations drive stem cell expansion, inflammatory signaling, and myeloid skewing."
"pubmed","42782117","10.1128/mra.00886-26","Complete genome sequences of 22 Staphylococcus spp. bacteriophages isolated from a single swine farm environment in Quebec, Canada.","Chhanda, Mousumi Sarker; Ladhari, Eya; Zerillo, Laura; Paquet, Valerie E; St-Laurent, Rebecca E; Marcoux, Pierre-Etienne; Turmel, Audrey; Denicourt, Martine; Lambert, Marie-Eve; Vincent, Antony T; Charette, Steve J","Microbiology resource announcements","2026-09-24","https://pubmed.ncbi.nlm.nih.gov/42782117/","Twenty-two bacteriophages infecting Staphylococcus spp. were isolated from water and manure collected on a Quebec swine farm affected by exudative epidermitis. Phylogenetic analysis of their genomes showed that 20 of them clustered into two groups, Twort- and ShyM-like. No CRISPR-Cas systems, antimicrobial resistance determinants, or virulence genes were identified."
"pubmed","42781968","10.1111/pce.70913","Integrated Strategies for Saline-Alkali Soil Remediation and the Development of Salt-Alkali-Tolerant Crops.","Wenjing, Zhang; Zhen, Wang; Xinyue, Du; Ning, Xu; Lili, Zhang; Zhaoming, Qi; Xue, Han","Plant, cell & environment","2026-09-24","https://pubmed.ncbi.nlm.nih.gov/42781968/","Soil salinization is a major threat to global food security and sustainable agriculture, soil salinization affects approximately 8.31 x 10(8) hm(2) of soil resources globally. The remediation and productive use of saline-alkali land have therefore become urgent global challenges. This review summarises the classification and global distribution of saline-alkali soils and critically compares physical, chemical, microbial, and phytoremediation strategies. It then examines the physiological, cellular, and molecular mechanisms that support plant salt and alkali tolerance, with emphasis on ion transporters that maintain ion homoeostasis, the interactions among phytohormone pathways, including ABA, JA, and GA, in balancing growth and stress responses, and the contribution of epigenetic regulation to stress adaptation. Although substantial progress has been made in identifying salt-alkali-tolerance genes and developing soil amendments, a considerable gap remains between laboratory-based studies and field-level yield improvement. Future progress will depend on moving from single-factor seedling assays to field-based yield validation, combining CRISPR/Cas-mediated genome editing with microbiome engineering, and addressing the socioeconomic feasibility of large-scale remediation. Integrated strategies that link soil improvement, crop genetics, microbial regulation, and field management can provide both theoretical insights and practical guidance for sustainable agriculture in saline-alkali environments."
"pubmed","42781958","10.1002/ctm2.70764","CRISPR-Cas9 and precision editing technologies linking functional genomics to clinical translation in genetic diseases.","Wen, Zijing; Su, Jianming","Clinical and translational medicine","2026-09-24","https://pubmed.ncbi.nlm.nih.gov/42781958/","BACKGROUND: CRISPR-Cas9 and derivative precision-editing platforms increasingly connect pathogenic variant interpretation with functional genomics and therapeutic development in genetic diseases. This narrative review focuses on a variant-mechanism-driven framework for matching editing strategies to mutation structure, functional consequence, disease-model evidence, delivery feasibility, safety risk, and translational readiness. MAIN BODY: The review summarizes how monogenic, polygenic, coding, non-coding, mitochondrial, and complex disease contexts influence the choice of canonical Cas9 editing, base editing, prime editing, Cas variants, CRISPR interference/activation, epigenome editing, and disease-model systems. It further compares ex vivo and in vivo delivery routes, safety assessment strategies, immunogenicity and genotoxicity concerns, and clinical implementation barriers, including CMC/manufacturing scalability, long-term follow-up, affordability, and regulatory oversight. Current evidence supports the clinical maturity of ex vivo hematopoietic editing, whereas most in vivo and precision-repair approaches remain constrained by delivery, durability, product heterogeneity, and safety uncertainties. CONCLUSION: The central conclusion is that future CRISPR-based interventions should be judged not only by editability, but by whether molecular correction can be translated into durable, safe, manufacturable, and clinically meaningful benefit."
"pubmed","42781794","10.1021/acssensors.6c01888","Diagnostics for Hemorrhagic Fever Viruses: Lassa Fever as an Example.","Dhar, Bidhan; Espinoza, Nallely; Farzani, Touraj; Baudi, Ian; Nosamiefan, Dolo; Garcia, Coby Y; Allan-Blitz, Lao-Tzu; Samani, Pedram; Happi, Christian; Sabeti, Pardis","ACS sensors","2026-09-24","https://pubmed.ncbi.nlm.nih.gov/42781794/","Lassa virus (LASV) causes severe hemorrhagic fever across West Africa where the development of rapid, accurate diagnostics remains hindered by the extensive lineage-level genetic diversity and by the limited availability of high-level containment laboratories. We developed a LASV assay using the CRISPR-based Streamlined Highlighting of Infections to Navigate Epidemics (SHINE) platform to enable safe, field-deployable detection. To enable assay development without handling live virus, we established a plasmid-based system that generates LASV RNA controls spanning major viral lineages. Using these surrogate plasmids, we optimized the assay for 32 genetically distinct LASV isolates, demonstrating detection across major lineage subdivisions with lineage-dependent sensitivity. The assay maintained sensitivity in serum and whole blood, and was further evaluated using clinical samples in Nigeria. To reduce subjectivity in strip interpretation, we developed supervised machine-learning models for automated classification of lateral flow results. Together, this integrated diagnostic framework supports field-oriented detection of genetically diverse LASV and provides a broader approach for diagnostic development for high-consequence RNA viruses."
"pubmed","42781774","10.1177/00220345261478577","Dmp1 Knock-in Mice Faithfully Report and Manipulate Dmp1-Expressing Cells.","Wang, T H; Yang, M; Liu, Y; Jin, Y; Hu, Y J; Yang, Y","Journal of dental research","2026-09-24","https://pubmed.ncbi.nlm.nih.gov/42781774/","Dentin, the primary structural component of teeth, is a mineralized tissue formed by odontoblasts, which strongly express the Dmp1 gene. Dmp1 is also expressed in osteocytes, making it a valuable marker for studying bone biology and diseases. Transgenic mouse lines expressing Cre, CreER, or fluorescent reporters such as GFP under the control of 8-kb or 10-kb Dmp1 promoters have been widely used to investigate gene functions in odontoblasts and osteocytes. However, the transgenic models exhibit ectopic expression, and reporter signals are often reduced in mature odontoblasts, limiting their utility for lineage tracing and studies of terminal differentiation. To address these limitations, we generated 2 novel knock-in mouse lines, Dmp1(CreERT2) and Dmp1(ZsGreen), using CRISPR-Cas9-mediated genome editing. In both models, an internal ribosome entry site (IRES)-CreERT2 or IRES-ZsGreen cassette was inserted into the 3' untranslated region (UTR) of the endogenous Dmp1 locus. This design preserves normal Dmp1 expression while permitting robust, Dmp1-specific expression of CreERT2 or ZsGreen in odontoblasts and cementoblast/cementocytes. By maintaining endogenous regulatory control, these knock-in lines eliminate the ectopic transgene expression commonly observed in transgenic mice generated by injecting the promoter-driven constructs. The Dmp1(ZsGreen) line enables direct visualization of Dmp1-expressing odontoblasts and cementoblasts/cementocytes, while the Dmp1(CreERT2) line allows inducible genetic manipulation in these cells in vivo. Together, these models provide faithful tools for investigating the cellular and molecular mechanisms regulating dentinogenesis and osteocyte biology, as well as for studying dental and alveolar bone tissues, with potential applications in craniofacial biology."
"pubmed","42781626","10.1093/hr/uhag181","The novel function of the bZIP transcription factor VSF-1 in mediating fruit firmness in tomato.","Wang, Chunfeng; Zhang, Kangchi; Lv, Shouzheng; Lin, Yifan; Su, Guanqing; Liu, Zimeng; Lin, Xiahui; Shu, Xiu; He, Zhiren; Bouzayen, Mondher; Hu, Guojian; Shi, Yanna; Chen, Kunsong","Horticulture research","2026-09-24","https://pubmed.ncbi.nlm.nih.gov/42781626/","Fruit firmness is a critical quality trait primarily governed by the structure and composition of the cell wall. While extensive research has focused on firmness dynamics during fruit ripening, the regulatory mechanisms governing its establishment during early fruit development remain poorly understood. Previous studies have demonstrated that VASCULAR SPECIFICITY FACTOR 1 (VSF-1), a member of the bZIP family, is activated in vitro by the key fruit softening regulator LOB1, suggesting its potential role in the regulation of fruit firmness. In this study, we generated both CRISPR-Cas9-mediated knockout and overexpression lines in tomato; functional analysis revealed that the loss of VSF-1 function reduced fruit firmness, whereas its overexpression enhanced it, thereby establishing VSF-1 as a positive regulator of firmness. By integrating transcriptomic and DNA affinity purification sequencing profiling, we delineated the VSF-1-controlled gene regulatory network associated with cell wall remodeling and identified the beta-galactosidase gene, TBG6, as a direct target. Our findings uncover a novel role for VSF-1 in the transcriptional regulation of tomato fruit texture, underscore the functional diversification within the Solanaceae bZIP subfamily I, and provide new insights into the genetic improvement of fruit quality."
"pubmed","42781594","10.2147/IJN.S622990","Bioinspired and Biomimetic Nanocarriers: Advances in Exosomes and Cell-Membrane-Coated Systems for Therapeutic Applications.","El-Tanani, Mohamed; Rabbani, Syed Arman; Wali, Adil Farooq; El-Tanani, Yahia; Zakaraya, Zainab; Kumar, Rakesh; Sharma, Shrestha","International journal of nanomedicine","2026-09-24","https://pubmed.ncbi.nlm.nih.gov/42781594/","The translation of nanomedicine from bench to bedside has been thwarted by the limitations of conventional synthetic nanoparticles including rapid mononuclear phagocyte system (MPS) clearance, lack of target specificity, immunogenicity and poor intracellular delivery. To overcome these limitations, bioinspired and biomimetic nanocarriers are emerging as the next generation of therapeutic platforms. Bioinspired systems replicate the core biological design principles with engineered synthetic materials and biomimetic platforms use natural biological components such as cell membranes and extracellular vesicles. We herein review recent advances in bioinspired design strategies including hybrid bio-synthetic systems, and two major classes of biomimetic nanocarriers; (1) cell membrane-coated nanoparticles (CM-NPs), focusing on self-assembly approaches and their improved features over conventional fabrication methods, and (2) exosomes and extracellular vesicles (EVs), including engineered exosomes, membrane-derived vesicles, and core-shell hybrid nanocarriers. The biogenesis and isolation of exosomes and strategies for loading drugs into exosomes are discussed in depth. In particular, homotypic targeting, CD47 surface protein-mediated immune evasion, and therapeutic drug release in response to the tumor microenvironment are highlighted. Therapeutic applications of biomimetic nanocarriers in cancer, gene delivery (siRNA, mRNA, CRISPR-Cas9), neurological disorders and inflammatory diseases are covered in detail. We then discuss the challenges to translation including scalability, lot-to-lot batch reproducibility, storage stability, immunogenicity and regulatory hurdles. For the future, we discuss the role of artificial intelligence in the design of nanocarriers and personalized nanomedicine. This review outlines the advantages and disadvantages of biomimetic nanocarriers to aid in the rational design of nanomedicine for clinical translation."
"pubmed","42781505","10.1016/j.ijpx.2026.100664","New insights into breast cancer therapy: application and mechanisms of novel targeted nano-formulation.","Li, Rui-Chao; Sun, Ze-Yuan; Li, Si-Nian; Lu, Ling; Kong, Ling-Qing; Xie, Xiao-le; Zuo, Ru-Nan","International journal of pharmaceutics: X","2026-09-24","https://pubmed.ncbi.nlm.nih.gov/42781505/","As the most common malignant tumor among women worldwide, breast cancer poses substantial challenges to the effectiveness of conventional therapies because of its molecular and pathological heterogeneity, high invasiveness, and strong metastatic potential. Novel targeted nanocarrier systems can achieve efficient drug accumulation at tumor sites and precise intracellular delivery through the synergistic integration of the enhanced permeability and retention effect and surface-engineered active targeting ligands. This review systematically summarizes targeted nanomedicines constructed from mainstream carriers, including polymeric, metallic, and biomimetic nanoparticles. In terms of combinational therapeutic mechanisms, these nanomedicines can synergize with immunotherapy by activating the cGAS-STING pathway, blocking the CD47 ""don't eat me"" signal, and promoting the polarization of tumor-associated macrophages from the M2 to the M1 phenotype; they can enhance photodynamic and sonodynamic therapies by delivering photosensitizers or sonosensitizers to generate reactive oxygen species and induce immunogenic cell death. Moreover, they can protect gene therapeutics from degradation by encapsulating nucleic acid cargos such as siRNA, mRNA, and CRISPR-Cas9, thereby facilitating gene silencing and overcoming drug resistance. This review further focuses on the design principles of stimulus-responsive smart drug delivery systems and discusses the future prospects of artificial intelligence-assisted optimization strategies for nanomedicine development."
"pubmed","42781469","10.48130/els-0026-0001","Transposon-derived genome editors in plants: from compact nucleases to large-fragment integration and regeneration strategies.","Jiao, Xuemin; Chen, Wenhua; Lv, Zongyou; Chen, Wansheng","Engineering in life sciences","2026-09-24","https://pubmed.ncbi.nlm.nih.gov/42781469/","CRISPR/Cas technology has been transformative for genome editing, enabling the precise integration of large DNA fragments-a capability essential for advanced genome (re)writing in plants, such as for trait stacking and pathway engineering. However, several new RNA-guided systems derived from transposable elements (TEs) have shown promise for plant genome editing, thereby enriching the toolkit available for plant engineering. This review comprehensively analyzes these emerging TE-based editors, including OMEGA nucleases (TnpB, IscB, Fanzor), CRISPR-associated transposases (CASTs), and R2 retrotransposon-derived systems. We detail their distinct architectures, evolutionary origins, and unique advantages over traditional Cas9, such as their compact size, simplified guide RNAs, and staggered DNA cleavage. We critically evaluate their nascent applications in plant models, highlighting ongoing challenges in editing efficiency, delivery, and specificity. Notably, CASTs and R2 retrotransposon-derived systems show particular promise for programmable large-fragment DNA integration, offering potential solutions for next-generation plant genome writing applications. We also examine the critical link between genome editing and plant regeneration, discussing phytohormonal and morphogenic regulators (e.g., BBM, WUS), and innovative tissue-culture-free methods, such as Cut-Dip-Budding. By comparing their merits and limitations, we position these systems not as replacements but as complementary tools within an expanding genome-editing toolkit. Integrating optimized TE-based editors with robust regeneration strategies is poised to unlock new frontiers in plant synthetic biology and crop improvement."
"pubmed","42780917","10.1016/j.omtn.2026.103084","Cas12a chRDNA-mediated in vivo genome editing for high specificity functional gene disruption.","Losa, Marta; Rajmane, Prachi; Stanaway, Morena; Coons, Mary; Munoz, Antonio; Garish, Vaibhavi; Tan, Brandon; Thompson, Matt; Gonzalez, Rachel; Churchward, Glen; Owen, Arthur L G; Taylor, Jack; An, Zili; Donohoue, Paul D; Gradia, Scott; Rahdar, Meghdad; Kanner, Steven B","Molecular therapy. Nucleic acids","2026-09-24","https://pubmed.ncbi.nlm.nih.gov/42780917/","CRISPR hybrid guides containing a combination of RNA and DNA nucleotides (CRISPR hybrid RNA-DNA or chRDNA) enhance both Cas9 and Cas12a nuclease specificity and reduce off-target editing in vitro. CRISPR-Cas9 with all-RNA crRNA guides has been implemented for in vivo intervention of familial hypercholesterolemia, an inherited autosomal dominant disorder exhibiting high circulating low-density lipoprotein cholesterol, and transthyretin amyloidosis, a progressive life-threatening disease characterized by accumulation of misfolded transthyretin protein leading to neurodegeneration or cardiomyopathy. We targeted three clinically validated genes, Pcsk9, Angptl3, and Ttr, that address these indications using our Cas12a chRDNA genome-editing technology delivered in lipid nanoparticles (LNP). A single intravenous dose of LNP-encapsulated Cas12a mRNA with a chRDNA guide led to high editing efficiencies without detectable off-target editing, corresponding with near-complete reduction of all three targeted plasma proteins in wild-type mice. Additionally, Pcsk9 and Angptl3 knockouts were accompanied by reductions of plasma cholesterol. No liver toxicity, chronic cytokine release, off-target editing, or on-target editing in non-hepatic tissue was observed in rodents administered high doses. We propose that LNP-delivered Cas12a mRNA and chRDNA is a safe, highly specific, and powerful tool for genome editing in vivo."
"pubmed","42780916","10.48130/els-0026-0003","Generating drought- and salt-tolerant tomato germplasm through bioengineering of the ethylene response factor SlERF.J2.","Chen, Ya-Nan; Huang, Si-Yu; Wang, Zi-Yi; Sun, Yi-Han; Wang, Bao-Ying; Gao, Jun; Wan, Fa-Xiang; Tao, Jian-Ping; Zhuang, Jing; Wang, Guang-Long; Xiong, Ai-Sheng","Engineering in life sciences","2026-09-24","https://pubmed.ncbi.nlm.nih.gov/42780916/","Drought and salinity are key abiotic constraints limiting the growth, development, and yield of tomato (Solanum lycopersicum). Ethylene response factors are crucial regulators that govern plants' adaptation to diverse abiotic and biotic stress stimuli. Nevertheless, the exact role of SlERF.J2 in abiotic stress resistance remains unclear. In this study, clustered regularly interspaced short palindromic repeats (CRISPR)/CRISPR-associated protein 9 gene-editing technology was used to generate slerf.j2 knockout tomato lines to clarify the biological function of SlERF.J2 in regulating tomato's responses to drought and salt stress. The results revealed that deletion of SlERF.J2 markedly enhanced tomato seedlings' resistance to polyethylene glycol 6000-induced drought, mannitol, and salt stresses. Compared with the wild-type (WT), the knockout lines exhibited significantly increased peroxidase activity and leaf relative water content, as well as markedly decreased contents of hydrogen peroxide and malondialdehyde. After stress treatment, the expression levels of genes associated with the stress response, flavonoid biosynthesis, chlorophyll biosynthesis, light response, cell division, and hormone biosynthesis in SlERF.J2-edited tomato lines were significantly higher than those in WT plants. A yeast one-hybrid assay confirmed the direct interaction between SlERF.J2 and the SlCPS promoter. Collectively, this study clarifies the important function of SlERF.J2 in regulating drought and salt stress tolerance in tomato, providing genetic resources for tomato breeding."
"pubmed","42780569","10.3389/fonc.2026.1921228","A PDGFRB-CD44-MIF crosstalk promotes cancer-associated cellular phenotypes in ATRT-TYR/MYC cell lines.","Choutri, Yacine A; Xu, Liming; Yao, Fupan; Huang, Annie","Frontiers in oncology","2026-09-24","https://pubmed.ncbi.nlm.nih.gov/42780569/","OBJECTIVE: Atypical teratoid/rhabdoid tumor (ATRT) is the most common brain tumor in children less than one-year-old. Previous studies have identified three epigenetic subgroups of ATRT: ATRT-SHH, ATRT-TYR, and ATRT-MYC. Interestingly, it was found that ATRT-TYR/MYC (mesenchymal) subgroups are sensitive to receptor-tyrosine kinase inhibitors (RTKIs), particularly those that inhibit the platelet-derived growth factor receptor B (PDGFRB), highlighting the importance of PDGF signaling in ATRTs. In addition, the ATRT-TYR/MYC subgroups show upregulation of the macrophage migration inhibitory factor (MIF), with dysregulation of the MIF signaling pathway, which was found to have immunosuppressive effects in other cancers. While PDGF and MIF pathways have been found to promote tumorigenesis of other cancers including glioma, their roles in ATRTs remain unknown. We hypothesized that PDGF and MIF signaling pathways contribute to maintaining malignant phenotypes in ATRT-TYR/MYC subgroups. METHODS: To test this hypothesis, our project aimed to characterize PDGF signaling and investigate PDGF-MIF crosstalk in ATRT-TYR/MYC subgroups, using CRISPR/Cas9 stable knockouts (KOs) of various PDGF receptor and ligands. RESULTS: We have shown that the PDGF pathway primarily promotes maintenance of malignant phenotypes in ATRT-TYR/MYC via modulation of the cell cycle. Furthermore, our studies reveal a plausible PDGFRB, MIF, and CD44 oncogenic signaling axis, that could modulate invasion and cellular phenotypic plasticity in ATRT-TYR/MYC, via regulation of neural stemness and epithelial-mesenchymal transition (EMT) marker expression. CONCLUSIONS: Our collective study findings point to an important role for PDGFRB-MIF-CD44 signaling in the maintenance of malignant cellular phenotypes in ATRT-TYR/MYC cell lines."
"pubmed","42780230","10.3389/fcimb.2026.1927910","Editorial: Neglected tropical diseases: drug targets and potential treatments.","Kaushik, Sanket; Mishra, Biswajit; Kumar, Sanjit; Srivastava, Vijay Kumar","Frontiers in cellular and infection microbiology","2026-09-24","https://pubmed.ncbi.nlm.nih.gov/42780230/",""
"pubmed","42780226","10.3389/fpls.2026.1948764","Structure-guided identification of catalytic determinants in ZmGA20ox enables rational CRISPR target selection for gibberellin engineering in maize.","Kumar B V, Uday; H S, Sowmya; Praba, U Preethi; P S, Gajala; Kaur, Jessica; S, Shashank; Sandhu, Surinder K; Sharma, Priti; Rangu, Chandrashekar; Vikal, Yogesh","Frontiers in plant science","2026-09-24","https://pubmed.ncbi.nlm.nih.gov/42780226/","Gibberellin 20-oxidase is a key enzyme controlling gibberellin biosynthesis and represents an attractive target for engineering plant architecture and drought tolerance in maize. In this study, we developed a structure-guided computational workflow to investigate functionally important residues in maize gibberellin 20-oxidase 3 (ZmGA20ox3), integrating AI-based structural prediction, molecular docking, molecular dynamics simulations, and in vitroCRISPR/Cas9 guide RNA cleavage analysis. Structural analysis revealed the conserved Fe(2)(+)-binding catalytic triad (His147-Asp149-His166) surrounded by an aromatic substrate-recognition pocket comprising Phe151, Trp157, and Phe163. Docking analyses showed that native gibberellin substrates and the co-substrate 2-oxoglutarate occupied the predicted catalytic cavity, while prohexadione exhibited the most favourable predicted docking score among the tested ligands. Computational mutagenesis revealed generally less favourable predicted docking scores for the catalytic-site substitutions H147A, D149A, and H166A, whereas substitutions at aromatic substrate-recognition residues produced ligand-dependent effects. Subsequent 100 ns molecular dynamics simulations revealed distinct ligand-dependent conformational behaviours, with H147A affecting the stability of the predicted catalytic environment, whereas W157A primarily influenced ligand accommodation within the substrate-binding pocket. MM/GBSA analyses further indicated that favourable predicted ligand interactions do not necessarily imply a catalytically competent active-site configuration, highlighting the importance of productive active-site organization. Finally, in vitro CRISPR/Cas9 cleavage assays demonstrated sequence-specific cleavage of guide RNAs targeting the ZmGA20ox3 regions containing H147 and W157, supporting the feasibility of targeting these sites in subsequent genome-editing experiments. Collectively, this study provides structure-guided computational insights into the potential roles of key residues in ZmGA20ox3 and establishes a predictive framework for prioritizing candidate residues for future biochemical and genome-editing validation."
"pubmed","42780087","10.3389/fsysb.2026.1859256","Covariate-adjusted AP-1 motif architecture and footprinting track olaparib-adaptive chromatin remodelling.","Dutta, Subhajit","Frontiers in systems biology","2026-09-24","https://pubmed.ncbi.nlm.nih.gov/42780087/","Transcription-factor involvement in drug-adaptive chromatin remodelling is often inferred from motif enrichment in differential ATAC-seq peaks, but such analyses can be distorted by sequence composition, peak length, baseline accessibility and redundant motif models. We reanalysed 105,048 consensus ATAC-seq peaks from an olaparib-adapted Kuramochi ovarian-cancer continuum using HOMER-calibrated AP-1/bZIP models with coordinate-level de-duplication. At T320, 27,154 peaks gained and 30,050 lost accessibility. AP-1 motif-occurrence density remained higher in gained chromatin under complementary adjustments: an all-peak spline-adjusted Poisson model gave a rate ratio of 1.90 (95% CI 1.80-2.01), overlap weighting gave 1.95 (1.82-2.11), and 14,046 covariate-matched pairs gave 1.97 (1.90-2.05). Following 35,325 fixed motif-positive/motif-negative peak pairs across the adapted series showed a positive accessibility trend of 0.0363 contrast units per dose doubling (95% CI 0.0195-0.0531). Raw paired-end ATAC-seq footprinting provided an orthogonal signal: AP-1 motif intervals scored above same-length motif-free controls selected within the same accessible peaks in every sample, and the AP-1-specific footprint score increased by 0.00509 per dose doubling after replicate adjustment (HC3 95% CI 0.00081-0.00937; exact stratified permutation P = 0.00211). In a matched-background genome-wide scan, related AP-1/bZIP models occupied the nine highest ranks. Within gained chromatin, motif-positive peaks showed greater adjusted overlap with pooled public AP-1 summits (OR 3.82, 95% CI 3.52-4.15); after collapsing related files by study, 71 study clusters gave a random-effects OR of 2.68 (2.51-2.87), with substantial heterogeneity and a prediction interval of 1.58-4.54. Multi-model single-cell and independent bulk-RNA analyses indicated context-dependent downstream AP-1 output, whereas the two valid comparable drug-free CRISPR contrasts were not FDR-significant. Exploratory nearest-TSS mapping of AP-1-rich gained peaks identified 899 protein-coding genes; recurring GO, Reactome and KEGG themes and STRING associations were used only to provide qualitative, hypothesis-generating functional context. Together, the data support a robust association between AP-1-compatible chromatin architecture and olaparib adaptation, while not establishing AP-1 occupancy, necessity or sufficiency in the studied cells."
"pubmed","42779981","10.64898/2026.09.17.752154","Plscr1 inhibits murine norovirus entry.","Baggett, Nina S; Pierce, Linley R; Orchard, Robert C","bioRxiv : the preprint server for biology","2026-09-24","https://pubmed.ncbi.nlm.nih.gov/42779981/","Noroviruses are a leading cause of gastroenteritis worldwide, yet host factors that restrict norovirus replication are not well understood. By mining both CRISPR activation and CRISPR knockout genome-wide screens, we identified the interferon-stimulated gene Plscr1 as a restriction factor for murine norovirus (MNV). Plscr1 inhibits the fusion of enveloped viruses with endocytic membranes, making its antiviral activity against the nonenveloped MNV surprising. Here, we demonstrate that Plscr1 is both necessary and sufficient to restrict MNV infection in vitro and contributes to the control of colonic infection in mice. Mechanistically, we determined that Plscr1 inhibits MNV entry at a post-attachment step. A single amino acid substitution in the minor capsid protein VP2 confers resistance to Plscr1. Because VP2 delivers viral RNA by puncturing endocytic membranes during calicivirus entry, these findings implicate a late entry step targeted by Plscr1. Our results expand the antiviral activity of PLSCR1 to a nonenveloped virus and identify an unexpected point of convergence between enveloped- and non-enveloped-virus entry pathways."
"pubmed","42779965","10.64898/2026.09.17.752470","Split suppression gene drives reveal a design tradeoff between inheritance and reproductive load in Aedes aegypti.","Gendron, William A C; Smidler, Andrea L; Li, Ming; Wise, Tyler; Sanchez C, Hector M; Bennett, Jared B; Raban, Robyn; Marshall, John M; Akbari, Omar S","bioRxiv : the preprint server for biology","2026-09-24","https://pubmed.ncbi.nlm.nih.gov/42779965/","Mosquito-borne pathogens cause approximately 700,000 deaths annually, highlighting the need for effective and sustainable vector control strategies. CRISPR-based gene drives offer a potential approach for suppressing disease-vector populations, but autonomous drives may spread beyond intended populations. Split gene drives, in which the Cas9 and guide RNA components are genetically separated, provide an inherently confinable alternative because biased inheritance depends on the co-occurrence of both components. Here, we develop the first split suppression gene drives in Ae. aegypti, targeting the female reproductive genes doublesex (dsx) and yellow-g (yg). The yg-targeting drive exhibited moderate super-Mendelian inheritance, reaching 73.4% transmission in the highest-performing cross, whereas the dsx-targeting drive exhibited little detectable inheritance bias. Conversely, disruption of dsx imposed substantially stronger reproductive fitness costs, including complete sterility in homozygous females, whereas yg disruption produced a less severe fertility phenotype. Mathematical modeling parameterized with these experimental data predicted that three of four split-drive configurations could achieve population suppression at lower release intensities or shorter release durations than pgSIT across portions of the modeled parameter space. Together, these results reveal that inheritance efficiency and reproductive load can impose competing constraints on split suppression drive performance: stronger suppression-associated fitness effects do not necessarily translate into improved drive performance when accompanied by limited drive propagation. Our findings establish the feasibility of split suppression gene drives in Ae. aegypti and demonstrate that effective suppression drive design requires balancing inheritance efficiency with reproductive fitness costs rather than maximizing either independently."
"pubmed","42779963","10.64898/2026.09.14.751110","PBF/PTTG1IP coordinates focal adhesion formation, polarity and cell motility.","Kocbiyik, Merve; Manivannan, Selvambigai; Banga, Davina; Hariharan, Aditi; El-Asrag, Mohammed E; Beggs, Andrew D; Garcia, Paloma; Larner, Dean P; Raja, Saroop; Pike, Jeremy A; Afzal, Afshan; Brookes, Katie; Nieto, Hannah R; Thomas, Steven G; Read, Martin L; McCabe, Christopher J; Smith, Vicki E","bioRxiv : the preprint server for biology","2026-09-24","https://pubmed.ncbi.nlm.nih.gov/42779963/","Directional cell migration requires cells to sense extracellular cues and coordinate adhesion, cytoskeletal remodelling and polarity, yet the molecular regulators that integrate these events remain incompletely defined. PTTG1-binding factor (PBF/PTTG1IP) is a transmembrane glycoprotein extensively characterised in pathological overexpression and cancer models, where elevated expression promotes tumourigenic cellular phenotypes. However, its endogenous physiological function remains poorly understood. Here, separate enrichment analyses of transcriptomic and phosphoproteomic profiles from PBF-overexpressing cells collectively highlighted cell adhesion, extracellular matrix organisation, cytoskeletal regulation and cell motility as major PBF-associated programmes. Using a novel Pbf knockout mouse model, we show that primary Pbf-KO mouse embryonic fibroblasts exhibit impaired migration and invasion. PBF loss reduced fibronectin adhesion, disrupted focal adhesion number, size and distribution, attenuated FAK Tyr397 phosphorylation and delayed early adhesion formation. Live-cell imaging and Golgi orientation assays further revealed altered actin organisation and impaired front-rear polarity in Pbf-KO cells. Key phenotypes were conserved in CRISPR-Cas9 PBF-KO human thyroid cancer cells, while targeted PBF re-expression restored migration in Pbf-KO MEFs. We thus identify PBF as an endogenous regulator of cell adhesion, polarity and directional motility, providing a framework for understanding how pathological PBF overexpression may promote invasive behaviour in cancer."
"pubmed","42779951","10.64898/2026.09.15.751489","An ancestral mitochondrial DNA insertion disrupts RNAi and enables persistence of a novel mycovirus in Cryptococcus neoformans.","Huang, Jun; Larmore, Connor J; Davenport, Timothy C; Averette, Anna Floyd; Choi, Yeseul; Debat, Humberto; Gupta, Purav; Babaian, Artem; Meneghini, Marc D; Sun, Sheng; Heitman, Joseph","bioRxiv : the preprint server for biology","2026-09-24","https://pubmed.ncbi.nlm.nih.gov/42779951/","RNA interference (RNAi) is a widely conserved genome-defense mechanism that protects eukaryotes against viruses and transposable elements. We previously showed that RNAi loss can lead to hypermutation and antifungal drug resistance in the human fungal pathogen Cryptococcus neoformans, illuminating the potential clinical relevance of this pathway. In this study, we identified another function of RNAi in C. neoformans: mycovirus restriction. By screening known RNAi-deficient C. neoformans isolates, we identified a novel dsRNA mycovirus of the Orthototiviridae family, which we named CnTV1. We subsequently detected CnTV1 in three additional RNAi-deficient isolates. All CnTV1-positive isolates shared an ancestral nuclear mitochondrial DNA segment (NUMT) insertion that disrupts the gene encoding Argonaute (Ago1). Restoration of RNAi in sexually produced zygotes efficiently eliminated CnTV1. RNAi rescue by CRISPR-Cas9-mediated allele exchange eliminated CnTV1 during vegetative growth, further demonstrating RNAi is sufficient for mycoviral control. Loss of the RNA helicase Ski2 or the exoribonuclease Xrn1 increased CnTV1 abundance, revealing RNAi-independent restriction of the virus. Restoration of RNAi cleared the virus even in the absence of Ski2 or Xrn1, indicating a dominant role for RNAi in antiviral defense. To investigate the biological implications of CnTV1 infection, we developed a cytoplasmic-mixing approach and generated isogenic strain pairs in an RNAi-deficient background that differ only in viral infection status. Leveraging these strains, we show that CnTV1 infection leads to coordinated, low-magnitude transcriptomic changes and that strains lacking the mycovirus were moderately less virulent in a murine infection model. Our findings reveal that RNAi serves as a dominant antiviral defense system in C. neoformans and suggest that naturally occurring RNAi deficiency may be more prevalent than previously appreciated. This work highlights mycovirus persistence as an important consequence of RNAi loss in this WHO-designated critical priority fungal pathogen."
"pubmed","42779937","10.21203/rs.3.rs-11012643/v1","spaGFM is a scalable graph foundation model for spatial transcriptomics analyses.","Wang, Juexin; Zhong, Yu; He, Fei; Jin, Xiaojie; Yu, Yang; Ferreira, Ricardo Melo; Gunderson, Andrew; Krull, Jordan; Wang, Guangyu; Eadon, Michael; Ma, Qin; Xu, Dong","Research square","2026-09-24","https://pubmed.ncbi.nlm.nih.gov/42779937/","Foundation models offer a promising paradigm for modeling spatial transcriptomics, but capturing tissue context over cellular graphs makes training at scale challenging. We introduce spaGFM, a graph foundation model that serializes cellular neighborhoods through random walks to generate transformer-compatible representations of tissue organization. By replacing classical graph message passing with augmented self-supervised neighborhood reconstruction, spaGFM captures higher-order spatial context while allowing scaling at the atlas level. Pretrained on 43.9 million cells from 132 image-based spatial transcriptomics datasets, spaGFM produces robust representations at both the neighborhood and cell level that transfer across tissues, disease contexts, and spatial technologies. SpaGFM identifies tertiary lymphoid structures across cancer cohorts and spatial platforms, captures cell-level transcriptomic perturbation responses associated with T cell vicinity in spatial CRISPR experiments, and characterizes glomerular organization associated with pathological grade in diabetic kidney disease biopsies. Overall, spaGFM establishes a graph foundation-model framework for learning cellular organization and its functional consequences."
"pubmed","42779908","10.64898/2026.09.14.751564","High-resolution CRISPR/Cas9 screens identify PAK2 as a suppressor of macrophage proliferation.","Wanniarachchi, Kevin N; Neupane, Astha; Kasu, Bidhi; Pradhan, Bijaya; Poudel, Susmita; Balster, Joshua J; Kerkvliet, Jason G; Hoppe, Adam D; Thiex, Natalie W","bioRxiv : the preprint server for biology","2026-09-24","https://pubmed.ncbi.nlm.nih.gov/42779908/","Macrophage abundance is regulated by pathways controlling survival and proliferation, yet the genetic determinants of macrophage fitness remain poorly understood. Here, we performed replicate genome-wide CRISPR/Cas9 screens in primary murine bone marrow-derived macrophages (BMDMs) to identify positive and negative regulators of macrophage fitness. Validity of the screens is supported by finding previously characterized core essential genes such as those encoding translation machinery, while disruption of established tumor suppressors increased BMDM representation in the culture. As expected, Csf1r encoding the macrophage growth factor emerged as a positive regulator of macrophage fitness. Unexpectedly, Pak2, encoding p21-activated kinase 2 (PAK2), emerged as a negative regulator of macrophage fitness. Targeted Pak2 disruption increased BMDM accumulation and was associated with elevated cyclin-D1 expression, identifying PAK2 as a suppressor of macrophage proliferation. PAK2 also localized to CSF1-induced actin-rich membrane ruffles, yet its depletion did not impair ruffle formation. Instead, PAK2-depleted macrophages exhibited persistent F-actin-rich ruffles, larger macropinosomes, and increased fluid-phase uptake. These changes were accompanied by altered LIMK/cofilin signaling and persistent cofilin localization at macropinocytic structures. Phosphoproteomic analysis further identified reduced phosphorylation of proteins associated with cytoskeletal regulation, phosphoinositide signaling, and endosomal trafficking. Together, these findings identify PAK2 as a context-dependent regulator that restrains macrophage proliferation and membrane-remodeling activity and demonstrate that PAK2 has markedly different fitness functions in primary macrophages than previously identified in several transformed cell types."
"pubmed","42779897","10.64898/2026.09.14.751565","Infectious transgenesis in arthropods.","Nejat, Najmeh; van Warmerdam, Travis; Rasgon, Jason L","bioRxiv : the preprint server for biology","2026-09-24","https://pubmed.ncbi.nlm.nih.gov/42779897/","In the last decade, there has been an explosion in the development of in vivo germline genetic editing technologies in arthropods, first pioneered by the Receptor-Mediated Ovary Transduction of Cargo (ReMOT Control) method. While ReMOT Control and related technologies (DIPA-CRISPR and SYNCAS) have shown great utility for gene knock-out in many different species, consistent gene insertion has been elusive, limiting widespread adoption. We developed a novel system based on the baculovirus Autographa californica multiple nucleopolyhedrovirus (AcMNPV) to deliver heritable CRISPR knock-out and knock-in constructs to the arthropod germline by oral feeding. We call this method ""Germline Engineering by Viral Transduction"" (""GEValT""). With GEValT, newly-eclosed female and male adult arthropods are fed on virus in sugar (and/or blood) and allowed to breed, resulting in easy generation of genetically modified offspring. GeValT is easy to use and has the potential to revolutionize gene editing methodology for researchers working across diverse arthropod species."
"pubmed","42779810","10.64898/2026.09.16.752238","In vivo intercellular CRISPR screens using viral proximity barcoding reveal regulators of tumor-immune interactions.","Du, Peter; Kohno, Seth; Wang, Mengchen; Papanicolaou, Michael; Vaughan-Jackson, Alun; Daigh, Leighton; Peng, Qiangwei; Spees, Kaitlyn; McCormick, Aaron; Diehl, Markus; Bintu, Lacramioara; Qiu, Xiaojie; Satpathy, Ansuman; Bassik, Michael","bioRxiv : the preprint server for biology","2026-09-24","https://pubmed.ncbi.nlm.nih.gov/42779810/","Cell-cell interactions shape tumor growth, immune evasion, and therapeutic response, but systematically dissecting their genetic regulators in vivo remains challenging. Existing cell-cell interaction tracing technologies rely largely on protein labels or enzymatic reactions, limiting their information content and scalability. To overcome these limitations, we developed match-seq, an imaging-free, sequencing-based cell proximity tracing system that uses virus-like particles to transmit barcodes between neighboring cells. Barcoded mRNAs are transmitted from sender cells to nearby receiver cells, thereby establishing a spatial linkage that can be computationally reconstructed by barcode sequencing after tissue dissociation. We apply this system to an in vivo syngeneic murine tumor model, where we observe robust labeling of all immune cell lineages, and leverage barcode labeling to reconstruct cell type niches that recapitulate known tumor spatial biology. Furthermore, we couple this system with CRISPR perturbations and single-cell RNA sequencing to perform genetic screens in vivo on tumor-immune interactions at single-cell resolution. We use this method to infer cell-cell spatial relationships and uncover genetic dependencies in cancer cells that change the composition and cell state of their local microenvironments. By calculating a local immune activation signature, we are able to prioritize targets whose deletion enhances anti-tumor immunity through distinct effector cell types: loss of Tgfb1 engages CD8 T cells and macrophages, Traf7 loss elicits a CD4 T cell response, and Nectin3 loss promotes NK cell-mediated immunity, relationships that we validate by in vivo immune cell depletion. Notably, Tgfb1 and Nectin3 deletion had little effect on cancer cell fitness in the pooled screen yet suppressed tumor growth when deleted throughout the tumor, demonstrating the potential of match-seq to reveal functionally important tumor-immune interactions that would otherwise remain hidden. Together, these results establish a general framework for pooled genetic dissection of cell-cell interactions in vivo, extending CRISPR screening from cell-intrinsic phenotypes to the mechanisms by which cells shape and respond to their local microenvironments."
"pubmed","42779800","10.64898/2026.09.14.751351","Chemically modified CRISPR enzymes for multi-organ genome editing in vivo.","Baehr, Christopher M; Ressnerova, Alzbeta; Kang, Min; Zhao, Sheng; Le, Beatrice; Haddad, Rania F; Asija, Kunica; Damante, Mark; Sharma, Rohit; George, Christy; Huang, Heidi; Assa, Dror; Noel, Eric A; Manohar, Brigette; Otero, P Anthony; Travis, Meika; Saikaly, Kayla; Hu, Sophie; Van Laar, Victor S; Lonser, Russell R; Flannery, John G; Murthy, Niren; Wilson, Ross C","bioRxiv : the preprint server for biology","2026-09-24","https://pubmed.ncbi.nlm.nih.gov/42779800/","Delivery remains the main obstacle to the development of in vivo genome editing therapies. CRISPR ribonucleoproteins confer high editing activity with transient exposure but lack intrinsic cell entry and targeting. Here we introduce PERCEPT, a delivery platform featuring reversible, covalent modification of CRISPR enzymes. PERCEPT enables modular installation of shielding polymers, amphiphilic delivery peptides and targeting ligands, allowing traceless cytosolic release of the native editor. A formulation incorporating an amphiphilic delivery peptide and the neuron-targeting ligand TET1 edited approximately 56% of striatal volume and 78% of neurons within edited regions after local striatal administration. In the R6/2 Huntington's disease model, PERCEPT mediated targeted editing of the mutant human HTT transgene, reducing mutant huntingtin aggregate burden and shifting local transcriptional programs away from inflammatory and injury-associated states. Tissue-adapted formulations edited 53% of Muller glia following intravitreal delivery, increased skeletal muscle reporter fluorescence tenfold versus unconjugated control following intramuscular injection, and enabled lung airway epithelial cell that persisted for three months following intranasal delivery. Rapid screening revealed that local anatomical and cellular barriers require distinct surface display for optimal editing. These results establish reversible chemical modification as a general strategy for adapting CRISPR enzyme delivery across multiple target tissues in vivo."
"pubmed","42779618","10.64898/2026.09.11.751063","Inverted logic of ecDNA localization converts nuclear periphery into oncogenic transcription hubs in cancer.","Wang, Yanbo; Yan, Xiaowei; Weiser, Natasha E; Wong, Ivy Tsz-Lo; Zhang, Shu; Huang, Yung-Hsin; Li, Rui; Kraft, Katerina; Gnanasekar, Aditi; Tang, Jun; Chittenden, Cy; Bruckner, Lotte; Noorani, Imran; Swanton, Charles; Henssen, Anton G; Stergachis, Andrew B; Altemose, Nicolas; Chang, Howard Y; Mischel, Paul S","bioRxiv : the preprint server for biology","2026-09-24","https://pubmed.ncbi.nlm.nih.gov/42779618/","Extrachromosomal DNA (ecDNA) is a major driver of cancer pathogenesis, however, its spatial organization in the nucleus is not currently understood. Here we show that ecDNAs, in contrast to chromosomal DNA, preferentially localize to the nuclear periphery yet resist peripheral gene silencing. Single-molecule multi-omic sequencing and imaging-based CRISPR screening demonstrate enhanced ecDNA hub formation, H3K27ac and H3K9me3 bivalency, late DNA replication, long-range CpG hypomethylation, and increased transcriptional output when ecDNAs localize to the nuclear periphery. EcDNA anchors to the nuclear lamina through H3K9me3-dependent interactions with the Lamin B Receptor (LBR), which if interrupted, results in inward migration of ecDNA particles, reduced ecDNA congregation, and decreased transcription of ecDNA-encoded genes. These results reveal inherent advantages of the spatial organization of ecDNA that are not available to chromosomal DNA, enhancing ecDNA congregation and amplifying oncogenic transcriptional output, by localizing to the nuclear periphery of cancer cells."
"pubmed","42779610","10.64898/2026.09.03.749158","Interrogation of noncoding schizophrenia risk variants using CRISPR-based functional genomics.","Hamilton, Marisa C; Riley, Julia W; Nelson, Alexander C; Li, Boxun; Dornbaum, Sophie F; Safi, Alexias; Cui, Xiekui; Jones, Ian R; Coley, Aaron A; Hagy, Kevin T; Rai, Ruhi; Barrera, Alejandro; Allen, Andrew S; Shen, Yin; Sherwood, Richard I; Love, Michael I; Sullivan, Patrick F; Gersbach, Charles A; Crawford, Gregory E","bioRxiv : the preprint server for biology","2026-09-24","https://pubmed.ncbi.nlm.nih.gov/42779610/","Schizophrenia (SCZ) is a highly heritable complex disorder influenced by coding and noncoding genetic variation. Its genetic causes, particularly those involving noncoding variation, are largely unknown. High-throughput CRISPR screens enable dissection of disease-associated loci and identification of noncoding regulatory elements and variants that modulate gene expression. We screened SCZ GWAS loci linked to genes that are also associated in whole-exome sequencing studies to identify regulatory elements and variants impacting expression of disease-relevant genes. We used CRISPRi paired with HCR-FlowFISH to epigenetically silence 333 putative regulatory elements and measure the downstream effects on gene expression of causal SCZ genes, FAM120A , SV2A , and STAG1 , in iPSCs and iPSC-derived neurons (iNeurons). We identified 78 regulatory elements that significantly alter expression of a SCZ gene, including noncoding enhancers/silencers as well as promoters of genes and lncRNAs. Pooled prime editing screens interrogated noncoding variant influence on gene expression for SCZ-associated variants and uncharacterized common variants from diverse population studies. We find that a common variant in the promoter of SV2A , rs112851681:A>G (MAF = 3.56%, 1000 Genomes) enhances transcriptional activity in iPSCs and iNeurons. These findings show distinct noncoding mechanisms that map within GWAS signals, and provide a path forward for interrogating noncoding regulatory elements and variants in disease loci."
"pubmed","42779592","10.64898/2026.06.17.731637","Oncohistone inhibition reshapes tumor-microenvironment communication in Diffuse Midline Glioma (DMG).","Khairkhah, Niloofar; Ibrahim, Mostafa M H; Galban, Sienna L; Faunce, Megan; Rober, Lily; Baker, Carlen; Doherty, Robert; Cartaxo, Rodrigo; Koschmann, Carl; Zhao, Yue; Galban, Stefanie","bioRxiv : the preprint server for biology","2026-09-24","https://pubmed.ncbi.nlm.nih.gov/42779592/","BACKGROUND: Diffuse midline glioma (DMG) is a lethal pediatric brain tumor driven by the H3K27M oncohistone, which disrupts epigenetic regulation and promotes tumor proliferation. While prior studies show that H3K27M is essential for tumor initiation, its role in established tumors, tumor microenvironment (TME) regulation, and therapeutic response remain unclear. METHODS: Here, we developed inducible and reversible H3.3K27M and H3.1K27M cell and mouse models to study oncohistone-dependent effects and the immune/stromal microenvironment. We generated a tetracycline-inducible PiggyBac-based oncohistone expression cassette in patient- and murine-derived models and validated inducible and reversible H3K27M expression. RESULTS: Re-expression of H3K27M in knockout cells induced morphological changes and suppressed astrocytic markers. Chromatin accessibility profiling revealed locus-specific differences between ON, OFF, and OFF-ON, including changes at loci associated with immune regulation and tumor-microenvironment interactions. Single-cell RNA sequencing demonstrated that the oncohistone reshapes the TME. H3K27M expression promotes tumor-neuron interactions, enhances neuronal excitability, excitatory/inhibitory imbalance, and synaptic connectivity that likely supports tumor proliferation. These effects are associated with increased glutamatergic signaling and enhanced tumor-neuron coupling through glutamate transport and receptor pathways, including EAAT1 (SLC1A3) and AMPARs (GRIA3). Conversely, H3K27M inhibition reduces neuronal excitation, disrupts tumor-associated signaling, and partially restores neuron-neuron and neuron-immune communications. These findings identify H3K27M as a key driver of excitatory neuron-to-tumor coupling and immunosuppression in DMG. CONCLUSIONS: Overall, our findings demonstrate that H3K27M extensively reshapes TME in DMG and support direct oncohistone targeting as a potential therapeutic strategy, including potential CRISPR-based or small-molecule approaches for patients with H3K27M-mutant DMG."
"pubmed","42779586","10.64898/2026.09.07.749713","Microenvironmental and transcriptional determinants of the robustness of spinal cord regeneration in zebrafish.","Gillotay, Pierre; Bangru, Sushant; Shen, Jingwen; Moore, Bethany; Ou, Jianhong; Stewart, Ron; Poss, Kenneth D","bioRxiv : the preprint server for biology","2026-09-24","https://pubmed.ncbi.nlm.nih.gov/42779586/","Unlike mammals, adult zebrafish can regenerate spinal cord tissue after complete transection. We report here that a substantial proportion of zebrafish receiving this injury fail to regain locomotor function, and we analyzed this critically. After stratifying large cohorts of injured animals according to functional recovery, we directly compared recovered and non-recovered individuals at matched post-injury stages. We find that permanently paralyzed animals form a tissue bridge across the lesion yet exhibit impaired axonal invasion and regrowth to downstream targets. Integrative single-nucleus profiling, spatial transcriptomics, and regulatory network analyses revealed that regenerative success is characterized by the coordinated establishment of a permissive multicellular regenerative state rather than major differences in cellular composition. Furthermore, we find that regenerative failure involves persistent non-permissive regulatory programs, including extracellular matrix remodeling, impaired adaptive T-cell activation, and reduced axon growth-associated signaling. Gene regulatory network and cellular trajectory analyses identified candidate transcriptional regulators that could not be resolved through differential expression analysis alone. Functional CRISPR F (0) screening of several of these candidates identified hoxb5a as a critical determinant of regenerative outcome. Stable hoxb5a mutants exhibited impaired swimming recovery, disrupted bridge formation, and limited axon bridging after spinal cord injury. Together, our findings reveal key differences between success and failure in a model of elevated regenerative capacity, with hoxb5a acting as a regulator linking multicellular tissue remodeling to axonal regeneration and functional recovery."
"pubmed","42779580","10.64898/2026.09.03.749253","Genetic background determines allele-specific Pfkelch13 -mediated artemisinin tolerance and persistence in Plasmodium falciparum.","Ullah, Imran; Martin, Morgan C; Ndiaye, Daouda; Volkman, Sarah K; Wirth, Dyann F","bioRxiv : the preprint server for biology","2026-09-24","https://pubmed.ncbi.nlm.nih.gov/42779580/","Artemisinin-based combination therapies are the frontline treatment for Plasmodium falciparum malaria, but their efficacy is threatened by Artemisinin partial resistance (ART (R) ). ART (R) in Plasmodium falciparum is mediated by Pfkelch13 ( k13 ) mutations but remains rare in West Africa. A critical question is whether short-term drug survival intrinsically predicts long-term evolutionary persistence. Here, using CRISPR-Cas9 editing, and nanopore-assisted allele tracking in a contemporary Senegalese isolate, we evaluated ART (R) receptivity using the ring-stage survival assay (RSA), a proxy for clinical resistance. We demonstrate that ART (R) survival and drug-free persistence are biologically separable traits. While the WHO-validated Asian I543T mutation conferred the RSA phenotype, it was rapidly counter-selected during drug-free growth. In contrast, emerging African alleles (R561H, M579I) and a regional novel variant (C473S) establish stable resistance without a competitive penalty. These findings reveal that a parasite's genetic background acts as a strict evolutionary filter, uncoupling short-term tolerance from long-term persistence and establishing that genomic context determines allele-specific resistance trajectories."
"pubmed","42779098","10.1093/nar/gkag921","Abasic site repair in APE1-deficient mouse embryonic stem cells: a matter for the MRN complex and ATM signaling.","Hrovat, Alexandra M; Noreen, Faiza; Schwarz, Simon D; Aksu, Ezgi M; Kusnierczyk, Anna; Singh, Navnit K; Sturla, Shana J; Schar, Primo","Nucleic acids research","2026-09-24","https://pubmed.ncbi.nlm.nih.gov/42779098/","The dual role of base excision repair (BER) in resolving DNA base lesions and enabling active DNA demethylation positions BER proteins as central regulators of both genetic and epigenetic integrity. While BER and active demethylation converge at the generation of AP sites, catalyzed by DNA glycosylases such as thymine DNA glycosylase (TDG), the relative contribution of each pathway to AP site formation and the cellular fate of these lesions remain unresolved. Using APE1-deficient mouse embryonic stem cells (mESCs), with inducible TDG depletion, we reveal that TDG activity accounts for a substantial fraction of AP sites in mESCs, establishing a direct link between active DNA demethylation and APE1-mediated BER. We demonstrate that APE1 is essential for mESC differentiation, underscoring its role in processing AP sites generated during epigenetic reprogramming. Through a genome-wide CRISPR/Cas9 screen designed to map the broader functional interactome of APE1, we identified unexpected genetic dependencies that extend beyond DNA repair. We also found that DNA double-strand break repair factors act outside their canonical pathways, cooperating with nucleotide excision repair and translesion synthesis to compensate for the loss of APE1. These findings highlight novel compensatory DNA end-processing mechanisms that safeguard genomic integrity in the absence of APE1, revealing a high level of plasticity of DNA repair in mESCs."
"pubmed","42778612","10.1038/s41586-026-11059-5","Targeting ZMYND8 unleashes IL-2 signalling to override T cell exhaustion.","Wang, Yan; Shi, Hao; Chapman, Nicole M; Kc, Anil; Sun, Renqiang; Song, Hao; Meng, Xiaoxi; Sun, Xiang; Chi, Hongbo","Nature","2026-09-24","https://pubmed.ncbi.nlm.nih.gov/42778612/","CD8(+) T cell exhaustion impedes control of chronic viral infection and cancer. This hypofunctional state is characterized by downregulation of the high-affinity IL-2 receptor (IL-2R) and STAT5 signalling, and differentiation from progenitor exhausted to terminally exhausted T cells rather than cytotoxic effector-like cells(1-3). The epigenetic mechanisms and regulatory networks that mediate IL-2R-STAT5 signal attenuation and loss of effector-like cell differentiation remain unknown. Here, using in vivo single-cell CRISPR screens of epigenetic factors and IL-2 signalling regulators, we reveal that the chromatin reader ZMYND8 antagonizes IL-2R-STAT5 signals to restrain effector-like states while promoting terminal exhaustion. ZMYND8 expression was upregulated by chronic antigen stimulation, and targeting ZMYND8 in CD8(+) T cells promoted both intermediate exhausted T cells and killer cell lectin-like receptor-expressing exhausted T cells. Accordingly, ZMYND8-deficient CD8(+) T cells had markedly improved antiviral and antitumour effects, especially in combination with IL-2 therapy or immune checkpoint blockade. Mechanistically, ZMYND8 bound to the active enhancer regions of the Il2ra gene locus that were co-occupied by histone acetyltransferase p300 and suppressed p300 activity. Co-deletion of p300 reversed increased IL-2R expression and effector-like cell differentiation in ZMYND8-deficient cells, suggesting that ZMYND8 represses p300-mediated transcriptional activation to curtail IL-2R-STAT5 signalling. These findings establish an epigenetic rheostat imposing 'signal 1' (chronic antigen stimulation)-induced suppression of 'signal 3' (IL-2 signalling) to enforce T cell exhaustion, with ZMYND8 deletion unleashing effector-like over terminally exhausted states and enhancing immunotherapeutic efficacy."
"pubmed","42778074","10.1016/j.plantsci.2026.113465","Molecular mechanisms of WRKY transcription factors integrating environmental signals to regulate flowering time in brassica crops.","Raihan, Madeeha; Younas, Itezaz; Su, Shuowei; Xu, Ling","Plant science : an international journal of experimental plant biology","2026-09-23","https://pubmed.ncbi.nlm.nih.gov/42778074/","Flowering time is a critical developmental process that directly influences reproductive success, environmental adaptation, and agricultural productivity in Brassica crops. Recent climate instability, including drought, temperature fluctuations, salinity, and irregular photoperiods, has intensified the need to understand the molecular mechanisms regulating flowering adaptation. WRKY transcription factors are key integrators of flowering time. They connect environmental cues, hormone networks, and circadian rhythms to floral regulator genes. This review summarizes the structural, evolutionary, and functional characteristics of WRKY transcription factors involved in flowering regulation in Brassica species. Current evidence indicates that WRKY transcription factors contribute to flowering-time regulation through direct or indirect modulation of floral regulators, including FT, SOC1, and LFY. However, much of the mechanistic evidence originates from Arabidopsis, and the direct regulatory relationships between WRKY proteins and major flowering genes, particularly FLC, remain insufficiently characterized in Brassica species. Transcriptomics, epigenomics, proteomics, single-cell sequencing, and CRISPR/Cas genome editing further reveal that WRKY proteins participate in regulatory networks associated with photoperiodic signalling, vernalization, gibberellin pathways, stress-responsive flowering, and hormonal crosstalk. Comparative genomics demonstrates substantial expansion of WRKY gene families through genome triplication and polyploidization. However, limited functional validation and incomplete regulatory network mapping remain major challenges. Integrating multi-omics, artificial intelligence-assisted systems biology, genomic selection, and precision genome editing will accelerate development of climate-resilient, early-maturing Brassica cultivars."
"pubmed","42777884","10.1016/j.biortech.2026.135939","Bacteriophage-based antibiotic resistant bacteria control in wastewater treatment: advances and prospects.","Li, Lingli; Shen, Chunjun; Yu, Ming; Fan, Chen; Deng, Chunping; Li, Wenwei","Bioresource technology","2026-09-23","https://pubmed.ncbi.nlm.nih.gov/42777884/","Wastewater treatment plants (WWTPs) are critical hotspots for antibiotic resistance dissemination due to residual antibiotics promoting the proliferation of antibiotic-resistant bacteria (ARB) and antibiotic-resistance genes (ARGs). While conventional disinfection methods (e.g., chlorination, UV irradiation) are widely employed, they often fail to simultaneously inactivate ARB and degrade both intracellular antibiotic-resistance genes (iARGs) and extracellular antibiotic-resistance genes (eARGs), while potentially generating toxic by-products. Bacteriophages (phages) offer a promising eco-friendly alternative, applicable during biological treatment or pre-disinfection. They can specifically target pathogenic or ARB strains without disrupting wastewater biological processes, and notably, ARGs released via phage-mediated ARB lysis are more susceptible to subsequent disinfection, lowering dissemination risks. To illustrate the growing research interest in this field, a statistical analysis of the literature was conducted based on 2377 articles retrieved from the Web of Science database (2015-2025), revealing publication trends in research on phage-mediated control of ARB and ARGs in WWTPs. More importantly, this review summarizes the mechanisms and applications of lytic and lysogenic (temperate) phages for ARB control in wastewater, analyzing key challenges hindering phage application including bacterial anti-phage defenses (e.g., CRISPR-Cas systems, biofilm shielding) and adverse wastewater conditions (e.g., pH fluctuations, particulate adsorption), as well as major application risks such as phage-mediated ARGs transduction. Corresponding mitigation strategies are discussed, including phage cocktails (to expand host range), genetic engineering (to boost lytic activity), and targeted delivery systems (e.g., magnetic nanoparticles). Furthermore, extending beyond host-phage interactions, this review evaluates engineering compatibility, offering novel perspectives to bridge the gap between biological potential and practical application."
"pubmed","42777870","10.1016/j.biortech.2026.135918","Microalgal proteins as sustainable alternatives: CRISPR opportunities and challenges.","Wang, Fengjing; Liu, Xuehua; Gu, Wenhui; Xie, Xiujun; Wu, Songcui; Gao, Shan; Srimongkol, Piroonporn; Srinuanpan, Sirasit; Karnchanatat, Aphichart; Wang, Guangce","Bioresource technology","2026-09-23","https://pubmed.ncbi.nlm.nih.gov/42777870/","Against the backdrop of risinggrowing global demand for high-quality protein and increasing constraints on natural resources and the environment, microalgae are regarded as a promising alternative protein source, owing to their nutritional value, resource efficiency, and relatively low environmental footprint. However, their market adoption remains constrained by the limited availability of industrially robust strains combining high protein productivity with desirable processing traits. Recent advances in CRISPR-based genome engineering offer new opportunities for targeted microalgal strain improvement. This review systematically summarizes the comparative advantages, application prospects, and industrialization challenges of microalgal protein as an alternative protein source. It also reviews recent advances in using CRISPR technologies to improve microalgal protein. Particular emphasis is placed on CRISPR-based modulation of key pathways involved in nitrogen uptake and assimilation, amino acid biosynthesis, carbon-nitrogen allocation, light-energy utilization, and stress responses. These efforts aim to improve protein yield and quality, engineering compatibility, biomass production, and stress tolerance. We also discuss targeted improvement of cell-wall properties, colour and flavour to reduce production costs and enhance consumer acceptance, as well as protein-oriented multi-product biorefineries to further lower protein production costs. Finally, we analyse current challenges related to CRISPR delivery efficiency, multi-gene regulation, safety, market access and regulatory oversight, and highlight future directions that integrate multi-omics-driven design, precise genome editing and intelligent biomanufacturing. Collectively, this review provides an integrated framework for the low-cost, scalable, and sustainable production of microalgal alternative protein."
"pubmed","42777717","10.1016/j.cels.2026.101737","CRISPR-associated enzymes are mislocalized to the cytoplasm in iPSC-derived neurons, resulting in KRAB(KOX1)-specific degradation.","Cajka, Gregory; Naseri, Nima N; Liu, Matthew H; Shalem, Ophir","Cell systems","2026-09-23","https://pubmed.ncbi.nlm.nih.gov/42777717/","The use of CRISPR-associated enzymes in induced pluripotent stem cell (iPSC)-derived neurons presents unique challenges compared with dividing cell lines. For example, loss of dCas9-KRAB expression after differentiation has been observed and largely ascribed to transgene silencing. Here, we investigated the expression of CRISPR enzymes in iPSCs and Ngn2-derived neurons. We found that the commonly used dCas9-KRAB(KOX1) displayed a dramatic reduction in protein levels following differentiation, yet nCas9 constructs retained comparable levels. We further found that CRISPR constructs, primarily relying on the SV40 nuclear localization signal (NLS), fail to localize to the nuclei of neurons, despite having robust nuclear levels in iPSCs, leading to KRAB(KOX1)-specific cytoplasmic degradation. By testing other NLSs, we rescued neuronal nuclear localization and protein expression, confirming the contribution of mislocalization to the instability of dCas9-KRAB(KOX1) in neurons. As the lack of nuclear localization can have a profound impact on CRISPR activity, we suggest further investigation across cultured and in vivo postmitotic cell models. A record of this paper's transparent peer review process is included in the supplemental information."
"pubmed","42777161","10.1093/plphys/kiag707","SOBIR1 Integrates Pathogen Recognition and Hormonal Metabolism in Nicotiana tabacum.","Janotik, Adam; Zapletalova, Martina; Bouhidel, Karim; Fromentin, Jerome; Liskova, Marketa; Novak, David; Petrik, Ivan; Novak, Ondrej; Mikulik, Jaromir; Strnad, Jan; Smeringai, Jan; Pernisova, Marketa; Leborgne-Castel, Nathalie; Lochman, Jan","Plant physiology","2026-09-23","https://pubmed.ncbi.nlm.nih.gov/42777161/","The receptor-like kinase SOBIR1 (SUPPRESSOR OF BIR1) is a core component of immune receptor complexes mediating plant responses to extracellular immunogenic signals. While its role in pattern-triggered immunity is well defined in model species, its broader physiological functions remain largely unexplored. Here, we generated CRISPR-Cas9-derived double knockouts of two homeologous SOBIR1 genes in allotetraploid Nicotiana tabacum. The resulting Nt sobir1 double mutants failed to trigger elicitor-induced cell death in response to elicitins from Phytophthora and Pythium spp. but retained an attenuated early reactive oxygen species (ROS) response while lacking sustained ROS accumulation, showing that the transient and sustained ROS outputs differ in their dependence on SOBIR1. Functionally, the mutants showed compromised resistance to Phytophthora parasitica but unaltered responses to Botrytis cinerea and Pseudomonas syringae, pointing to pathogen-specific SOBIR1 roles. Beyond immunity, SOBIR1 appears to interface with developmental signaling modules involving CLAVATA2 and ERECTA-YODA, implicating it in phytohormone signaling, meristem regulation, and cell proliferation. Notably, Nt sobir1 mutants displayed increased hypocotyl cell wall stiffness despite transcriptional upregulation of wall-loosening genes, suggesting compensatory cell wall remodeling and perturbed integrity signaling. Transcriptome and phytohormone profiling revealed tissue-specific expression changes and altered levels of cytokinins, salicylic acid, jasmonic acid, and their conjugates. These findings position SOBIR1 as a multifunctional regulatory hub that links immune perception with phytohormone dynamics and cell wall mechanics in N. tabacum, expanding our understanding of co-receptor signaling plasticity across plant lineages."
"pubmed","42777084","10.1126/scitranslmed.aea5653","SCRMP-mediated SUMOylation of CSNK2B facilitates DNA damage repair to promote cisplatin resistance in small cell lung cancer.","Chen, Yuli; Chen, Qinnan; Guo, Jiahao; Li, Ziwei; Yu, Shaokun; Huang, Peng; Ke, Xiao; Shi, Xuefei; Sun, Ming; Nie, Fengqi; Liu, Xianghua","Science translational medicine","2026-09-23","https://pubmed.ncbi.nlm.nih.gov/42777084/","Small cell lung cancer (SCLC) represents the most lethal subtype of lung carcinoma. Platinum-based agents, such as cisplatin and carboplatin, remain the cornerstone of first-line therapy for patients with SCLC, whether administered as chemotherapy alone or in combination with immunotherapy. However, patients frequently develop platinum resistance within a short time frame, leading to therapeutic failure. The molecular mechanisms underlying platinum resistance in SCLC require further investigation, given that effective intervention strategies remain elusive. Through multiomic analysis integrating transcriptomic data from cisplatin-resistant PDX tissues and the IMpower133 SCLC cohort study and translatomic data from SCLC cells, we identified a platinum resistance-associated noncanonical open reading frame derived from MIR7-3HG. This noncanonical ORF encodes an unannotated 128-amino acid protein, designated SCRMP (SCLC cisplatin resistance-associated microprotein). SCRMP was up-regulated in cisplatin-resistant SCLC tissues and cell lines, and its elevated expression strongly correlated with impaired platinum response and unfavorable survival outcomes in patients. CRISPR-Cas9-mediated SCRMP knockout restored cisplatin sensitivity and promoted apoptosis in SCLC cells, platinum-resistant patient-derived organoids in vitro, and patient-derived xenografts in vivo. Mechanistically, SCRMP potentiated platinum resistance by mediating SUMOylation and nuclear translocation of CSNK2B, which stabilized the RBBP4-p300 complex. This stabilization activated transcription of RAD51C and associated DNA damage repair genes through histone acetylation, ultimately promoting therapeutic resistance. Our study systematically elucidates the biological function of SCRMP in SCLC platinum resistance and delineates its specific molecular mechanism in regulating DNA damage repair, thereby providing theoretical foundations and potential intervention strategies for overcoming platinum resistance in SCLC."
"pubmed","42776787","10.3390/biotech15040077","Long-Term Labeling and Differentiation Monitoring of Mouse Spermatogonial Stem Cells Using CellREADR.","Hu, Shuaitao; Yan, Lin; Khan, Gulistan; Liu, Xiaowei; Han, Chunsheng","Biotech (Basel (Switzerland))","2026-09-23","https://pubmed.ncbi.nlm.nih.gov/42776787/","Cellular identity determination and lineage tracing is a pivotal technique in modern biological research. Conceptually simple yet efficient cell labeling techniques offering broader applicability are warranted despite many methods requiring intricate construction procedures. One such technique is ADAR (adenosine deaminase acting on RNA)-mediated RNA sensing, a live cell labeling technique that is based on the expression and abundance of cell-type-specific RNAs. Here, we utilized the optimized version, CellREADR (Cell access through RNA sensing by Endogenous ADAR), to establish a feasible tracing system for mouse spermatogonial stem cells (mSSCs) which are refractory to CRISPR-based reporter gene knock-in. We identified several previously unreported features of CellREADR, including RNA interference induced by double-strand RNA formation that is obligatorily generated during the normal operation of the CellREADR system. More importantly, we established its application for long-term labeling of mSSCs and monitoring mSSC differentiation induced by retinoic acid (RA) treatment in vitro. This work offers a practical solution for dynamic monitoring of mSSC self-renewal and differentiation and supports that CellREADR can be developed into more versatile and efficient tools in stem cell research."
"pubmed","42776750","10.1073/pnas.2623483123","Functional divergence of plant expansins as revealed by genetic complementation of root-hair tip growth in Arabidopsis thaliana.","Zhou, Ke; Hepler, Nathan K; Jia, Moyan; Cosgrove, Daniel J","Proceedings of the National Academy of Sciences of the United States of America","2026-09-23","https://pubmed.ncbi.nlm.nih.gov/42776750/","Plant cell wall expansion is essential for plant growth, with expansins promoting wall creep during diffuse growth. Expansin's role in tip growth, such as root hair elongation, is less clear. Here, we used CRISPR/Cas9 to knock out root hair-specific alpha-expansins EXPA7 and EXPA18 in Arabidopsis thaliana, which abolished root hair elongation. Complementation with expansin genes from various clades (driven by the EXPA7 promoter) revealed functional differences: Some fully restored root hair growth, others only partially restored growth, while others failed, notably EXPA13 (clade-VIII) and EXPA20 (clade-IX)-both lacking a conserved Asp considered essential, but not sufficient, for expansin-induced wall enlargement. Phylogenetic analysis suggests loss of this Asp may have predated angiosperms. Mutation of this Asp in EXPA7 confirmed its necessity for wall loosening, but its restoration in EXPA13 did not restore activity. Other expansin families (EXPB, EXLA, and EXLB) failed to restore root hair growth. Chimeric fusions of EXPAs with mCherry revealed differences in trafficking patterns and wall binding among EXPA clades. These results demonstrate functional differences among EXPA clades and among expansin families, establishing a genetic platform to analyze functionalities (trafficking, binding, activity) of EXPA and other wall-modifying proteins during root-hair tip growth."
"pubmed","42776479","10.1080/14787210.2026.2739273","Novel options for the management of C. difficile: a look into the future.","Granata, Guido; Petrosillo, Nicola; Taglietti, Fabrizio","Expert review of anti-infective therapy","2026-09-23","https://pubmed.ncbi.nlm.nih.gov/42776479/","INTRODUCTION: Clostridioides difficile infection (CDI) remains one of the leading causes of healthcare-associated diarrhea; additionally, evidence suggests a growing incidence of community-acquired CDI worldwide. CDI is characterized by substantial morbidity, mortality, and risk of recurrence. CDI underdiagnosis and recurrent CDI represent a major unmet clinical need, highlighting the need for innovative diagnostic, preventive and therapeutic strategies. AREAS COVERED: This perspective article summarizes emerging approaches that may shape the future management of CDI, including novel microbiome-sparing antimicrobials, fecal microbiota transplantation (FMT), live biotherapeutic products, C. difficile vaccines, bacteriophage-derived therapies, CRISPR-Cas technology and artificial intelligence (AI) applications. EXPERT OPINION: Future CDI management is expected to evolve toward precision medicine focused on microbiome preservation, prevention of recurrence, and individualized patient care. Novel antimicrobials such as ibezapolstat and CRS3123, phage-derived approaches, and CRISPR-guided antimicrobials may provide highly targeted alternatives to conventional treatments. Microbiota-based therapies will evolve to assume an increasingly central role in reducing microbiota disruption. Simultaneously, advances in diagnostics, vaccine development, and AI-driven predictive tools may improve risk stratification, therapeutic selection, and infection prevention and control. All these innovative strategies have the potential to redefine CDI prevention and treatment, although robust clinical validation and long-term safety data remain essential."
"pubmed","42776364","10.1007/s11033-026-12757-z","Targeting the METTL5-MGST1 axis for cancer therapy: molecular mechanisms and therapeutic implications.","Nayak, Abinash; Nishank, Sudhansu Sekhar","Molecular biology reports","2026-09-23","https://pubmed.ncbi.nlm.nih.gov/42776364/","The epitranscriptomic regulation of cancer represents one of the most rapidly expanding frontiers in oncology. Among the newly characterized epigenetic axes, the Methyltransferase-like protein 5-Microsomal Glutathione S-Transferase 1 (METTL5-MGST1) signaling axis has emerged as a mechanistically compelling circuit implicated in tumor progression, ferroptosis resistance, immune evasion, and treatment-refractory behavior, most directly established in hepatocellular carcinoma and increasingly recognized, though through varying and not always MGST1-dependent mechanisms, across other cancer types. METTL5, a ribosomal 18S rRNA N6-methyladenosine (m6A) methyltransferase stabilized by its obligate cofactor tRNA methyltransferase activator subunit 11-2 (TRMT112), orchestrates oncogenic mRNA translation by methylating adenosine 1832 (A1832) in the 18S ribosomal RNA decoding center. Among its downstream effectors, Microsomal Glutathione S-Transferase 1 (MGST1) has been identified as a key mediator of ferroptosis suppression and redox homeostasis, enabling cancer cells to resist lipid peroxidation-driven cell death and conventional therapies. This review comprehensively examines the structural biology, expression patterns, molecular mechanisms, and cancer-type-specific functions of both METTL5 and MGST1, with particular emphasis on their functional interdependence. We further discuss downstream signaling cascades including c-Myc/FBXW7, TGF-beta/SMAD, Akt/GSK-3beta, Nrf2/SLC7A11, and the ATF4/ferroptosis axis. The therapeutic implications of targeting this axis mainly through small-molecule inhibitors, RNA interference, CRISPR strategies, and immunotherapy combinations are critically evaluated. Understanding the METTL5-MGST1 axis provides a compelling rationale for novel combination strategies against therapy-resistant cancers."
"pubmed","42776337","10.1007/s11033-026-12781-z","Targeting snake venom metalloproteinases: structural diversity, molecular pathogenesis and therapeutic interventions.","Dodakallanavar, Jagadeesh; Harish, Darasaguppe R; Hiremath, Kashinath; Sampat, Ganesh H; Patil, Vishal S; Mahadevamurthy, Rashmi K; Ugare, Sanjay; Akula, Kranthi Kiran; Manjunathachar, H V","Molecular biology reports","2026-09-23","https://pubmed.ncbi.nlm.nih.gov/42776337/","Snake venom Metalloproteinases (SVMPs) are Zn(2)(+)-dependent endopeptidases categorised under metzincin superfamily and are predominantly found in venom of the ""Viperidae"" family snakes. They are key mediators of venom-induced pathology with associated tissue damage including haemorrhage and oedema. SVMPs are classified as P-I, P-II, and P-III depending on the domains, each differing in structural complexity and organization. Further, the conserved HEXXHXXGXXH catalytic motif organizes a Zn(2+) ion, essential for the breakdown of peptide bonds and proteins. Given the limitations of conventional antivenom therapy, increasing attention has been directed toward targeted approaches for SVMPs neutralization, including plant-derived phytocompounds, synthetic and repurposed small-molecule inhibitors, recombinant monoclonal antibodies, and camelid-derived nanobodies. Structure-based drug discovery, molecular docking, and mechanistic studies have facilitated the identification of compounds and biologics capable of interfering with SVMP catalytic activity, substrate recognition or functionally relevant epitopes. Emerging technologies such as CRISPR-engineered venom gland organoids and artificial intelligence/machine learning-assisted molecular screening further provide opportunities for functional target validation and rational therapeutic discovery. This review integrates these conventional and emerging strategies, highlighting the structural basis of SVMPs inhibition and their potential to support the development of precise, broad-spectrum, and next-generation therapeutic interventions against SVMP-mediated envenoming."
"pubmed","42775261","10.1039/d6ra06492b","1,2,3-Triazole-linked DNA biosensors: molecular design to real-time applications.","Bhatoe, Gaurav; George, Nancy; Singh, Gurjaspreet; Anshu; Singh, Jandeep","RSC advances","2026-09-23","https://pubmed.ncbi.nlm.nih.gov/42775261/","Many aspects of modern life rely on rapid, accurate, and selective detection methodologies, especially for heavy toxins, pathogens, biomolecules, metal ions, and miRNAs. Thus, there is a need for reliable and versatile advanced biosensing platforms that can meet these challenges. CuAAC-assisted systems have emerged as efficient tools for constructing DNA biosensors due to their high efficiency, bioorthogonality, and site-specific conjugation capabilities. This review highlights the role of copper(i)-catalyzed azide-alkyne cycloaddition (CuAAC) in DNA biosensing platforms. Emphasis is placed on the use of CuAAC-aided 1,2,3-triazoles for different linkages, surface modifications and dual-strand linkages. Furthermore, the integration of click chemistry with nanomaterials, DNA-based structures, DNAzymes, CRISPR, and ATRP for signal amplification and highly sensitive detection is discussed. Various signal transduction mechanisms are included, such as fluorescence, electroluminescence, and electrochemical signal outputs. In addition, the review evaluates recent discoveries, underlying mechanisms and current limitations, enabling a more in-depth understanding of how click chemistry is reforming DNA-based biosensing. Overall, this work underscores the power of 1,2,3-triazole to enhance next-generation biosensors with improved sensitivity, selectivity, and real-world applicability."
"pubmed","42775169","10.3389/fnagi.2026.1831375","CRISPR-based functional genomic screening in neurodegeneration: mechanistic insights into AD, PD, and ALS.","Xue, Feng; Bao, Lili; He, Anda; Liang, Sarentuya","Frontiers in aging neuroscience","2026-09-23","https://pubmed.ncbi.nlm.nih.gov/42775169/","Neurodegenerative diseases, including Alzheimer's disease (AD), Parkinson's disease (PD), and amyotrophic lateral sclerosis (ALS), are characterized by pronounced clinical and molecular heterogeneity, as well as highly interconnected pathogenic pathways. This biological complexity has long hindered efforts to systematically define disease mechanisms and to develop effective, targeted therapies. In recent years, clustered regularly interspaced short palindromic repeats (CRISPR) based functional genomic screening technologies have emerged as powerful tools for large-scale genetic perturbation in cellular, organoid, and in vivo models, enabling unbiased interrogation of disease relevant genetic networks and the identification of potential therapeutic targets. In this review, we summarize CRISPR knockout, CRISPR interference, CRISPR activation, and in vivo screening studies in AD, PD, and ALS, with emphasis on pathological phenotypes, experimental models, cell types, validation strategies, and evidence strength. In AD, these screens have identified regulators of amyloid-beta (Abeta) production, Tau homeostasis and propagation, microglial states, neuronal aging, and stress responses. In PD, they have provided insights into alpha-synuclein (alpha-syn) homeostasis, mitochondrial quality control, lysosomal trafficking, and transplanted dopaminergic neuron survival. In ALS, they have identified modifiers of C9orf72-associated toxicity, repeat-associated non-AUG translation, TAR DNA-binding protein 43 (TDP-43) inclusion formation, and ATXN2 homeostasis. Cross-disease comparison indicates recurring involvement of proteostasis, endolysosomal function, mitochondrial regulation, and cellular stress responses, although individual screening hits show limited overlap and remain strongly influenced by experimental context. Overall, CRISPR-based screening provides a useful framework for identifying candidate disease modifiers, but further validation across complementary human-relevant and in vivo models is required before therapeutic translation."
"pubmed","42775150","10.1088/3049-477X/aea331","Machine-learning in optimization of CRISPR technology.","Liyanage, Risi; Jin, Lei; Chen, Shi-Jie","Machine learning. Health","2026-09-23","https://pubmed.ncbi.nlm.nih.gov/42775150/","The clustered regularly interspaced short palindromic repeats (CRISPR)-Cas system has become an indispensable tool in modern gene-engineering applications over recent years. Despite its rapid adoption, further development and broader applicability are hindered by several inherent limitations. This review surveys a range of machine-learning based approaches that aim to address these challenges. In particular, we focus on the optimization of key components of the CRISPR system, including protospacer adjacent motif recognition, Cas-protein-engineering, guide RNA sequence design and extension of the approaches to alternative editing modalities. Applied machine-learning methodologies, their underlying rationale, and comparisons with experimental observations are critically discussed. Special emphasis is placed on the role of machine-learning frameworks in advancing biophysical research, where complex, high-dimensional data increasingly demand integrative computational approaches. Finally, we outline current limitations, draw overarching conclusions, and propose perspectives for future developments and applications in CRISPR-based technologies."
"pubmed","42775080","10.1016/j.isci.2026.117532","HOMEBRED: A unified CRISPR platform for field-ready shadowing of infectious agents and oncogenic mutations.","Asadbeigi, Adnan; Fazilaty, Hassan; Saffari, Mojtaba; Shirkoohi, Reza; Modarressi, Mohammad Hossein; Salehi, Abdoalreza; Bakhtiarizadeh, Mohammad Reza","iScience","2026-09-23","https://pubmed.ncbi.nlm.nih.gov/42775080/","Emerging infectious diseases and late-stage cancers demand rapid, sensitive, and deployable diagnostics. Here, we present HOMEBRED (highly sensitive & specific omnipresent multipurpose endonuclease based reliable detection), a CRISPR-based platform capable of detecting human and animal pathogens (viral/bacterial, RNA/DNA) alongside oncogenic transcripts. HOMEBRED advances veterinary medicine by integrating CaSilico, an automated tool that designs crRNAs by identifying conserved, mutant-resistant regions across pathogenic genomes. By combining CaSilico with extraction-free processing, the platform achieved field-ready FMDV (foot-and-mouth disease virus) detection with a visual readout using only a handheld blue light. Furthermore, HOMEBRED's dual-crRNA architecture differentiated Brucella vaccine strains from field isolates, overcoming long-standing DIVA (differentiating infected from vaccinated animals) limitations to prevent unnecessary culling of high-breeding-value livestock. In oncology, HOMEBRED distinguished BCR-ABL1 transcripts, establishing a foundation for early diagnosis and personalized therapy. Matching gold-standard PCR sensitivity with reduced complexity and cost, HOMEBRED offers a versatile, portable solution for precision diagnostics in point-of-care settings."
"pubmed","42775062","10.1016/j.omta.2026.201837","Digenome-Detect: Accurate, statistics-based analysis software for identifying off-target cleavage sites in genome editing.","Yamashita, Takuma; Naito, Yuki; Yamamoto, Takenori; Yoshida, Tokuyuki; Uchida, Yasunori; Uchida, Eriko; Inoue, Takao","Molecular therapy. Advances","2026-09-23","https://pubmed.ncbi.nlm.nih.gov/42775062/","Off-target mutations pose major safety concerns in genome-editing therapy owing to their potential for leading to serious adverse events such as carcinogenesis. Thus, accurate prediction and evaluation of off-target mutations are critical in ensuring the safety of genome-editing therapeutics. Among the methods available for predicting off-target mutations, cell-free assays, which detect cleavage sites in extracted genomic DNA treated with genome-editing tools in vitro, are valuable because of their genome-wide, unbiased, and sensitive detection capabilities. However, cell-free assays are prone to identifying false-positive off-target cleavage sites, limiting their practical utility. To address this issue, we developed ""Digenome-Detect,"" a highly accurate and sensitive data analysis software tool for Digenome-seq, which is the simplest cell-free assay. Digenome-Detect calculates a statistically derived score for genomic cleavage sites, followed by additional filters to reduce false positives. Compared with the current standard software, Digenome-toolkit, Digenome-Detect identified more off-target cleavage sites with fewer obvious false positives. Digenome-Detect enables accurate and sensitive prediction of off-target cleavage sites and can thereby contribute to ensuring the safety of genome-editing therapeutics."
"pubmed","42775042","10.3389/fcell.2026.1900624","Toward trustworthy virtual cells: a roadmap for perturbation-resolved, context-aware, and experimentally validated cell models.","Li, Wangshu; Aziz, Aziz Ur Rehman; Xu, Bowen; Xu, Jingshan; Yu, Xiaohui; Wang, Daqing; Ha, Chunfang","Frontiers in cell and developmental biology","2026-09-23","https://pubmed.ncbi.nlm.nih.gov/42775042/","Single-cell perturbation technologies, multimodal omics, spatial profiling, and generative modeling are transforming the virtual cell from a theoretical concept into a practical objective for cell biology. Yet current efforts often emphasize model scale, data volume, or predictive breadth, while the trustworthiness required for scientific and translational use remains insufficiently addressed. We argue that virtual-cell models become decision-relevant only when the evidential chain connecting data, model design, benchmarking, and experimental validation is made explicit. We introduce the trustworthy virtual cell, a perturbation-resolved, context-aware, and experimentally validated system capable of supporting biological inference, experimental design, and preclinical decision-making. We organize recent progress around four empirical layers, namely, molecular cell state, intervention, biological context, and orthogonal phenotype, complemented by structured priors. This framework explains why static atlases, transcriptome-only readouts, and in-distribution benchmarks are insufficient for predicting cellular behavior under new conditions. Across mechanistic, deep generative, foundation, and hybrid models, we discuss trade-offs among interpretability, scalability, and extrapolation. We further argue that evaluation should move beyond held-out reconstruction accuracy toward biologically meaningful criteria, including generalization to unseen cell types and perturbations, dose, time, and combination response extrapolation, uncertainty calibration, and mechanistic consistency. We then propose a closed-loop validation ladder connecting in silico predictions to CRISPR perturbation, imaging, organoid, and tissue-level assays. Our aim is to review what current models can and cannot yet do, and to set out an evidential framework specifying what a virtual cell must demonstrate before its outputs are acted upon, noting which requirements are attainable today and which remain longer-term goals."
"pubmed","42774937","10.3389/fpls.2026.1923497","Genetic transformation and genome editing of flax (Linum usitatissimum L.): current status and future perspectives.","Mollaev, Timur D; Bruskin, Sergey A; Pushkova, Elena N; Dmitriev, Alexey A; Melnikova, Nataliya V","Frontiers in plant science","2026-09-23","https://pubmed.ncbi.nlm.nih.gov/42774937/","Flax (Linum usitatissimum L.) is an important multipurpose crop cultivated for fiber, oil (edible and industrial), and bioactive compounds used in medicine and cosmetics, making reliable transformation methods essential for targeted product quality improvement. This review compares three classic delivery platforms (Agrobacterium-mediated transformation, protoplast transformation, and particle bombardment) regarding efficiency, chimerism frequency, reproducibility, and suitability for genome editing, while also discussing virus-mediated delivery as a developing alternative. Currently, Agrobacterium-mediated transformation of hypocotyls followed by callus induction is widely used, but untransformed escapes and chimerism complicate the production of fully transgenic plants. This issue is mitigated when anther-derived calli are used as explants instead of hypocotyls and is absent in floral dip and protoplast transformation methods. Promising genome editing approaches now target the generation of non-transgenic flax plants. Although transgene-free lines were reportedly obtained through Cas-mediated oligonucleotide-directed mutagenesis (a single-stranded oligonucleotide template combined with transient clustered regularly interspaced short palindromic repeats (CRISPR)/CRISPR-associated protein (Cas) and transcription activator-like effector nucleases (TALEN) expression) in protoplasts, the lack of data confirming the absence of transgenes undermines these findings, therefore, verification of the obtained plants is essential. In theory, ribonucleoprotein (RNP) complexes could achieve a sufficient editing outcome via particle bombardment or delivery to protoplasts. Similarly, virus-induced genome editing (VIGE) utilizing viral vectors to deliver CRISPR/Cas components is also suggested as a viable approach to generate non-transgenic genome-edited plants, which is particularly advantageous as it bypasses the highly challenging plant regeneration stage."
"pubmed","42774600","10.1007/s13205-026-04994-7","Complete genome sequencing of Bacillus velezensis ML21, an endophytic strain from mango fruit with strong inhibitory against bacterial and fungal diseases.","Xie, Yunqiao; Li, Shuping; Li, Yiming; Peng, Jie; Liao, Lixia; Tian, Yinzi; Zhou, Jianping; He, Yong-Qiang; Jiang, Wei","3 Biotech","2026-09-23","https://pubmed.ncbi.nlm.nih.gov/42774600/","Whole-genome sequencing of Bacillus velezensis ML21, a strain with demonstrated antagonistic activity against mango and rice diseases, revealed a single circular chromosome of 3,929,792 bp and 46.5% GC content. Genome annotation identified 3,781 protein-coding genes, 27 rRNA, 86 tRNA, and 5 ncRNA genes, along with 4 genomic islands, 4 prophages, and 4 CRISPR sequences. Critically, the genome harbors twelve secondary metabolite gene clusters. Seven clusters show high similarity (100% or 82%) to known clusters responsible for synthesizing antimicrobial nonribosomal lipopeptides (surfactin, fengycin, bacilysin) and polyketides (difficidin, macrolactin H, bacillaene). Siderophore clusters (bacillibactin, butirosin A/B) showed lower similarity (7%). Significantly, four novel clusters were identified, predicted to encode two terpenes, one lanthipeptide, and one polyketide. Furthermore, genes involved in plant growth promotion, including those for indole-3-acetic acid (IAA; trpC) and acetoin (acoA) biosynthesis, were present. These findings provide key genomic insights into the biocontrol and plant growth-promoting potential of B. velezensis ML21."
"pubmed","42774051","10.3389/fendo.2026.1901426","Nonlinear and sex-specific effects of V1aR deletion on juvenile social behavior.","Aspesi, D; Vu, H; Rivers, I; Stoehr, M C; Huhman, K L; Albers, H E","Frontiers in endocrinology","2026-09-23","https://pubmed.ncbi.nlm.nih.gov/42774051/","INTRODUCTION: Social behaviors emerge during juvenile development and require the integration of social motivation, recognition, and context-appropriate responses. Arginine vasopressin signaling through the V1a receptor (V1aR) has been implicated in multiple aspects of social behavior, yet its role across distinct behavioral domains, developmental stages, and sexes remains poorly understood. METHODS: We used a CRISPR/Cas9-generated V1aR knockout model in Syrian hamsters to examine the effects of V1aR disruption on social interaction, social recognition, and social avoidance in juvenile males and females. Hamsters were tested during the peripubertal period (postnatal days 35-36), prior to the onset of stable estrous cyclicity in females. RESULTS: In a dyadic social interaction assay, V1aR deletion increased social investigation, particularly anogenital investigation, in knockout animals, whereas heterozygous males exhibited reduced locomotor activity and increased self-directed behaviors. In a social odor recognition task, heterozygous animals failed to discriminate between familiar and novel conspecific odors at a 20-min interval, while wild-type and knockout animals showed intact recognition. No odor discrimination or genotype-dependent differences were observed at a 24-h interval, indicating limited evidence of long-term retention across groups. Following social defeat, heterozygous males displayed increased social avoidance, spending less time near an aggressor and more time in the avoidance zone compared with other groups. DISCUSSION: Together, these findings reveal domain-specific and nonlinear effects of V1aR disruption on juvenile social behavior, with heterozygous animals exhibiting the most pronounced alterations. These results suggest that V1aR contributes to social behavior in a nonlinear, genotype-dependent, and context-dependent manner and highlight the importance of developmental stage and sex in shaping vasopressin-dependent social processes."
"pubmed","42774032","10.63500/mv_v32_232","Reporter-guided photoreceptor differentiation in 2D culture using PGP1-hIPSCs: A comparable alternative to 3D organoid systems?","Beaver, Davinia; Cioanca, Adrian C; Barnett, Nigel L","Molecular vision","2026-09-23","https://pubmed.ncbi.nlm.nih.gov/42774032/","PURPOSE: To develop and characterize a xeno-free, two-dimensional (2D) differentiation protocol for directing human induced pluripotent stem cells (hIPSCs) toward photoreceptor (PhR)-like cells, using a live-reporter system and transcriptomic analysis to evaluate lineage fidelity and maturation compared to the three-dimensional (3D) culture paradigm. METHODS: A CRISPR/Cas9-engineered PGP1 hIPSC line expressing fluorescent reporters for retinal markers (VSX2, BRN3B, and RCVRN) was differentiated in adherent culture using chemically defined media supplemented with small molecules (T3, DAPT, taurine, and retinoic acid). Differentiation was assessed over time by immunocytochemistry, flow cytometry, reverse transcription quantitative polymerase chain reaction, ultrastructural imaging (transmission electron microscopy and scanning electron microscopy), and bulk RNA sequencing. Comparative transcriptomic analysis with 3D retinal organoid data was conducted to evaluate developmental kinetics and pathway enrichment. RESULTS: The 2D protocol reproducibly generated PhR-like cells expressing PhR-associated protein markers, including CRX, NR2F2, RCVRN, THRbeta OPSIN-S, OPSN-M/L, and ARR3. Flow cytometric analysis demonstrated 93.6%, 96.2%, and 70.3% of RCVRN, OPSN-M/L, and OPSN-S positive populations at day (D) 42, while up to 97.4% of cells stained positive for RCVRN by D52. Early commitment to a PhR lineage was evident by D30, supported by transcriptional profiles consistent with PhR-like ontogeny. Ultrastructural analyses revealed features of putative inner and outer segments, including developing cilia and disc-like ""whorls"" supported by expression of gap junction protein markers and cilium markers (TMEM138 and CX36). Bulk RNA sequencing demonstrated faithful temporal regulation of PhR gene networks and highlighted accelerated differentiation compared to 3D cultures. CONCLUSIONS: This pilot xeno-free 2D differentiation protocol offers a timely and scalable method for generating PhR-like cells from hIPSCs comparable to standard 3D culture systems. The results validate its downstream utility for retinal cell therapy development, high-throughput screening, and transplantation outputs pending further investigation, while supporting the transcriptome dominance model as a framework for evaluating photoreceptor fate acquisition in this culture paradigm."
"pubmed","42774027","10.64898/2026.09.03.749026","High levels of the cardiomyocyte-specific kinase Tnni3k impair zebrafish heart regeneration by driving chronic myocardial inflammation.","Fernandez-Lajarin, Miriam; Keeley, Sean; Gonzalez-Rosa, Juan Manuel","bioRxiv : the preprint server for biology","2026-09-23","https://pubmed.ncbi.nlm.nih.gov/42774027/","BACKGROUND: Zebrafish regenerate their hearts after injury, and defining the barriers that block this capacity in mammals may reveal targets for heart failure treatment. Elevated levels of the cardiomyocyte-specific kinase TNNI3K are associated with human cardiomyopathy, and its overexpression drives adverse remodeling in mice. Recent work has linked elevated TNNI3K to cardiomyocyte polyploidization and loss of regenerative competence, but whether this cell-cycle effect accounts for the pathology seen in patients has not been established. Because TNNI3K is restricted to cardiomyocytes, whether it also acts non-cell-autonomously is unknown. METHODS: We generated an allelic series of zebrafish lines comprising cardiomyocyte-specific Tnni3k overexpression, an expression-matched kinase-dead variant, a full-locus deletion, and a line overexpressing mouse Tnni3k. Regeneration, cardiomyocyte proliferation, and ploidy were assessed in uninjured hearts and after cryoinjury. We combined RNA-sequencing, macrophage depletion before or after injury, tamoxifen-inducible Cre-lox switches, and cardiomyocyte-restricted CRISPR mutagenesis. Hearts from mice overexpressing human TNNI3K were analyzed in parallel. RESULTS: Elevated Tnni3k impaired heart regeneration in a kinase-dependent manner. Cardiomyocyte proliferation, redifferentiation, and productive cell division were preserved, and polyploidization remained well below the threshold compatible with robust regeneration, arguing against a cell-cycle defect. Instead, Tnni3k overexpression established an inflammatory and fibrotic state in the uninjured myocardium, marked by interferon, NF-kappaB, and antigen-presentation programs and by leukocyte and macrophage accumulation. This state amplified after injury, and these animals retained substantially more scar at 60 days post-injury. Depleting macrophages before injury, but not after, prevented the excess fibrosis. Switching Tnni3k off after injury attenuated both inflammation and fibrosis. Cardiomyocyte-specific deletion of pkmb, a glycolytic gene strongly repressed in Tnni3k-overexpressing animals and previously associated with inflammation, reproduced both phenotypes. Mice overexpressing TNNI3K showed comparable fibrosis and macrophage accumulation. CONCLUSIONS: Elevated Tnni3k impairs cardiac regeneration by sustaining a chronic inflammatory and fibrotic state rather than by driving polyploidization. Because this state requires continued kinase activity and remains reversible after injury, TNNI3K inhibition may warrant exploration as a strategy to interrupt the inflammation-fibrosis loop in inflammation-driven cardiac disease."
"pubmed","42773905","10.1177/25731599261489437","Comparison of CRISPR-Cas-Based Knockdown of Endogenous mRNA in Sensory Neurons.","Meulenberg, Andrea; Pavez, Macarena; Gowing, Emma K; Mayo-Munoz, David; Birkholz, Nils; Suhono, Graceallah; Fineran, Peter C; Fagerlund, Robert D; Gumy, Laura F","The CRISPR journal","2026-09-23","https://pubmed.ncbi.nlm.nih.gov/42773905/","Ribonucleic acid (RNA)-targeting clustered regularly interspaced short palindromic repeats-CRISPR-associated (CRISPR-Cas) systems enable modulation of gene expression without permanent genome modification, making them useful for sensitive cell types such as neurons. While CRISPR-Cas technologies have been most extensively applied and validated in primary hippocampal and cortical neurons, their use in sensory neurons remains largely unexplored. Sensory neurons are an established cellular model for studying axon growth and regeneration, pain mechanisms, sensory transduction, and neuron-environment interactions. Here, we evaluated the performance of compact RNA-targeting CRISPR-Cas effectors Cas7-11S, hfCas13X, and hfCas13d in primary rat sensory neurons in culture. Using an endogenous mRNA as the target, we compared knockdown efficiency and assessed the effects of CRISPR-Cas expression on neuronal health. The systems showed distinct differences in performance, with Cas7-11S inducing toxicity, hfCas13X showing minimal knockdown, and hfCas13d providing robust gene silencing with minimal adverse effects on neuronal health. These findings identify hfCas13d as the most effective and well-tolerated RNA-targeting CRISPR-Cas tool for sensory neurons and provide important insight into its suitability for neuroscience research and potential therapeutic applications."
"pubmed","42773653","10.13345/j.cjb.260147","[Advances and applications of microbial genome evolution engineering].","Han, Zhimin; Wang, Lian; Fang, Lixia; Cao, Yingxiu","Sheng wu gong cheng xue bao = Chinese journal of biotechnology","2026-09-23","https://pubmed.ncbi.nlm.nih.gov/42773653/","The construction of microbial cell factories frequently encounters bottlenecks due to the complexity of metabolic pathways, insufficient enzyme functionality, and poor environmental tolerance. Directed evolution, as a pivotal technology for overcoming these engineering constraints, can significantly enhance the titer, productivity, and overall robustness of target-producing strains. Its development originated from traditional random mutagenesis, a method that generates genetic diversity through the imposition of artificial growth pressures and is currently in widespread use. However, owing to the uncontrollable direction of mutagenesis and the low frequency of beneficial mutations, this approach suffers from low screening efficiency and is both time-consuming and labor-intensive. To accelerate the evolutionary rate, global accelerated evolution strategies based on tools such as DNA repair deficiencies and cytidine deaminases have emerged, achieving orders-of-magnitude increases in genome-wide mutation rates. Targeted continuous evolution strategies centered on CRISPR/Cas and T7 RNA polymerase systems enable the precise introduction of mutations within predefined genomic regions, thereby greatly improving the enrichment efficiency of beneficial mutations while minimizing non-productive mutations. This review will focus on three core strategies-traditional random evolution, global accelerated evolution, and targeted continuous evolution-systematically elucidating their developmental trajectories, applications in the construction of microbial cell factories, and future directions. Collectively, this review aims to provide methodological guidance for overcoming the engineering bottlenecks in the construction of microbial cell factories."
"pubmed","42773511","10.1142/S0219720026500137","Cell-cycle-interferon coordination changes across proliferative states in TNBC/basal-like breast cancer.","Dikbas, Fatih","Journal of bioinformatics and computational biology","2026-09-23","https://pubmed.ncbi.nlm.nih.gov/42773511/","Cohort-wide pathway correlations can hide strong relationships that differ across tumor states. We asked whether this occurs in TNBC/basal-like breast cancer by ordering tumors on prespecified Hallmark pathway axes and comparing pathway correlations in fixed low and high states under complete-family error control. The dominant result was a recurrent proliferation-interferon pattern: three independently replicated relationships showed weaker or reversed cell-cycle/interferon correlation at higher E2F or G2/M state. Two additional, biologically distinct patient relationships also replicated, linking IL-6/JAK/STAT3 state to apoptosis-cholesterol coordination and IFN-gamma state to EMT-IFN-alpha coordination, without implying a shared molecular mechanism. Thirty-two patient relationships survived structural checks and five replicated in the same direction. Cell-line analyses provided complementary constraints: CRISPR tested selective single-gene dependency associations, whereas GDSC tested preclinical drug-response associations. None of 895,224 valid CRISPR axis-gene tests survived global correction, whereas four of 31,610 GDSC axis-drug tests did, on NOTCH, Complement, or Apoptosis axes; three involved MEK1/2 inhibitors. These drug-response associations do not validate the patient correlations, but they motivate prospective testing of pathway states as preclinical stratification variables. Practically, a weak pooled correlation should not be read as no association when a biologically defensible ordering axis exists."
"pubmed","42773351","10.1007/s11060-026-05804-z","BK(Ca) channel deletion modulates the DNA damage response to electron ultra-high dose rate irradiation in glioblastoma cells.","Maliszewska-Olejniczak, Kamila; Fryc, Michal; Kustra, Agata; Wiktorska, Katarzyna; Lenartowicz-Gasik, Aleksandra; Soroka, Wojciech; Rzadkiewicz, Jacek; Zochowska, Monika; Kulawiak, Bogusz; Bednarczyk, Piotr","Journal of neuro-oncology","2026-09-23","https://pubmed.ncbi.nlm.nih.gov/42773351/","PURPOSE: Large-conductance Ca(2 +)-activated potassium (BK(Ca)) channels have been implicated in glioblastoma progression and oxidative stress; however, their contribution to the cellular response to ionizing radiation remains poorly understood. Potassium channels represent attractive therapeutic targets because their activity can be modulated pharmacologically using selective inhibitors or genetically by gene silencing (siRNA) or gene knockout (CRISPR/Cas9). Here, we investigated whether genetic inhibition of BK(Ca) modulates the DNA damage response of human glioblastoma cells following electron ultra-high dose rate (UHDR) irradiation. METHODS: Human U87MG glioblastoma cells and BK(Ca)-knockout cells (U87MG DeltaalphaBK(Ca)) were exposed to an electron UHDR-9 MeV beam with an average dose rate of 150 Gy/s. Clonogenic survival, reactive oxygen species levels, cell-cycle distribution, apoptosis, DNA-DSBs, DNA repair, and expression of selected genes encoding DDR pathways were analyzed. RESULTS: BK(Ca) deletion did not significantly alter clonogenic survival following UHDR irradiation. Cells lacking the BK(Ca) channel exhibited elevated ROS levels, altered cell cycle distribution with G0/G1 accumulation, and enhanced apoptosis. UHDR induced lower gammaH2AX accumulation and reduced 53BP1 foci formation in U87MG DeltaalphaBK(Ca) cells, suggesting impaired DNA damage recognition and repair complex assembly. Gene expression analysis revealed a shift toward upregulation of DSBR pathways and downregulation of PARP-dependent SSBR mechanisms. CONCLUSION: In conclusion, these findings identify BK(Ca) as a regulator of the early molecular response of glioblastoma cells to electron UHDR irradiation and provide a basis for further studies investigating BK(Ca)-dependent radiation responses as a target for therapeutic modulation."
"pubmed","42773193","10.1038/s41596-026-01462-7","Author Correction: Tracking-seq: a universal off-target detection approach for CRISPR-Cas genome editing.","Xu, Runda; Cong, Tingting; Yuan, Junsong; Chen, Xuancheng; Li, Yinqing; Lan, Xun; Zhu, Ming","Nature protocols","2026-09-23","https://pubmed.ncbi.nlm.nih.gov/42773193/",""
"pubmed","42773127","10.1038/s41467-026-76893-7","Transposon end recognition and excision mechanisms of type I-F CRISPR-associated transposases.","Walter, Mateusz; Finocchio, Giada; Oberli, Seraina; Hammerschmid, Iana C; Lampe, George D; Karan, Julia; Swartjes, Thomas; Sternberg, Samuel H; Jinek, Martin; Querques, Irma","Nature communications","2026-09-23","https://pubmed.ncbi.nlm.nih.gov/42773127/","CRISPR-associated transposons (CASTs) are Tn7-like elements that have co-opted RNA-guided CRISPR effectors for targeted DNA insertion. CASTs have been adapted as genome editing tools for programmable, site-specific integration. Among them, the type I-F system from Pseudoalteromonas (PseCAST) shows exceptionally robust activity in human cells, yet its mechanistic basis remains poorly understood. Here, we present structural and biochemical analysis of the PseCAST transposase TnsAB. Biochemical reconstitution of transposon DNA excision defines key characteristics of the transposition mechanism. Cryogenic electron microscopy (cryo-EM) structures of PseTnsAB paired-end complexes reveal molecular determinants of transpososome assembly, transposon end recognition and cleavage. We validate these findings using biochemical and in vivo assays of structure-based transposase mutants, and provide mechanistic insights into the enhanced activity of a laboratory-evolved TnsAB variant. Together, our studies highlight molecular features underlying the efficiency of natural and engineered type I-F transposases and establish a mechanistic framework for their continued rational optimization."
"pubmed","42772798","10.1111/bph.70662","Zebrafish in the era of single-cell and spatial transcriptomics: a new paradigm for central nervous system drug discovery from natural products.","Huang, Yingyi; Liu, Xiang; Fan, Guangyi; Gong, Guiyi; Lee, Simon Ming-Yuen","British journal of pharmacology","2026-09-22","https://pubmed.ncbi.nlm.nih.gov/42772798/","Natural products (NPs) represent a an important chemical source for CNS therapeutics for central nervous system (CNS) therapeutics, yet elucidating their complex, multitarget mechanisms remains a major challenge. Zebrafish have emerged as a powerful vertebrate model bridging the translational gap between in vitro assays and rodent systems in CNS drug discovery. Their genetic tractability, optical transparency and rapid development make them ideal for high-throughput pharmacological screening. Recent advances in single-cell RNA sequencing (scRNA-seq) and spatial transcriptomics (ST), particularly Stereo-seq, are revolutionizing zebrafish-based drug discovery by enabling unprecedented resolution of cellular heterogeneity, tissue architecture and drug-induced transcriptomic changes. scRNA-seq allows for the dissection of individual cellular responses, uncovering dynamic and context-specific drug effects, while Stereo-seq maps gene expression within intact tissue landscapes, offering spatial precision. When integrated, these technologies empower researchers to conduct high-resolution compound screening, elucidate mechanisms of NPs, detect off-target effects and accelerate translational pipelines from zebrafish to human models. Coupled with CRISPR-based gene editing and phenotypic assays, this integrative approach positions zebrafish as a cornerstone of modern pharmacology and a transformative platform for CNS therapeutics."
"pubmed","42772585","10.1016/j.gene.2026.150416","Targeting host factors in antiviral therapy: new frontiers in combating viral infections.","Javadi, Kasra; Zebardast, Arghavan","Gene","2026-09-22","https://pubmed.ncbi.nlm.nih.gov/42772585/","The rapid emergence of antiviral resistance and recurrent viral outbreaks have exposed limitations of conventional direct-acting antivirals (DAAs), prompting increasing interest in host-directed antiviral therapies (HDAs). Unlike virus-targeted agents, HDAs target host cellular factors and pathways required for viral replication, potentially providing broader activity and a higher genetic barrier to resistance. This review summarizes advances in host-targeted antiviral strategies and their therapeutic potential against established and emerging viral pathogens. We examine host dependency and restriction factors, together with virus-host interactions, as key therapeutic targets. Functional genomic approaches, including CRISPR-based screening and RNA interference (RNAi), have enabled systematic identification and modulation of host factors. We discuss CRISPR-mediated genome editing, RNAi therapeutics, metabolic reprogramming, and small-molecule host-targeting antivirals, highlighting their mechanisms, therapeutic development, and advantages over conventional approaches. Major challenges include host toxicity, pathway redundancy, delivery limitations, off-target effects, and viral adaptation. Emerging directions, including artificial intelligence-assisted target discovery, multi-omics integration, programmable nucleic acid therapeutics, and precision medicine, may accelerate the development of broad-spectrum and pandemic-ready antivirals. Overall, host-directed strategies represent a paradigm shift in antiviral drug development, offering opportunities for durable, potentially less susceptible to classical resistance mechanisms, and potentially broad-spectrum host-targeting approacheswhile complementing existing virus-directed therapies. Their successful translation will depend on identifying safe non-essential host targets, improving tissue-specific delivery, integrating combination therapies, and establishing robust safety and efficacy profiles for clinical use across diverse populations."
"pubmed","42772556","10.1016/j.jbc.2026.113595","Structural insights into target detection by the Serratia type III CRISPR complex and its deployment in SNP identification.","Perdigao, Calvin C; Ajisafe, Luqman O; Sunny, Anju T; Wu, Si; Dokland, Terje; Dunkle, Jack A","The Journal of biological chemistry","2026-09-22","https://pubmed.ncbi.nlm.nih.gov/42772556/","Type III CRISPR systems utilize a complex containing Cas10, additional Cas proteins and a crRNA to detect foreign transcripts. Upon detection, Cas10 synthesizes cyclic oligoadenylates (cOA), signaling molecules that coordinate interference by stimulating downstream enzymes with DNase, RNase, protease or other activities. Type III systems possess properties well-suited to their deployment as molecular diagnostics: specific detection and activation of a cascade of multi-turnover enzymatic reactions that can be harnessed for signal generation. We answered key questions concerning the structure and function of Serratia Cas10-Csm to facilitate its use in molecular diagnostics. We determined that Serratia Cas10-Csm (SerrCas10-Csm) synthesizes predominantly cA(3) molecules and this synthesis is sensitive to mismatches in the crRNA-target RNA duplex adjacent to Cas10. To understand how Cas10 senses the presence of a bound target RNA, we determined the structure of SerrCas10-Csm unbound and bound to target RNA identifying conformational changes associated with target binding. We programmed SerrCas10-Csm with a crRNA recognizing a single nucleotide polymorphism that occurs in the human HBB transcript and is associated with sickle cell disease. We demonstrate that when the polymorphism occurs in the +1 position of the crRNA-target duplex, SerrCas10-Csm can distinguish it indicating an additional role for type III CRISPR systems in point-of-care diagnostics in low-resource settings."
"pubmed","42772460","10.1016/j.plantsci.2026.113469","Rhizosphere engineering 2.0: Predictive microbiome design for climate-resilient agriculture, sustainable food production, and global food security.","Upadhyay, Sudhir Kumar","Plant science : an international journal of experimental plant biology","2026-09-22","https://pubmed.ncbi.nlm.nih.gov/42772460/","The rhizosphere is a dynamic interface among plant roots, soil, and microbiota, where the resident microbial community shapes plant health, ecosystem resistance and resilience, nutrient cycling, and sustainable crop production. Yet the limited efficacy of conventional microbial inoculants under field conditions - reflecting poor persistence of introduced microorganisms, incomplete mechanistic understanding of plant-microbiome signalling, and high context-dependence across soils and climates - has created a need for predictive, rather than empirical, microbiome engineering. To close this gap, we introduce Rhizosphere Engineering 2.0 (RE 2.0), defined here as a predictive, systems-level framework that integrates systems biology, multi-omics, ecological network analysis, synthetic biology, artificial intelligence (AI), and precision agriculture to forecast and design microbiome composition and function before field deployment, rather than selecting inoculants by trial and error. We review the biological underpinnings of RE 2.0 - the plant-soil-microbiome holobiont, root-exudate-driven microbiome assembly, interkingdom communication, and ecological network organisation - that govern nutrient uptake, disease resistance, carbon sequestration and ecosystem stability. We then evaluate the engineering strategies that operationalise this framework, including synthetic microbial communities (SynComs), root exudate engineering, biochar-assisted microbiome engineering, regenerative soil management, CRISPR-based microbiome editing, and AI- and digital-twin-guided microbiome prediction, for improving nutrient-use efficiency, crop productivity, climate resilience and soil restoration. Key translational challenges are critically examined, including ecological complexity, poor field persistence of introduced microorganisms, incomplete mechanistic understanding, and biosafety and regulatory constraints. We conclude by outlining a research and implementation roadmap through which the integrated RE 2.0 approach can advance sustainable agricultural intensification, climate resilience, soil restoration and global food security."
"pubmed","42772422","10.1016/j.jhepr.2026.102042","Modeling Liver Cancer Molecular and Histological Features by CRISPR Editing of Porcine Hepatocytes.","Elkhadragy, Lobna; David, Olayinka G; Castillo, Caitlyn C; Redlon, Luke N; Jordan, Luke R; Khan, Nusrat; Liu, Hannah; Rosa Lopes, Isadora Andre; Zhou, Yanqiong; Kanzaki, Hiroaki; Hoshida, Yujin; Samuelson, Jonathan P; Lujambio, Amaia; Schook, Lawrence B; Guzman, Grace; Schachtschneider, Kyle M; Gaba, Ron C","JHEP reports : innovation in hepatology","2026-09-22","https://pubmed.ncbi.nlm.nih.gov/42772422/","BACKGROUND: /Aims: Hepatocellular carcinoma (HCC) is an aggressive disease with limited response to available therapies. Progress in therapeutic development has been hampered by the lack of preclinical models that recapitulate human HCC and support evaluation of multimodal therapies. Here, we employ CRISPR editing to identify alterations that drive hepatocyte transformation and to establish genetically defined HCC models. METHODS: Hepatocytes were isolated from pigs (n=7) and subjected to combinations of 2-4 gene alterations, including CRISPR-mediated knockout of tumor suppressor genes (TP53, PTEN, CDKN2A, AXIN1), with or without c-Myc overexpression. Resulting cells were injected subcutaneously into immunodeficient mice to assess their tumorigenicity and histological features. To establish a large-animal model, autologous transformed hepatocytes were implanted into four intrahepatic sites (n=5 pigs). Transcriptomic profiling of cells, xenografts, and porcine tumors was conducted by RNA sequencing, using FDR<0.05 for DEG analysis. RESULTS: Eight combinations of gene alterations yielded cells expandable in culture, in contrast to unmodified primary hepatocytes. Cells harboring at least three gene alterations (n=5 lines) formed xenograft tumors (n=22 mice), whereas cells with only two gene knockouts did not (n=5 mice). Xenografts with sgTP53; c-Myc(OE); sgPTEN and/or sgCDKN2A recapitulated histological features of human liver cancer, including clear cell, trabecular, and pseudoglandular HCC and cholangiocarcinoma. Transcriptomic analysis of transformed cells and xenograft tumors revealed activation of cell-cycle pathways and similarity to human HCC profiles. Autologous implantation of transformed hepatocytes generated intrahepatic tumors at 7/8 injection sites (87.5%) in two pigs, providing proof-of-concept for an immune-competent HCC model in wild-type pigs. CONCLUSIONS: This study delineates cooperative oncogenic alterations that drive hepatocyte transformation ex vivo and provides cell and animal models that recapitulate key histological and molecular features of human HCC. IMPACT AND IMPLICATIONS: HCC has poor response rates to available treatments, underscoring the urgent need for translational preclinical models. Through ex vivo CRISPR editing of clinically relevant genes in porcine hepatocytes, we established cell and animal models that recapitulate key molecular and histological features of human HCC. This platform provides a foundation for future mechanistic studies, genotype-phenotype mapping, and preclinical testing of precision therapies. Moreover, the porcine model's size and physiological similarity to humans make it a promising model for evaluating locoregional therapies and device-based therapies in an immune-competent setting."
"pubmed","42772366","10.1016/j.jip.2026.108750","From genomes to field diagnostics: Advances in detection and molecular understanding of Pebrine disease in silkworms.","Sobha, Sruthy Kallinkal; Vikram, Konaghatta Vijayakumar; Narayanaswamy, Balaji Balagere; Rabha, Mihir; Syam, Serpangeri; Rahul, Kamidi; Makwana, Pooja; Doss, S Gandhi; Kumar, Ajay; Dufosse, Laurent","Journal of invertebrate pathology","2026-09-22","https://pubmed.ncbi.nlm.nih.gov/42772366/","Pebrine, caused by genus Nosema, is one of the most destructive diseases affecting silkworms. Because the pathogen can be transmitted both vertically and horizontally, infection can persist across successive generations, resulting in substantial reductions in cocoon yield and silk quality. Microscopic examination remains the most widely used method for the routine diagnosis of pebrine. However, microscopy has limited sensitivity and can detect the pathogen only when it is in the sporulated form, which may lead to false-negative results during diagnosis. Recent advances in molecular biology and genomics have significantly improved understanding of the pathogen and have enabled the development of more sensitive diagnostic approaches. This review summarizes updated information on the biology and genomic architecture of Nosema species associated with pebrine, including genome organization and virulence-associated genes. The molecular diagnostic strategies such as conventional PCR, quantitative PCR, loop-mediated isothermal amplification (LAMP), and CRISPR-based detection systems offer improved sensitivity and rapid detection. However, the emerging technologies such as biosensors, microfluidic devices, and smartphone-based detection platforms are also discussed as promising tools for field-level diagnosis. In addition, recent omics-based studies involving genomics, transcriptomics, proteomics, and metabolomics are highlighted for their contributions to understanding host-parasite interactions and disease pathogenesis. The review uniquely integrates recent genomic insights with emerging diagnostic technologies, including CRISPR-based assays, biosensors, microfluidics, and smartphone-assisted platforms, highlighting their potential for rapid and field-deployable detection of pebrine disease."
"pubmed","42772154","10.1016/j.bios.2026.119238","A review of portable molecular diagnostics: Paper and smartphone synergy for pathogen detection.","Lee, Sangmin; Batule, Bhagwan S; Seok, Youngung","Biosensors & bioelectronics","2026-09-22","https://pubmed.ncbi.nlm.nih.gov/42772154/","Molecular diagnostics (MDx) enables sensitive and specific pathogen detection, but conventional laboratory-based methods require specialized instruments, trained personnel, and centralized infrastructure, limiting their accessibility in resource-limited settings. Paper-based MDx platforms offer low-cost, portable, and user-friendly alternatives for decentralized point-of-care testing (POCT); however, many systems still rely on subjective visual readout, partial workflow integration, and limited standardization. This review summarizes representative paper-based molecular diagnostic platforms for pathogen detection and critically examines how smartphone integration can support signal acquisition, quantitative or semi-quantitative analysis, data processing, and field deployability when imaging conditions and calibration strategies are appropriately controlled. We discuss paper-compatible nucleic acid amplification and molecular detection strategies, including loop-mediated isothermal amplification (LAMP), recombinase polymerase amplification (RPA), CRISPR-assisted assays, and amplification-free strand-displacement systems. Emphasis is placed on colorimetric and fluorescence-based readouts, smartphone-assisted image acquisition, app-based interpretation, and optical setup design. Representative examples demonstrate sensitive and rapid detection of pathogens such as SARS-CoV-2, MRSA, HIV-1, and Escherichia coli across diverse human-derived, food, environmental, and agricultural sample matrices. Rather than solely reporting analytical sensitivity, we compare platforms in terms of detection modality, smartphone role, data-processing strategy, workflow integration, real-sample validation, and practical deployment constraints. Remaining challenges include incomplete sample-to-answer integration, sample preparation bottlenecks, smartphone-to-smartphone variability, calibration robustness, reagent stability, and limited field validation. Overall, smartphone-integrated paper-based MDx provides a promising route toward accessible POCT, but future progress will depend on system-level co-optimization of paper architecture, molecular assay chemistry, optical acquisition, software analysis, and user-centered workflow design."
"pubmed","42772146","10.1016/j.psj.2026.107751","Feathered bioreactor: transforming a chicken egg into a recombinant protein biomanufacturing foundry.","Naim, Adnan; Sharma, Arjun; Ray, Sanket Kumar; Nayak, Debasis","Poultry science","2026-09-22","https://pubmed.ncbi.nlm.nih.gov/42772146/","The limitations of conventional small-molecule drugs in treating complex chronic and inherited disorders have driven demand for recombinant protein therapeutics offering superior target specificity and mechanistic precision. However, existing production platforms remain inadequate: bacterial systems lack post-translational processing machinery; yeast and insect systems produce non-human glycans; and mammalian cell-based systems, while biologically capable, require infrastructure that renders therapeutics inaccessible in resource-limited settings. This review examines the transgenic chicken egg as a compelling manufacturing alternative, whose oviduct epithelium can be reprogrammed through Clustered Regularly Interspaced Short Palindromic Repeats/CRISPR-associated protein 9 (CRISPR/Cas9) mediated primordial germ cell editing to secrete recombinant proteins directly into albumen at clinically meaningful yields. The chicken egg's predominant human-compatible N-acetylneuraminic acid (Neu5Ac) glycosylation, natural sterility, and simplified protein matrix collectively address the biological and economic shortcomings of conventional platforms. Regulatory approval of egg-derived biopharmaceuticals, including Kanuma and Epovet, validates this approach. Outstanding challenges, including incomplete sialylation and extended flock-establishment timelines, are critically discussed, along with strategies to overcome them."
"pubmed","42772028","10.1016/j.plaphy.2026.111742","RsHSFA3 of Rhododendron simsii confers plant heat tolerance by molecular regulation.","Zuo, Weiwei; He, Yuchunjie; Zeng, Liang; Guo, Qiqiang; Li, Qian; Zhang, Bin; Li, Huie","Plant physiology and biochemistry : PPB","2026-09-22","https://pubmed.ncbi.nlm.nih.gov/42772028/","Global warming severely restricts the cultivation and landscape application of heat-sensitive alpine rhododendrons. Rhododendron simsii, an important parent of hybrid azaleas, exhibits strong heat tolerance and wide environmental adaptability. Heat Shock transcription Factors (HSFs) act as core regulators governing plant heat tolerance. Screening and functional characterization of HSF genes in R. simsii can supply candidate genes for genetic improvement of heat-sensitive Rhododendron species. In this study, a total of 22 HSF family members were identified from the whole-genome sequence of R. simsii, one of which encodes a gene rapidly and markedly induced by heat stress, designated RsHSFA3. Subcellular localization assay verified that RsHSFA3 localizes to the cell nucleus. Heterologous overexpression of RsHSFA3 significantly elevated basal heat tolerance and acquired heat tolerance in transgenic Arabidopsis. CRISPR/Cas9-mediated gene-edited callus lines of R. simsii targeting RsHSFA3 were generated. Physiological measurements demonstrated that RsHSFA3 positively regulates heat tolerance by boosting reactive oxygen species (ROS) scavenging capacity and preserving cell membrane stability. Integrative analyses of DAP-seq, yeast one-hybrid and dual-luciferase reporter assay validated that RsHSFA3 binds to the promoters of heat-responsive genes including RsHSP70, RsHSP30, RsAPG2, RsXPO1 and RsHSP80 to activate their transcription. Yeast two-hybrid and bimolecular fluorescence complementation assays further revealed physical interactions between RsHSFA3 and RsHSP70 as well as RsHSP82. Collectively, RsHSFA3 synergistically enhances heat tolerance in R. simsii via activating the expression of heat shock proteins and facilitating ROS detoxification. The findings provide valuable genetic resource and theoretical foundation for directed heat-tolerance breeding of Rhododendron varieties."
"pubmed","42772027","10.1016/j.plaphy.2026.111732","Beyond stomata: a novel role of EPFL9-2 in regulating root system architecture and hydraulics in grapevine.","Shahbaz, Umar; Videau, Pierre; Unterholzner, Simon Josef; Zanocco, Ares; Piazza, Stefano; Sonego, Paolo; Ammanniti, Sara; Bianchedi, Pier Luigi; Masuero, Domenico; Pindo, Massimo; Malnoy, Mickael; Fiorani, Fabio; Zekri, Olivier; Faralli, Michele; Dalla Costa, Lorenza","Plant physiology and biochemistry : PPB","2026-09-22","https://pubmed.ncbi.nlm.nih.gov/42772027/","Epidermal Patterning Factors (EPFs) are small plant peptides crucial for various physiological and developmental processes. While EPFL9 positively regulates leaf stomatal formation in crops, its function in other organs remains poorly understood. This study elucidates the role of VviEPFL9-2 in grapevine roots. Morphological and physiological traits were assessed in epfl9-2 knock-out (KO) lines of the rootstock 'Kober 5BB' under well-watered (WW) and water-stressed (WS) conditions, and in grafted plants with combinations of WT and KO scions and rootstocks. A multi-omics and immune-histological analysis of root tissues was also performed. KO root apparatus had a significant reduction in geotropic angle and total length, accompanied by an increase in root diameter and KO stems displayed more xylem vessels with a smaller section area. This phenotype persisted even when KO rootstocks were grafted with a WT scion. KO lines exhibited improved water-use efficiency under both WW and WS conditions. At the molecular level, edited roots showed strong activation of the lignin and salicylic acid pathways, confirmed by the confocal analysis of root tips and by the phytohormone profile. Our results demonstrate for the first time that VviEPFL9-2 loss-of-function induces profound root anatomical, morphological, and physiological modifications that are potentially beneficial for drought tolerance."
"pubmed","42771667","10.1371/journal.pbio.3004013","Coordinated P450-UGT detoxification contributes to furanocoumarin tolerance associated with host plant range divergence in Helicoverpa.","Wang, Huidong; Kong, Yajie; Su, Xinyue; Shi, Yu; Zhang, Jianpeng; Wang, Yinjia; Xiao, Yajuan; Geng, Xing; Song, Jing; Ye, Yueru; Zuo, Kairan; Bass, Chris; Zhou, Shutang","PLoS biology","2026-09-22","https://pubmed.ncbi.nlm.nih.gov/42771667/","Plants and herbivorous insects are engaged in a continuous evolutionary arms race driven by chemical defences and counter-defences. How insects integrate distinct detoxification systems to overcome diverse phytochemicals, and how such mechanisms contribute to host-range divergence, remains poorly understood. Here, we uncover a cooperative cytochrome P450-UDP-glycosyltransferase (UGT) cascade that mediates furanocoumarin tolerance in Helicoverpa armigera. Comparative genomic analyses across Helicoverpa and related noctuid species revealed that the UGT33 family is the most extensively expanded and dynamically diversified UGT lineage in Helicoverpa. Targeted CRISPR-Cas9 knockouts of UGT33 gene clusters in polyphagous H. armigera demonstrated their essential roles in detoxifying the furanocoumarins xanthotoxin and imperatorin. Combined metabolic and functional assays further established a sequential detoxification pathway, in which the cytochrome P450 CYP6AE19 catalyses either the O-dealkylation of xanthotoxin to yield xanthotoxol or the aromatic-carbon hydroxylation of xanthotoxin to form 5-hydroxyxanthotoxin, which are subsequently glycosylated by UGT33 enzymes to form their less-toxic glucosides. In contrast, impaired CYP6AE19-UGT33 coordination in the oligophagous Helicoverpa assulta was associated with reduced xanthotoxin detoxification and high sensitivity to this compound. Together, these findings provide direct evidence for coordinated Phase I-Phase II detoxification of a plant defensive compound in insects and show that functional divergence in this pathway contributes to interspecific differences in plant toxin tolerance, which are associated with contrasting dietary breadth in closely related herbivorous insects."
"pubmed","42771583","10.1182/blood.2026034001","Mutant ASXL1 Cooperates with MECOM and BRD4 to Drive Transcriptional Dysregulation in Human Hematopoiesis.","Hall, Madison L; Quintal, Aliya; Acharya, Sonia N; Worme, Samantha; Nguyen, Thai T; Schonrock, Zachary; Tsuchiya, Mitsuhiro; Carlson, Hanqian L; Pacentine, Itallia V; Shrestha, Shawn B; Macaraeg, Jommel; Armstrong, Randall; Szczepanski, Nicole; Adler, James; McGann, James; Evans-Dutson, Sara; Lusardi, Theresa A; O'Connell, Brendan L; Adey, Andrew C; Yardimci, Galip Gurkan; Maxson, Julia E; Braun, Theodore P","Blood","2026-09-22","https://pubmed.ncbi.nlm.nih.gov/42771583/","Mutations in the epigenetic regulator ASXL1 are common in myeloid malignancies and portend a near-universally poor prognosis. While multiple mechanisms for mutant ASXL1-dependent oncogenesis have been proposed, none have been functionally validated in the context of the human hematopoietic stem cell, where these mutations almost certainly arise. Here, we extensively characterized a CRISPR-engineered human hematopoietic stem and progenitor cell model of ASXL1 mutations. In this context, mutant ASXL1 expression decreases differentiation, increases clonogenicity in serial replating experiments, and improves engraftment in immunodeficient mice. We also show that endogenous truncating ASXL1 mutations stabilize the protein and confirm that mutant ASXL1 resists proteasomal degradation. At the transcriptional level, these phenotypes are driven by significant repression of immediate early genes and subtle global transcriptional upregulation, especially of genes repressed during normal differentiation. Using protein-interaction screens, genomic and functional approaches, we link the phenotypic changes in ASXL1-mutant cells to increased chromatin binding of RNAPII, BRD4, and the transcription factor MECOM. The association between ASXL1 and MECOM may reflect a direct or indirect interaction. We also observe aberrant RNA polymerase II pausing dynamics, especially at immediate early genes, in ASXL1-mutated cells. Finally, we demonstrate that ASXL1-mutant AML exhibits increased MECOM activity, consistent with our gene-editing models. Collectively, these studies highlight a highly reproducible model of mutant ASXL1 in the appropriate cell context. Further, they are the first to functionally describe the mutant ASXL1 interactome in the context of human HSCs, identifying MECOM and BRD4 as actionable dependencies with therapeutic potential for ASXL1-mutant myeloid malignancies."
"pubmed","42771352","10.1080/14779072.2026.2735936","Beating the heart failure epidemic: can emerging cell therapies deliver what conventional approaches cannot?","Saltzman, Russell G; Asensi, Karina D; Chakraborty, Arnab; Kulandavelu, Shathiyah; Hare, Joshua M","Expert review of cardiovascular therapy","2026-09-22","https://pubmed.ncbi.nlm.nih.gov/42771352/","INTRODUCTION: Heart failure (HF) is one of the most urgent unmet challenges in cardiovascular medicine. Despite advances in guideline-directed medical therapy (GDMT), substantial morbidity and mortality remain high in patients with advanced disease. This suggests a need for disease-modifying interventions that address underlying biological mechanisms. AREAS COVERED: This review examines the mechanistic evolution of cardiac cell therapy, from the original engraftment-and-differentiation paradigm to paracrine and immunomodulatory frameworks. Based on a PubMed and ClinicalTrials.gov search (January 2000 - June 2026), we discuss advances in mesenchymal stem cells, extracellular vesicles, CRISPR-based gene editing, and emerging precision medicine strategies including multi-omics profiling, machine learning-based patient stratification, and adaptive trial design. EXPERT OPINION: Meaningful clinical progress will require matching biologically informed cell or cell-free products to genetically and phenotypically defined patient subgroups, adopting repeat-dosing paradigms, and integrating regenerative therapies within the existing heart failure treatment framework rather than deploying them as standalone interventions. If these approaches are implemented successfully, cell-based regenerative therapies will have the potential to substantially impact the prognosis and treatment of HF."
"pubmed","42771324","10.1007/978-1-0716-5547-4_21","Delivery of Targeting Constructs into Zygotes Using Electroporation.","Vaskovicova, Michaela; Dolejs, Vojtech; Dostalova, Pavla; Michalikova, Csilla Sustr; Prochazka, Jan; Sedlacek, Radislav","Methods in molecular biology (Clifton, N.J.)","2026-09-22","https://pubmed.ncbi.nlm.nih.gov/42771324/","Zygote electroporation (EP) is a widely used technique for the delivery of targeting constructs into the embryos and has become very popular in the last few years in transgenic facilities all over the world. Zygote electroporation is technically simple, as it does not require equipment for microinjection. Moreover, zygote electroporation is less invasive, resulting in higher survival rates in comparison to pronuclear microinjection, leading to a reduction in the number of animals needed. Another advantage of zygote electroporation is a higher number of zygotes that can be targeted simultaneously, which minimizes the time required for zygote manipulation. Zygote electroporation is easily combined with the use of the CRISPR-Cas9 system."
"pubmed","42771323","10.1007/978-1-0716-5547-4_20","Nucleofection-Based CRISPR/Cas Delivery in Human T Cells for Immunotherapy Applications.","Ortiz-Bueno, Maria; Millan-Lopez, Alejandro; Labun, Kornel; Benabdellah, Karim","Methods in molecular biology (Clifton, N.J.)","2026-09-22","https://pubmed.ncbi.nlm.nih.gov/42771323/","Electroporation-based delivery of CRISPR/Cas systems has emerged as a powerful and versatile approach for gene editing in primary human T cells, enabling efficient, transient, and nonviral modification while minimizing genomic integration risks. This chapter focuses on the principles and practical implementation of electroporation (nucleofection) for the delivery of Cas9 ribonucleoprotein (RNP) complexes into human T cells, highlighting critical parameters that influence editing efficiency, cell viability, and scalability for research and clinical applications. We provide a comprehensive protocol for multiplex gene editing in primary human T cells using Cas9 RNP electroporation, including optimization of cell activation status, buffer composition, electroporation settings, and post-electroporation recovery. Particular emphasis is placed on strategies to achieve high-efficiency disruption of target loci such as TRAC and B2M, enabling the generation of edited T cell products with defined functional properties. As a representative application, we describe how this delivery platform can be integrated with chimeric antigen receptor (CAR) engineering to produce edited CAR-T cells, including universal ""off-the-shelf"" designs with reduced risks of graft-versus-host disease and immune rejection. Downstream evaluation methods, including multiparameter flow cytometry for assessing editing efficiency and immunophenotype, are also outlined."
"pubmed","42771322","10.1007/978-1-0716-5547-4_19","An Electroporation-Based Protocol for Ex Vivo Base Editing: From Design to Quantitative Assessment.","Pena-Gutierrez, Irene; Mazzeo, Davide; Bassons-Bascunana, Alex; Haider, Sibtain; Garcia-Garcia, Laura; Olalla-Sastre, Beatriz; Rio, Paula; Lopez-Manzaneda, Sergio; Mataix, Manuel","Methods in molecular biology (Clifton, N.J.)","2026-09-22","https://pubmed.ncbi.nlm.nih.gov/42771322/","Base editing is a CRISPR variant approach that enables single-nucleotide conversions without generating double-strand breaks. Cytosine and adenine base editors mediate C*G to T*A and A*T to G*C transitions, respectively, by coupling a deaminase to a catalytically impaired Cas9, a modified nuclease that lacks DNA cleavage activity but retains DNA binding capability. By avoiding double-strand breaks, base editing limits reliance on unpredictable end-joining pathways and facilitates more precise outcomes. This chapter provides a practical protocol for base editing by electroporation in adherent and suspension stem cells. The workflow spans guide design aligned with the editor activity window, in vitro synthesis of mRNA-based editor components, and electroporation for transient delivery. We detail essential steps for cell handling and recovery, followed by standard readouts. Analytical endpoints focus on targeted sequencing to quantify base conversion and assess editing specificity, with guidance for basic interpretation of results. Troubleshooting notes address frequent pitfalls and practical remedies to optimize performance across cell types."
"pubmed","42771321","10.1007/978-1-0716-5547-4_18","Electroporation for High-Efficiency Delivery of CRISPR to Hematopoietic Cells.","Papaioannou, Nikoletta Y; Papasavva, Panayiota L; Patsali, Petros; Lederer, Carsten W","Methods in molecular biology (Clifton, N.J.)","2026-09-22","https://pubmed.ncbi.nlm.nih.gov/42771321/","Recent advances in genome editing technologies have enabled transformative therapeutic strategies for hematological disorders. Efficient implementation of these approaches requires reliable delivery of genome editing components into primary hematopoietic stem and progenitor cells (HSPCs), which are particularly sensitive and resistant to conventional transfection methods. Electroporation has emerged as the most widely used strategy for ex vivo delivery of genome editing reagents into CD34(+) hematopoietic cells. Genome editing tools can be delivered in multiple formats, including plasmid DNA, messenger RNA (mRNA), and ribonucleoprotein (RNP) complexes. In HSPCs, mRNA- and RNP-based approaches are generally better tolerated than plasmid DNA and allow transient expression with reduced cytotoxicity. In this chapter, we describe optimized protocols for electroporation-based delivery of CRISPR/Cas9 RNP complexes and mRNA-encoded base editors into HSPCs using the Amaxa 4D-Nucleofector system. Detailed procedures are provided for cell preparation, guide RNA design, assembly of Cas9 RNPs, in vitro transcription and purification of base editor mRNA, electroporation parameters, and assessment of editing efficiency. Emphasis is placed on maximizing editing performance while preserving stem cell viability and functionality."
"pubmed","42771320","10.1007/978-1-0716-5547-4_17","Production and Purification of Cas9 Protein for Ribonucleoprotein Complex Formation.","Skrbinek, Mojca; Bohinc, Jure","Methods in molecular biology (Clifton, N.J.)","2026-09-22","https://pubmed.ncbi.nlm.nih.gov/42771320/","Cas9-guide RNA ribonucleoprotein (RNP) complexes are widely used for genome editing because they provide rapid, transient nuclease activity without introducing exogenous DNA into target cells. Efficient RNP delivery requires a highly purified, correctly folded Cas9 protein that is free of contaminating nucleases and small-molecule impurities. This chapter describes the expression of N-terminally His-tagged Cas9 from a pET28b vector in Escherichia coli Rosetta strains, followed by purification using Ni-NTA immobilized metal affinity chromatography (IMAC) and size exclusion chromatography (SEC) on a Superdex 200 Increase column. The protocol covers bacterial fermentation, cell lysis, IMAC with high-salt and graded-imidazole washes, SEC polishing, dialysis into a storage buffer, and concentration to RNP-ready stocks, with quality control by SDS-PAGE and optional western blotting and BCA assay. Finally, a short procedure for assembling Cas9 RNPs with in vitro-transcribed guide RNAs is provided, making the protocol directly applicable to CRISPR RNP delivery in mammalian cells."
"pubmed","42771319","10.1007/978-1-0716-5547-4_16","Virus-Like Particles as a Nonviral CRISPR/Cas Editing Delivery Tool.","Carusillo, Antonio; Naseem, Asma; Cavazza, Alessia","Methods in molecular biology (Clifton, N.J.)","2026-09-22","https://pubmed.ncbi.nlm.nih.gov/42771319/","Virus-like particles (VLPs) are self-assembling viral protein complexes that mimic native virions while lacking replicative and infectious capacity. By retaining efficient cellular entry and cargo protection, they overcome key limitations of viral vectors, including insertional mutagenesis and strong immunogenicity. Their ease of production, flexible cargo capacity, and tunable tropism make them highly versatile tools. Here, we describe a protocol for generating VSV-G-pseudotyped VLPs that deliver CRISPR/Cas9 RNPs and their functional validation in surrogate cell lines."
"pubmed","42771318","10.1007/978-1-0716-5547-4_15","Oligo-Modified Poly(beta-Amino Ester)-Mediated mRNA Delivery: A Protocol for Gene Editing Applications.","Marti-Melero, Laia; Martin, Sara Perez; Gomez, Salvador Borros; Guerra-Rebollo, Marta","Methods in molecular biology (Clifton, N.J.)","2026-09-22","https://pubmed.ncbi.nlm.nih.gov/42771318/","Oligopeptide-modified poly(beta-amino ester)s (OM-pBAEs) are polymer-based delivery systems that enable the encapsulation and intracellular transport of nucleic acids, including messenger RNA (mRNA) and mixtures of mRNA with DNA. OM-pBAEs form cationic nanoparticles (NPs) through electrostatic interactions with nucleic acids, protecting them from degradation and enhancing cellular uptake. Terminal oligopeptides composed of lysine, arginine, or histidine enhance polyplex stability, nucleic acid binding, and endosomal escape. This chapter describes a protocol for preparing OM-pBAE nanoparticles, including polymer synthesis, peptide modification, controlled mixing with nucleic acids to form polyplexes, precipitation in RNase-free water, stabilization with excipients, and optional freeze-drying for long-term storage. Nanoparticle formation occurs at a constant temperature of 25 degrees C, with incubation to ensure reproducible self-assembly. Nanoparticles are characterized by using dynamic light scattering (DLS) to determine particle size, polydispersity, and surface charge, while nucleic acid encapsulation efficiency is assessed to evaluate loading capacity. This protocol provides a versatile, nonviral platform for efficient nucleic acid delivery, supporting applications such as gene-editing experiments."
"pubmed","42771317","10.1007/978-1-0716-5547-4_14","Cell-Penetrating Peptide Delivery for CRISPR Applications.","Paul, Abhik; Lee, Hye Young; Tuma, Jan","Methods in molecular biology (Clifton, N.J.)","2026-09-22","https://pubmed.ncbi.nlm.nih.gov/42771317/","Cell-penetrating peptides (CPPs) provide a modular nonviral strategy for intracellular delivery of CRISPR/Cas9 components, particularly preassembled Cas9 ribonucleoprotein (RNP) complexes. This chapter summarizes key principles of CPP-mediated Cas9 RNP delivery, including noncovalent complexation and covalent CPP-Cas9 conjugation strategies. A representative protocol is provided for the preparation and evaluation of Cas9-K5 RNP, including in vitro uptake and reporter-editing assays, nucleofection-based functional controls, local intracranial delivery, immunofluorescence staining, and quantitative analysis of reporter activation in brain tissue."
"pubmed","42771316","10.1007/978-1-0716-5547-4_13","Quantitative Analysis of CRISPR Encoding Plasmid DNA-Nanocarrier Interactions by Gel Electrophoresis and Densitometry.","Vasti, Cecilia; Valenti, Laura E; Giacomelli, Carla E","Methods in molecular biology (Clifton, N.J.)","2026-09-22","https://pubmed.ncbi.nlm.nih.gov/42771316/","Nanoparticle-based carriers are key systems for the transport and delivery of nucleic acids in gene therapy, RNA therapeutics, and genome editing applications. The development of efficient delivery systems for CRISPR-Cas technologies requires reliable methods to evaluate nanocarrier-nucleic acid interactions, binding efficiency, and loading capacity. Agarose gel electrophoresis is commonly used to study these interactions through gel retardation assays, but results are often interpreted qualitatively based on visual inspection of DNA band migration. In this chapter, we present a quantitative approach that combines agarose gel electrophoresis with densitometric analysis of plasmid DNA (pDNA) bands to evaluate the interaction between pDNA and inorganic nanocarriers. The method relies on quantifying the fraction of free pDNA that migrates through the gel, while nanocarrier-pDNA systems remain near the loading wells. Band intensities are analyzed using ImageJ software to determine the amount of free pDNA and to estimate binding efficiency through depletion analysis. This protocol provides a simple and accessible strategy to quantify the loading of pDNA encoding CRISPR components, guide RNA constructs, or other nucleic acid cargos, facilitating the development and optimization of nanoparticle-based delivery systems for genome editing applications."
"pubmed","42771314","10.1007/978-1-0716-5547-4_11","CRISPR/Cas9 Delivery Using Extracellular Vesicles.","Pecan, Peter; Mancek-Keber, Mateja","Methods in molecular biology (Clifton, N.J.)","2026-09-22","https://pubmed.ncbi.nlm.nih.gov/42771314/","Extracellular vesicles (EVs), particles released from cells, have the potential to become an important in vivo delivery vehicle for CRISPR machinery. Unlike viral vectors such as Adeno-associated virus (AAV), EVs reduce risks associated with immunogenicity, long-term expression, and potential off-target effects. EVs can efficiently deliver CRISPR/Cas9 ribonucleoprotein (RNP) complexes, which provide transient, ready-to-function editing machinery with reduced off-target risk compared with plasmid DNA or mRNA delivery. RNP loading into EVs can occur without specific targeting signals, although strategies such as membrane anchoring, inducible dimerization systems, or fusion with EV-associated proteins can enhance cargo enrichment. EVs are typically produced by transfecting producer cells with plasmids encoding Cas9 and sgRNA, followed by vesicle release into culture media. Purification requires removal of cellular debris and enrichment of vesicles using methods such as ultracentrifugation, ultrafiltration, chromatography, or precipitation. As no single gold-standard purification approach exists, method selection should balance yield and purity, and characterization using vesicle markers and size distribution profiling is recommended."
"pubmed","42771313","10.1007/978-1-0716-5547-4_10","Lipid Nanoparticle-Mediated Delivery of CRISPR-Cas9 Components for Genome Editing.","Olsen, Amalie Lykke; Brandt, Camilla Blunk; Larsen, Rasmus Karred; Luo, Yonglun","Methods in molecular biology (Clifton, N.J.)","2026-09-22","https://pubmed.ncbi.nlm.nih.gov/42771313/","Lipid nanoparticles (LNPs) are a clinically validated nonviral platform for the delivery of CRISPR-associated components. Composed of ionizable lipids, phospholipids, cholesterol, and PEG-lipids, LNPs enable the efficient encapsulation, protection, and cytosolic delivery of therapeutic cargo such as DNA, RNA, or proteins. The clinical relevance of LNPs has already been shown by multiple FDA-approved therapies, including siRNA-based treatments and mRNA vaccines. Compared with viral vectors, LNPs offer several advantages, including reduced immunogenicity, absence of genomic integration, scalable manufacturing, and flexibility in cargo size, while supporting transient expression, which is desirable for genome editing applications. However, challenges remain, including limited tissue specificity and inefficient endosomal escape. Recent advances in lipid chemistry optimization and surface modification have improved delivery performance. Among available formulation techniques, microfluidic mixing has emerged as a preferred method due to its reproducibility, scalability, and precise control over particle properties. This protocol describes a standardized microfluidic workflow for reproducible LNP formulation, providing practical guidance on lipid preparation, nanoparticle assembly, and quality control."
"pubmed","42771312","10.1007/978-1-0716-5547-4_9","Adeno-Associated Viral Vector (AAV)-Mediated In Vivo CRISPR-Cas9 Delivery.","Llanos-Ardaiz, Andrea; Zabaleta, Nerea; Torella, Laura; Gonzalez-Aseguinolaza, Gloria","Methods in molecular biology (Clifton, N.J.)","2026-09-22","https://pubmed.ncbi.nlm.nih.gov/42771312/","CRISPR-based gene editing is a growing therapeutic strategy for modifying or silencing disease-causing genes. This chapter focuses on the in vivo delivery of CRISPR systems using recombinant adeno-associated viral (rAAV) vectors. Specifically, we detail a methodology using a rAAV vector carrying Staphylococcus aureus Cas9 (SaCas9) to target the murine Hao1 gene in liver parenchymal cells as a curative treatment for primary hyperoxaluria type 1 (PH1). We provide comprehensive protocols for plasmid design and cloning, rAAV production, animal administration, and evaluation of editing efficacy."
"pubmed","42771311","10.1007/978-1-0716-5547-4_8","Production and Storage of High-Capacity Adenoviral Vectors for the Delivery of Advanced CRISPR Systems.","Wang, Xiaoling; Liu, Jin; Janssen, Josephine M; Goncalves, Manuel A F V","Methods in molecular biology (Clifton, N.J.)","2026-09-22","https://pubmed.ncbi.nlm.nih.gov/42771311/","Genome editing based on engineered CRISPR systems is advancing rapidly, with the field increasingly moving toward approaches that avoid the induction of mutagenic double-stranded DNA breaks (e.g., RNA-programmable base editing, prime editing, and donor DNA transposition). These nuclease-free strategies often rely on large or multi-component molecular assemblies that can include gene-sized donor DNA substrates. There is, nonetheless, a paucity of vehicles capable of delivering such large and complex genome-editing components effectively and, ideally, in defined stoichiometric ratios. High-capacity adenoviral vector particles (AdVPs) offer an attractive set of features to address these challenges, including robust cell transduction levels regardless of mitotic status, exceptional payload capacity (up to ~36 kb), strict chromosomal nonintegrating character, and the complete absence of viral coding sequences. Hence, AdVPs can serve as biological nanoparticles suitable for the evaluation and application of next-generation CRISPR technologies in physiologically relevant cellular contexts, regardless of the size and number of the attendant tools. Here, after summarizing the key characteristics of earlier- and latest-generation adenoviral vector platforms, we describe protocols for producing AdVPs, including vectors that deliver multiplexing, prime-editing, and orthogonal nuclease constructs. Finally, we highlight important considerations for designing AdVP production reagents and validate a storage buffer that preserves AdVP functionality after repeated freeze-thaw cycles."
"pubmed","42771310","10.1007/978-1-0716-5547-4_7","Production of Lentiviral Vectors Encoding the CRISPR-Cas13d System for RNA Targeting.","Stilhano, Roberta; Martin, Leonardo","Methods in molecular biology (Clifton, N.J.)","2026-09-22","https://pubmed.ncbi.nlm.nih.gov/42771310/","The CRISPR-Cas13d system has been shown to be a potent tool for target RNA knockdown, offering advantages over DNA-editing systems by providing a non-genotoxic method to modulate gene expression. Efficient delivery of Cas13d and its guide RNAs into target cells is essential to achieve a strong knockdown effect, particularly in cell lines that are difficult to transfect and primary cells. Lentiviral vectors (LVs) are ideal for delivering large gene-editing tools due to their large packaging capacity and ability to transduce both dividing and nondividing cells. Here, we describe a detailed protocol for the production of high-titer, third-generation LVs with a dual-expression cassette for Cas13d and a customizable guide RNA. The method describes the cloning of target-specific guide RNAs, the transfection of HEK293T cells with packaging and transfer plasmids, the harvest and concentration of viral supernatants, and the determination of viral titer. The generated lentiviral particles can be used for stable transduction and efficient RNA knockdown in a broad range of mammalian cell types."
"pubmed","42771309","10.1007/978-1-0716-5547-4_6","Overview of Delivery Methods for Gene Editing.","Debelec Butuner, Bilge","Methods in molecular biology (Clifton, N.J.)","2026-09-22","https://pubmed.ncbi.nlm.nih.gov/42771309/","The clinical success of CRISPR-based interventions depends primarily on the efficient delivery of editing components into target cells. While base and prime editing have refined genomic precision, achieving therapeutic efficacy requires specialized vehicles that can navigate systemic circulation, escape endosomes, and ensure cell-specific entry. Delivery platforms are traditionally categorized into viral and nonviral systems. Viral vectors, namely adeno-associated vectors (AAV), lentiviral vectors, and adenoviral vectors, employ evolved mechanisms to achieve high transduction efficiency and predictable biodistribution, yet remain constrained by immunogenicity and the risk of insertional mutagenesis. In contrast, nonviral approaches, including synthetic nanoparticles and physical methods, offer superior scalability and transient expression profiles, reducing long-term genomic risks. Next-generation platforms such as virus-like particles (VLPs), engineered extracellular vesicles (EVs), and functionalized nanoparticles have emerged to bridge this gap. These hybrid systems synergize the entry efficiency of viral proteins with the low-immunogenicity profiles of synthetic carriers. Ultimately, the optimal delivery method is determined by the CRISPR cargo format and target cell characteristics, balancing safety, immunogenicity, and scalability. This chapter emphasizes that the strategic selection of a delivery vehicle must be harmonized with the specific cargo and the unique biological requirements of the target tissue to ensure therapeutic success."
"pubmed","42771308","10.1007/978-1-0716-5547-4_5","An Overview of Programmable Epigenetic Editing Based on CRISPR Tools for Gene Expression Regulation.","Djordjevic, Marija; Dinic, Svetlana; Saric, Ana; Uskokovic, Aleksandra; Vidakovic, Melita","Methods in molecular biology (Clifton, N.J.)","2026-09-22","https://pubmed.ncbi.nlm.nih.gov/42771308/","Epigenetic regulation provides a dynamic and reversible layer of gene control that functions independently of changes in DNA sequence, primarily mediated by DNA methylation, histone modifications, and higher-order chromatin organization. Aberrant epigenetic states contribute to a wide range of human diseases. However, conventional epigenetic therapies based on small-molecule inhibitors lack locus specificity and often cause global chromatin disturbances. The emergence of programmable epigenetic editing technologies has transformed the field by enabling targeted rewriting of chromatin states at defined genomic loci. Catalytically inactive CRISPR/Cas9 platforms fused to transcriptional activators, repressors, or chromatin-modifying enzymes now allow precise addition or removal of epigenetic marks without altering the underlying DNA sequence. This chapter provides an overview of the conceptual and technical foundations of CRISPR-based epigenetic editing, including tools for gene activation and repression, DNA methylation, histone modifications, and multiplexed systems that permit coordinated regulation of multiple genomic loci or epigenetic marks. Delivery methods for in vitro and in vivo applications are discussed, with an emphasis on viral and nonviral platforms that enable tissue-specific, durable gene regulation. Finally, recent preclinical and clinical studies highlight the potential of programmable epigenetic editing as a next-generation therapy for precise and reversible gene control."
"pubmed","42771306","10.1007/978-1-0716-5547-4_3","Prime Editing: An Overview.","Garcia-Tenorio, Emilio M; Alvarez, Mar; Richard, Eva; Desviat, Lourdes R","Methods in molecular biology (Clifton, N.J.)","2026-09-22","https://pubmed.ncbi.nlm.nih.gov/42771306/","CRISPR tools are revolutionizing the landscape of genetic therapies, with the potential to cure a range of previously untreatable diseases. Among all the available genome editing technologies, prime editing is an especially versatile tool that enables precise genetic modifications, including point mutations, insertions, and deletions, without inducing double-strand breaks or requiring a donor DNA template. Through structural modifications and the development of novel systems with additional functionalities, prime editing has expanded its applicability with improved precision, efficacy, and safety. It is already being tested in clinical trials for chronic granulomatous disease, and many preclinical studies are underway. However, significant challenges remain for its broad applicability as a potential curative therapy for human genetic diseases, mainly related to ensuring efficient and safe delivery to target tissues."
"pubmed","42771304","10.1007/978-1-0716-5547-4_1","CRISPR/Cas Systems: Biological Basis and Genome Editing Applications.","Cakiroglu, Ece; Senturk, Serif","Methods in molecular biology (Clifton, N.J.)","2026-09-22","https://pubmed.ncbi.nlm.nih.gov/42771304/","Clustered regularly interspaced short palindromic repeats (CRISPR) and associated (Cas) systems have revolutionized the field of genome engineering by providing versatile, efficient, and programmable tools for precise genetic manipulation. Originally identified as an adaptive immune mechanism in prokaryotes, CRISPR/Cas systems have been extensively repurposed for a wide range of applications across molecular biology, biotechnology, and medicine. This chapter provides a comprehensive overview of the molecular mechanisms underlying CRISPR/Cas immunity. Furthermore, the classification of CRISPR/Cas systems into distinct types and subtypes is discussed, highlighting their structural and functional diversity. Advances in genome editing technologies, including CRISPR-mediated knockout, base editing, and prime editing, are explored with an emphasis on their mechanisms and applications. The chapter also examines emerging CRISPR-based platforms for transcriptional regulation, epigenome editing, and RNA targeting, which enable precise and reversible modulation of gene expression without altering genomic DNA. In addition, the transformative impact of CRISPR technologies on functional genomics is addressed, particularly through high-throughput screening approaches that facilitate the identification of gene function and genetic vulnerabilities. CRISPR-based diagnostic tools and therapeutic strategies are also reviewed, underscoring their potential in disease detection and treatment. Despite significant progress, challenges such as off-target effects, delivery limitations, and safety concerns remain critical considerations. Overall, this chapter highlights the expanding capabilities of CRISPR/Cas systems and their growing importance in both fundamental research and clinical applications."
"pubmed","42771161","10.1007/s13346-026-02222-6","Smart drug delivery systems for immunotherapeutic agents: focus on biological/biogenic platform-based intelligent delivery in cancer immunotherapy.","Abbasi, Parisa; AfsharManesh, Arvin; Rezaei, Samaneh; Mozdi, Mojtaba; Shakeri, Parisa; Khandan-Nasab, Niloofar; Zaeifi, Davood; Jamialahmadi, Khadijeh; Oskuee, Reza Kazemi","Drug delivery and translational research","2026-09-22","https://pubmed.ncbi.nlm.nih.gov/42771161/","Cancer immunotherapy marks a major advance in oncology, yet its effectiveness is constrained by challenges such as inefficient tumor targeting, immune-related toxicities, low response rates, and an immunosuppressive tumor microenvironment (TME). To overcome these obstacles, smart drug delivery systems (SDDSs) have been developed to deliver immunotherapeutic agents in a targeted, controlled manner in response to specific stimuli. This review summarizes recent advances in SDDSs for cancer immunotherapy, focusing on biological and biogenic platforms. These systems respond to endogenous and exogenous stimuli to improve treatment precision and enhance antitumor immune responses. The main types of SDDS, including synthetic, biological, and hybrid, are reviewed in the context of applications such as immune checkpoint inhibition, cancer vaccines, cytokine therapy, and adoptive cell therapy. The review also considers engineered exosomes, including isolation and engineering strategies, microRNA (miRNA) loading strategies, and surface modifications to improve targeting and impact on the TME. Existing evidence suggests that biological and hybrid platforms offer advantages in biocompatibility, biological recognition, and functional versatility; however, challenges remain in cargo-loading efficiency, biological heterogeneity, scalability, safety, and reproducibility. Emerging approaches, including clustered regularly interspaced short palindromic repeats (CRISPR)-based engineering, hybrid nanocarriers, and artificial intelligence, can accelerate the development of advanced immunotherapy delivery systems. Overall, biointegrated SDDSs show potential for greater precision, efficacy, and safety in cancer immunotherapy, although significant barriers to their clinical application remain."
"pubmed","42771155","10.1007/978-1-0716-5531-3_18","Conditional dCas12-Mediated Gene Knockdown and Complementation in Chlamydia.","Wang, Yuxuan; Fan, Huizhou","Methods in molecular biology (Clifton, N.J.)","2026-09-22","https://pubmed.ncbi.nlm.nih.gov/42771155/","We describe an oligonucleotide RNA-guided, DNase-dead CRISPR-associated protein 12 (dCas12)-mediated transcriptional interference (CRISPRi) system optimized for gene knockdown in Chlamydia trachomatis. In this system, while guide RNAs are expressed constitutively, dCas12 expression is conditional and depends on the presence of the small molecule anhydrotetracycline (ATC). This design enables temporal control of gene repression, allowing the functional analysis of a wide range of genes, including essential genes, without permanent genetic disruption. Due to its T-rich protospacer adjacent motif (PAM) requirement, dCas12 is particularly well-suited for targeting genes in the highly A/T-rich genomes of pathogenic chlamydiae. We further detail strategies for genetic complementation through co-expression of dCas12-resistant alleles, thereby permitting validation of knockdown phenotypes."
"pubmed","42771094","10.1007/s10522-026-10512-2","Tissue-specific aging clocks map structured aging-modulatory drug-score patterns across 49 human tissue and cell-line categories.","Zhang, Dongdong","Biogerontology","2026-09-22","https://pubmed.ncbi.nlm.nih.gov/42771094/","Aging clocks are typically trained on pooled multi-tissue data, implicitly assuming that aging is uniform across organs. Here we challenge this assumption by constructing 49 transcriptomic clocks across 47 tissue types and 2 cell-line categories from GTEx v8 (948 unique donors contributing to the retained clock categories) using donor-grouped cross-validation. Clocks achieved a median Pearson r of 0.543 (best: artery aorta, r = 0.855). We identified 10,253 unique clock genes, of which 69.2% appeared in only one tissue; however, null simulation confirmed that this low overlap is the expected consequence of sparse elastic-net selection rather than biological tissue-specificity. We then projected 3,926 LINCS L1000 compound-name entries onto each clock to build a drug x category age-reversal matrix. At a permissive threshold (|score|> 1.0), 94.2% of drugs showed mixed score directions (positive in some categories and negative in others). This permissive mixed-direction proportion was descriptive and did not itself exceed shuffled expectations. Under a more stringent exploratory criterion requiring |score|> 2.0 in at least three categories in each direction, 2.8% of compound entries showed pronounced bidirectional divergence, compared with approximately 0.1% under the shuffled null. Compound rankings remained stable when analysis was restricted to the 34 clocks with r >/= 0.5 (Spearman rho = 0.897 versus the full analysis). A Jaccard-based enrichment statistic yielded highly concordant compound rankings (median per-category Spearman rho = 0.961), indicating that results were not artifacts of the enrichment method. After Benjamini-Hochberg FDR correction across all 192,374 drug-category pairs, only 0.79% reached FDR < 0.05, indicating that individual drug-category calls require caution. Rapamycin showed net pro-aging transcriptional signatures in our system; we explicitly emphasize that transcriptome-based scores and organismal lifespan are distinct endpoints. DepMap CRISPR analysis was repeated after GTEx-based standardization across 13 matched categories, although individual gene-level results were limited. Four statistical robustness tests confirmed model stability. These findings describe category-associated drug-score patterns and provide a tissue-aware resource for generating hypotheses about drug responses, while cautioning against over-interpretation of individual drug-category predictions without experimental validation."
"pubmed","42770711","10.1111/jipb.70399","Pan-genomic analysis of alternative polyadenylation reveals a 3'UTR remodeling regulatory layer controlling salt tolerance in rice.","Shi, Chuanlin; Zou, Wenli; Cui, Yan; Wang, Zhangqiang; Yang, Longbo; Wu, Zhikun; Wang, Xianmeng; Zhu, Yiwang; Chen, Dandan; He, Haohua; He, Huiying; Wei, Hua; Shang, Lianguang; Qian, Qian","Journal of integrative plant biology","2026-09-22","https://pubmed.ncbi.nlm.nih.gov/42770711/","Alternative polyadenylation (APA) generates mRNA isoforms with variable 3'UTR lengths, yet its genetic basis and functional significance at the population level remain unexplored in plants. Here, we present the population-level APA landscape and the APA quantitative trait loci (3'aQTL) map in rice, through profiling of over 200 rice accessions under normal and salt-stress conditions. We identified 19,938 and 22,251 APA events under normal and salt-stress conditions, respectively, and demonstrate that salt stress globally induces 3'UTR shortening via proximal polyA site selection, which can release miRNA-mediated repression on stress-response genes. We further mapped 1,634 and 1,809 cis-3'aQTLs under normal and salt-stress conditions, respectively, which were markedly enriched in 3'UTRs and transcription termination sites, in contrast to expression QTLs that were enriched in promoter regions. This APA genetic framework reveals a post-transcriptional regulatory layer distinct from transcriptional control. Functional validation of two 3'aQTL-associated genes, OsMyb21 and OsRNS3, through CRISPR knockout and 3'UTR deletion confirmed their roles in salt tolerance via APA-mediated regulation. Our findings provide a community resource for understanding post-transcriptional regulation of stress responses and offer genetic targets for breeding salt-tolerant rice varieties."
"pubmed","42770709","10.1111/pbi.70756","Converging GWAS and Genome Editing Decrypts MsCBF8-MsGolS2 Regulatory Module for Drought Tolerance Without Yield Penalty in Medicago sativa.","Zhang, Yangyang; Jiang, Xueqian; Zhang, Tian; Leng, Huajuan; Cui, Jing; Jiang, Xu; Zhang, Lili; Wang, Zhen; Zhang, Tiejun; Yang, Qingchuan; Wang, Xue; Kang, Junmei","Plant biotechnology journal","2026-09-22","https://pubmed.ncbi.nlm.nih.gov/42770709/","Drought constitutes a major abiotic stress limiting alfalfa productivity. To elucidate the genetic basis of drought tolerance, a genome-wide association study (GWAS) was conducted in alfalfa, which identified a CBF/DREB1 family transcription factor designated MsCBF8. Utilizing an optimized CRISPR-Cas9 system, mutants were successfully generated in the complex autotetraploid background. Combined with overexpression and Arabidopsis complementation assays, this confirmed that MsCBF8 functions as a positive regulator of drought tolerance, with its overexpression enhancing drought tolerance without compromising plant growth. Physiological analyses revealed that MsCBF8 improves drought tolerance by coordinating antioxidant defence (elevated SOD and CAT activities, decreased H(2)O(2) and MDA contents), dynamically regulating stomatal movement (increased water-use efficiency), and maintaining photosynthetic performance. At the molecular level, MsCBF8 directly and specifically binds to the GCCGAC cis-element in the MsGolS2 promoter and activates its expression. Silencing MsGolS2 via virus-induced gene silencing (VIGS) reduced drought tolerance and aggravated oxidative damage, providing the first functional evidence for the essential role of this gene in the drought response of alfalfa. This study systematically elucidates a novel MsCBF8-MsGolS2 regulatory module, offering crucial insights into the drought adaptation mechanisms in alfalfa and providing valuable genetic resources and breeding targets for developing high-yield, water-efficient and drought-tolerant alfalfa cultivars."
"pubmed","42770331","10.1093/nar/gkag915","BaCas12a3 represents a new subtype of type V CRISPR effector with collateral activity toward tRNA.","Li, Xin; Wu, Chenwei; Guo, Jinshan; Zheng, Ruyi; Kong, Jingwen; Du, Lei; She, Qunxin; Ji, Shiqi","Nucleic acids research","2026-09-22","https://pubmed.ncbi.nlm.nih.gov/42770331/","The CRISPR-Cas12 family encompasses diverse RNA-guided nucleases with both DNA- and RNA-targeting subtypes. They can trigger antiviral activities through either direct elimination of invading nucleic acids or activating broad collateral cleavage to induce abortive infection. Here, we report a novel type V CRISPR effector BaCas12a3 that causes growth inhibition through a unique tRNA-cleavage mechanism. Plasmid interference and western blot assays showed that BaCas12a3 induces host growth arrest without DNA damage response, suggestive of the absence of double-strand DNA breaks. Indeed, biochemical characterization of the BaCas12a3-crRNA ribonucleoprotein unraveled that the effector is an RNA-activating nuclease that cleaves the 3' terminal CCA of tRNAs. Cryo-EM structures of BaCas12a3 reveal a conserved bilobed architecture featuring a unique tRNA-loading domain (tRLD) adjacent to the RuvC catalytic center. Structural and mutagenesis analyses show that the tRLD domain, together with a zinc ribbon domain, form a gated substrate groove. Target RNA binding induces conformational changes that open the groove and expose the RuvC active site, enabling specific tRNA 3' end cleavage while preventing other non-specific degradation. Our findings identify the tRLD domain aside the RuvC active site responsible for the tRNA recognition in BaCas12a3, expanding the functional diversity of CRISPR immunity."
"pubmed","42770249","10.1158/2767-9764.CRC-26-0150","Integrated genetic screening identifies FEN1 as a selective vulnerability and temozolomide resistance mediator in glioblastoma stem cells.","Brakel, Benjamin A; McKenna, Dillon; Puri, Anish; Shaikh, Muhammad Vaseem; Singh, Manoj; Saleh, Ali; Tomajian, Abdo-Jose; Mikolajewicz, Nicholas; Beltrami, Marcello; Topley, Maxwell; Anand, Alisha; Miletic, Petar; Brown, Kevin R; Tieu, David; Maich, William; Salim, Sabra; Suk, Yujin; Subapanditha, Minomi; Gendoo, Deena M A; Venugopal, Chitra; Moffat, Jason; Katyal, Sachin; Chokshi, Chirayu R; Singh, Sheila K","Cancer research communications","2026-09-22","https://pubmed.ncbi.nlm.nih.gov/42770249/","Glioblastoma (GBM) is an aggressive brain tumor characterized by therapy resistance and recurrence. Glioblastoma stem cells (GSCs) are key drivers of tumor maintenance, therapeutic resistance, and relapse, but targeting them remains clinically elusive due to their overlap with normal neural stem cells (NSCs) and a lack of actionable vulnerabilities. To identify selective vulnerabilities in GSCs, we performed genome-wide CRISPR-Cas9 loss-of-function screening across patient-derived GSC models under standard-of-care treatment conditions. We identified flap endonuclease 1 (FEN1), a key enzyme in DNA replication and base excision repair, as an essential gene for GSC survival, with enhanced dependency in the context of temozolomide (TMZ) treatment. Genetic knockdown of FEN1 impaired GSC proliferation and self-renewal and extended survival in a patient-derived xenograft model. Pharmacologic inhibition of FEN1 using a small-molecule inhibitor revealed selective cytotoxicity in highly aggressive and recurrent GBM models, while sparing NSCs. Notably, FEN1 inhibition synergized with TMZ to induce DNA double-strand breaks and potentiate cell death only in a subset of GSCs sensitive to FEN1 inhibition. Mechanistically, single-cell transcriptomics revealed that FEN1 expression correlates with programs linked to proliferation, stemness, and DNA damage repair, underscoring its role in maintaining the treatment-refractory phenotype. Our findings identify FEN1 as a selective vulnerability in aggressive, proliferative GSCs. FEN1 inhibition not only impairs GSC viability but also restores sensitivity to TMZ in treatment-resistant models, offering a strategy for salvage therapy in recurrent GBM. These results support the development of FEN1-targeted therapies and lay the foundation for a biomarker-guided approach to overcome chemoresistance in GBM."
"pubmed","42769418","10.3389/fcimb.2026.1915920","Novel biofilm-targeted therapeutics for oral infections: enzymes, EPS disruptors, phage/CRISPR, photodynamic and cold-plasma approaches - a systematic review.","Natarajan, Prabhu Manickam; Ebenezer, Vijay; Varma, Sudhir Rama; Ganesh, Pradeepa","Frontiers in cellular and infection microbiology","2026-09-22","https://pubmed.ncbi.nlm.nih.gov/42769418/","BACKGROUND: Microbial biofilms underpin the chronicity, recurrence and antimicrobial tolerance of most oral infections. As mechanical and antibiotic strategies are constrained by antimicrobial resistance and by the protective biofilm matrix, non-antibiotic, biofilm-targeted therapeutics have attracted intense interest. We systematically mapped and appraised five mechanistically distinct modalities - matrix-degrading (anti-biofilm) enzymes, extracellular polymeric substance (EPS) disruptors, bacteriophage and CRISPR-based therapy, antimicrobial photodynamic therapy (aPDT) and cold atmospheric plasma (CAP) - selected because each targets a different, non-antibiotic vulnerability of the biofilm. METHODS: Following a PRISMA 2020 protocol (PROSPERO), PubMed, Embase, Web of Science and Scopus were searched from inception to January 2026. In vitro, animal and clinical studies reporting a quantitative anti-biofilm outcome for any modality against oral or oral-relevant pathogens were included, appraised with RoB 2, SYRCLE and a modified in vitro checklist, and the certainty of evidence rated with GRADE. Prespecified subgroup (biofilm maturity, species complexity) and quality-based sensitivity analyses were performed. RESULTS: Seventy-eight studies met the criteria; 58% (45/78) were in vitro/ex vivo, 16 animal and only 17 (22%) clinical, so clinical evidence was limited and concentrated in aPDT. aPDT provided small but consistent adjunctive gains over scaling and root planing (SRP): pooled additional probing-pocket-depth reduction  approximately 0.35-0.45 mm and clinical-attachment gain  approximately 0.25-0.34 mm at 3-6 months (low-moderate certainty). EPS disruptors reduced biofilm biomass by 58-94% and CAP rendered  approximately 90% of treated samples culture-negative in vitro, but both rested on preclinical data (low-very-low certainty). Enzymes and phage/CRISPR acted mainly by dispersal or targeted killing (representative reductions  approximately 1.5-4.5 log(10) CFU). Efficacy fell consistently against mature, multispecies biofilms; sensitivity analysis excluding high-risk studies changed estimates minimally. CONCLUSION: On current evidence these modalities are best positioned as adjuncts that enhance, rather than replace, mechanical and antimicrobial therapy. Only aPDT currently has sufficient clinical evidence for consideration as an adjunct to conventional therapy; the remaining modalities remain investigational and require further translational and clinical development. Combination (matrix-first) strategies, targeted delivery, and standardised oral-biofilm models and clinical trials are priorities. SYSTEMATIC REVIEW REGISTRATION: https://www.crd.york.ac.uk/PROSPERO/, identifier CRD420261428848."
"pubmed","42769312","10.3389/fpls.2026.1915693","Speed breeding in upland cotton (Gossypium hirsutum L): scientific foundations and integrated implementation of a next-generation cotton breeding platform.","Kurbonov, Abrorjon Y; Mamedova, Feruza F; Isayeva, Rayhona M; Khamirayev, Ural A; Liu, Shengli; Lizhi, Wang; Makhmadjanov, Sabir P; Kostakov, Amandyk K; Aliyev, Amangeldy I; Kostak, Olzhas A; Makhmadjanov, Djanibek S","Frontiers in plant science","2026-09-22","https://pubmed.ncbi.nlm.nih.gov/42769312/","Conventional cotton (Gossypium spp.) variety development requires 8-12 years - a timeline structurally incompatible with the accelerating urgency of climate-change adaptation, soil salinisation, and textile-industry demands for novel varieties within 3-5 years. Speed breeding (SB) compresses the generation interval by 30-80% through synergistic optimisation of LED spectra, temperature, nutrition, and immature embryo rescue (IER). However, SB alone is a temporal accelerator, not a breeding system: its transformative potential is realised only when it functions as the central engine of a genomics-assisted speed breeding (GASB) platform that integrates molecular marker-assisted selection (MAS), genomic selection (GS), CRISPR and New Genomic Technique (NGT) editing, high-throughput phenotyping (HTP), and AI-assisted decision-support tools. Building on previous reviews of cotton speed breeding and genomics-assisted breeding, the present review provides a mechanistic and implementation-oriented synthesis of these complementary technologies within a unified GASB framework. We evaluate: (i) the molecular architecture of photoperiodic flowering in predominantly Gossypium hirsutum, together with currently available evidence from other Gossypium species where appropriate and its manipulation through LED protocol design and CRISPR targeting of flowering suppressors; (ii) the mechanistic basis of multi-channel LED recipe design from SB 1.0 to SB 3.0; (iii) stage-specific thermal management including the operationally critical 33 degrees C pollen safety ceiling; (iv) nutritional physiology, phytohormones, and biochemical monitoring; (v) in vitro biotechnologies-including callus culture, microspore-derived doubled haploids, and immature embryo rescue (IER)-together with the operational coordination of immature embryo rescue and pollen-stage temperature management within speed-breeding facilities; (vi) high-throughput phenotyping technologies experimentally validated in cotton, encompassing five cotton-specific applications reviewed in a dedicated section; and (vii) AI-assisted phenotyping and digital twin architectures for real-time decision support within the GASB pipeline. Critical analysis identifies allotetraploid genome redundancy, genotype x light environment (GxL) interaction with landrace germplasm, IER scalability, bioinformatics infrastructure gaps, SB-to-field correlation uncertainties, and SVT regulatory requirements as the primary barriers to widespread GASB deployment. A structured 2025-2035 roadmap with three time-horizon priorities and measurable KPIs is presented."
"pubmed","42769254","10.62347/SCRE1263","FBXO11 and FBXO32 are associated with TRAF3-TBK1-IRF3 signaling components in chronic hepatitis B: evidence from clinical samples and preliminary mechanistic studies.","Li, Liqiang; Tao, Shun; Zhang, Yunfei; Zeng, Zihan; Li, Liang; Zhang, Jun","American journal of translational research","2026-09-22","https://pubmed.ncbi.nlm.nih.gov/42769254/","BACKGROUND: Chronic hepatitis B (CHB) remains a major global health burden despite the availability of effective vaccines and antiviral therapies. F-box proteins have been implicated in diverse biological processes, including immune regulation, but the potential involvement of FBXO11 and FBXO32 in host responses to HBV infection remains poorly understood. AIM: To investigate the expression patterns of FBXO11 and FBXO32 in CHB patients and explore their potential associations with components of the TRAF3-TBK1-IRF3 signaling pathway. METHODS: We examined the expression levels of FBXO11 and FBXO32 in PBMCs derived from 30 CHB patients and controls. Protein-protein interactions were evaluated using co-immunoprecipitation and immunofluorescence assays in HEK293T cells. The effects of neddylation inhibition on protein expression and complex formation were examined using MLN4921 treatment. CRISPR/Cas9-mediated gene disruption and adeno-associated virus-mediated overexpression approaches were used for exploratory mechanistic studies. An HBV hydrodynamic injection mouse model was utilized to assess in vivo expression patterns. RESULTS: FBXO11 and FBXO32 expression levels were significantly elevated in PBMCs from CHB patients compared with healthy controls and were accompanied by increased expression of TRAF3-TBK1-IRF3 pathway-related molecules. Co-immunoprecipitation analyses demonstrated associations of FBXO11 and FBXO32 with TRAF3, TBK1, and IRF3 in both clinical samples and HEK293T cells. Reciprocal enhancement of FBXO11 and FBXO32 expression was observed under overexpression conditions. Inhibition of neddylation reduced FBXO11 and FBXO32 protein abundance and weakened their associations with TRAF3-TBK1-IRF3 pathway components. In vivo experiments showed that HBV exposure was accompanied by increased hepatic expression of FBXO11 and FBXO32, and that genetic manipulation effectively altered their expression levels. CONCLUSION: FBXO11 and FBXO32 are upregulated in CHB and exhibit associations with components of the TRAF3-TBK1-IRF3 signaling network. These findings provide preliminary evidence supporting potential involvement of FBXO11 and FBXO32 in host immune-related signaling during HBV infection and warrant further investigation in physiologically relevant HBV infection models."
"pubmed","42768749","10.1016/j.ymthe.2026.09.024","p38 MAPK inhibition safeguards genome integrity during gene editing of hematopoietic stem and progenitor cells.","Vacca, Roberta; Della Volpe, Lucrezia; Gualandi, Nicolo; Shiroshita, Kohei; Carsana, Edoardo; Giannetti, Kety; Gaddoni, Chiara; Benedicenti, Fabrizio; Gega, Barbara; Arevalo, Sergio; Zarghamian, Parinaz; Beretta, Stefano; Castiello, Maria Carmina; Brombin, Chiara; Canarutto, Daniele; Merelli, Ivan; Cathomen, Toni; Montini, Eugenio; Villa, Anna; Naldini, Luigi; Di Micco, Raffaella","Molecular therapy : the journal of the American Society of Gene Therapy","2026-09-22","https://pubmed.ncbi.nlm.nih.gov/42768749/","Ex vivo genome editing of hematopoietic stem and progenitor cells (HSPCs) holds significant therapeutic potential but remains constrained by genotoxic risks associated with nuclease-induced DNA double-strand breaks, DNA donor template delivery and sensing, and proliferation-induced stress during ex vivo manipulation. These processes can lead to chromosomal instability, large on-target deletions, donor mis-integration, off-target events, and impaired long-term stem cell function, raising safety concerns for clinical translation. Here, we evaluate the impact of transient p38 MAPK inhibition on genomic integrity during clinically relevant CRISPR-Cas9 editing and show that this intervention attenuates ex vivo culture-associated stress without increasing detectable genotoxic outcomes. Comprehensive genotoxicity analyses, including quantification of large on-target deletions, adeno-associated viral vector mis-integration, and CAST-seq mapping of translocations, reveal no measurable differences in gene editing-associated structural alterations upon p38 MAPK inhibition, while micronuclei were significantly reduced. Importantly, long-term xenotransplantation followed by whole-exome sequencing shows that p38i-treated HSPCs display a reduced mutational burden without evidence of increased genomic alterations. Collectively, these findings identify transient p38 MAPK inhibition as a strategy to improve the quality and long-term fitness of gene-edited HSPCs without detectable adverse effects on the genome editing outcomes, supporting its further evaluation as a refinement to clinically relevant CRISPR-Cas9 editing workflows."
"pubmed","42768305","10.1080/19490976.2026.2734649","CRISPR-Cas immune repertoires as an ecological record of bacterial interactions with mobile genetic elements in the human gut.","Avershina, Ekaterina; Birkeland, Einar E; Bucher-Johannessen, Cecilie; Rounge, Trine B","Gut microbes","2026-09-22","https://pubmed.ncbi.nlm.nih.gov/42768305/","Bacteria in the human gut influence host physiology and disease risk, but their ecology is strongly shaped by mobile genetic elements (MGEs) such as phages and plasmids. Past interactions between bacteria and MGEs can be inferred from CRISPR-Cas cassettes, which contain short DNA fragments derived from invading elements. To lay the groundwork for research on the impact of such interactions on the human host, we constructed an extended microbiome resource comprising 1.7 K prokaryotic mOTUs, 19.5 K viral vOTUs, and 24.2 K plasmid PTUs, using fecal shotgun metagenomes from 1034 adults over 55 y of age residing in South-East Norway. We also recovered 74.2 K unique CRISPR-Cas cassettes to map past bacteria-MGE interactions and assessed their associations with the human diet and lifestyle factors. CRISPR-Cas spacers, and which viruses and plasmids they targeted, varied substantially within bacterial species, but were predominantly directed towards cohort-specific MGEs. Moreover, bacteria were more likely to target MGEs present in the same sample, consistent with local exposure. Plasmid MGEs were more often targeted by Type II CRISPR-Cas cassettes, whereas viruses were more likely to be targeted by Type I CRISPR-Cas cassettes. Bacteria also shared more targets within taxonomic families than across families, where mobilizable plasmids were more frequent among the targets. CRISPR-Cas cassettes mirrored microbiome associations to human demographic and lifestyle factors and enabled the recovery of dairy-associated B. animalis. Together, this research provides a large-scale resource and a structured analysis of bacteria-MGE interactions in the gut microbiome and their contribution to microbial ecosystem dynamics."
"pubmed","42767818","10.1101/gad.353948.126","Genomic imprinting of the metabolic regulator gene Klf14 is regulated by a paternal sub-TAD anchored at Mest.","Ha, Amanda; Hayashi, Natsuki; Bogutz, Aaron B; Moindrot, Benoit; Gomez, Laura; Harris, Juliette; Marcil, Alexandre; Court, Frank; Shindo, Miyuki; Arnaud, Philippe; Drouin, Jacques; Forne, Thierry; Noordermeer, Daan; Takada, Shuji; Nakabayashi, Kazuhiko; Lefebvre, Louis","Genes & development","2026-09-21","https://pubmed.ncbi.nlm.nih.gov/42767818/","KLF14 acts as a master regulator of gene expression in adipose tissue and variants at the human KLF14 gene show reproducible association with type 2 diabetes and metabolic syndrome. Risk alleles are only pathological when maternally inherited, consistent with the observation that KLF14/Klf14 is a maternally expressed imprinted gene in human and mouse. However, how genomic imprinting is regulated at this important locus is currently unknown. In both species, KLF14/Klf14 is located  approximately 200 kb away from the paternally expressed imprinted gene MEST/Mest, regulated by a maternal gametic differentially methylated region (gDMR) at its promoter. Although the Klf14 promoter is unmethylated in most tissues, maternally inherited DNA methylation marks are paradoxically required for Klf14 expression. Here, we show that Mest and Klf14 reside within the same topologically associating domain (TAD) in embryonic stem cells (ESCs), defined by biallelic CTCF binding at the boundaries. Using allele-specific 4C-seq, we show that CTCF binding to the unmethylated Mest gDMR generates a paternal allele-specific sub-TAD encompassing Klf14 CRISPR-Cas9 deletions of the paternal Mest promoter region in ESCs and in vivo in mutant mice result in loss of Mest expression and acquisition of biallelic expression at Klf14 By analyzing epigenetic marks and chromatin looping in Klf14-expressing pituitary cells, we identify a putative enhancer element shared by Mest and Klf14, providing a mechanistic model for the regulation of Klf14 imprinting. This work defines a new role for the Mest maternally methylated gDMR, revealing that it exerts long-range effects via allele-specific modulation of TAD structures and acts as an imprinting control region in the regulation of Klf14 imprinting."
"pubmed","42767804","10.1101/gr.281734.125","Decoding cell division history and lineage-resolved phenotypic patterns from single-cell barcode and transcriptomic data.","Yu, Xiaochen; Wang, Zihao; Zhang, Zhenquan; Wang, Yuxin; Lin, Yuting; Hong, Lijun; Chen, Xiaoshu; He, Xionglei; Yang, Jian-Rong; Zhang, Jiajun","Genome research","2026-09-21","https://pubmed.ncbi.nlm.nih.gov/42767804/","The cell division tree encodes how proliferation and differentiation generate cellular diversity during multicellular development. Advances in single-cell RNA sequencing and CRISPR-based lineage tracing have enabled retrospective reconstruction of these histories at single-cell resolution. Here, we present FateScape, a statistical framework that integrates paired lineage barcodes and transcriptomic profiles to infer cell division topology and characterize depth-resolved phenotypic patterns. FateScape combines barcode consistency with transcriptome-derived state continuity through overlapping state-lineage decomposition and barcode-guided subtree integration. To analyze phenotypic patterns on the inferred tree, we introduce entropy paths, which measure how cells of each state are distributed across depth-defined subtrees, and Moran's I-derived statistics for same-state autocorrelation and cross-state association. In simulations, FateScape shows robust reconstruction performance across varying mutation rates, dropout levels, sample sizes, and barcode target-site numbers. In the Caenorhabditis elegans data analysis, FateScape accurately recovers lineage topology and identifies depth-resolved state patterns, including concentrated intestinal cells and broadly distributed neuronal and glial states. In mouse embryos, FateScape quantifies distinct germ-layer patterns, including early endodermal concentration, broad ectodermal distribution across shallow-to-intermediate depths, and intermediate mesodermal distribution followed by deeper concentration. Together, FateScape provides a framework for reconstructing cell division histories and quantifying state dispersion, concentration, and tree-based association across lineage depth."
"pubmed","42767677","10.1152/ajprenal.90084.2026","CRISPR activation of endogenous PKD1 increases polycystin-1 levels and suppresses cellular features of ADPKD.","Chakraborty, Anubhav; Varghese, Meekha M; Wallace, Darren P; Ward, Christopher J; Yu, Alan S L","American journal of physiology. Renal physiology","2026-09-21","https://pubmed.ncbi.nlm.nih.gov/42767677/","Most cases of autosomal dominant polycystic kidney disease (ADPKD) are caused by mutations in PKD1, which reduce polycystin-1 (PC1) levels below a critical functional threshold. Normalizing PC1 dosage mitigates disease progression; therefore, we sought to develop a CRISPR activation (CRISPRa) strategy to transcriptionally upregulate endogenous PKD1. We systematically screened multiple single-guide RNAs using an EGFP-reporter platform and identified potent candidates targeting the proximal PKD1 promoter in mouse and human cell models. Our results demonstrate that CRISPRa effectively increased endogenous Pkd1 mRNA in the mouse collecting duct-derived Pkd1(RC/-)cell model and in the primary renal epithelial cells from PKD mice. In Pkd1(RC/-) cells, CRISPRa of Pkd1 increased PC1 protein levels and significantly reduced cell proliferation and in vitro cyst formation in 3D cultures. Mechanistically, Pkd1 activation improved mitochondrial membrane potential, reduced dependency on aerobic glycolysis, and corrected signaling pathways involved in cystogenesis, specifically reducing intracellular cAMP, cMyc, pCreb, and pErk levels, while increasing pYap1 levels. We confirmed the translational potential of this platform by successfully activating PKD1 in primary renal epithelial cells from human kidneys. We observed a heterogeneous response across both normal and ADPKD patient-derived donor lines, with significant upregulation achieved in two of the tested cell preparations. These findings provide a compelling proof-of-concept that CRISPRa-mediated gene augmentation can increase PC1 levels, establishing a foundation for promising gene therapies aimed at successfully suppressing the pathogenic features of ADPKD."
"pubmed","42767503","10.1016/j.jlr.2026.101151","Hypertriglyceridemia and atherosclerosis in Apolipoprotein A5 mutant rabbits generated using CRISPR/Cas9.","Zha, Yiwen; Feng, Lin; Zhang, Ting; Yan, Kunning; Wang, Xingyi; Cheng, Yong; Liang, Jingyan","Journal of lipid research","2026-09-21","https://pubmed.ncbi.nlm.nih.gov/42767503/","ApolipoproteinA5 (APOA5) plays an important role in regulating plasma triglycerides (TG). Most in vivo data, however, derive from murine models whose lipoprotein metabolism diverges substantially from humans, and no rabbit APOA5 loss-of-function model has previously been described. Microinjection of Cas9 mRNA and two exon-2-targeting sgRNAs into rabbit zygotes yielded 10 founders carrying biallelic loss-of-function alleles, and with an approximately 90% reduction in plasma APOA5 protein. On chow, APOA5 mutant rabbits developed a stable atherogenic dyslipidemia with selectively elevated plasma triglycerides and reduced HDL-cholesterol, both more severe in male than in female mutants. The dyslipidemia was paralleled by accumulation of apolipoprotein B-containing lipoproteins, an enlarged VLDL distribution by fast-protein liquid chromatography, and reduced pre-heparin plasma activities of lipoprotein lipase and hepatic lipase together with correspondingly lower plasma free fatty acids. Mutants also exhibited elevated plasma IL-1beta, TNF-alpha and CCL2 with a selective expansion of circulating monocytes, granulocytes and platelets, indicating a low-grade systemic inflammatory state already under chow conditions. After 8 weeks on a high-fat, cholesterol-enriched diet, mutants developed severe combined dyslipidemia, extensive aortic atherosclerosis with macrophage- and smooth-muscle-rich plaques, and marked hepatic steatosis. In conclusion, biallelic disruption of rabbit APOA5 produces a translationally relevant phenotype that recapitulates principal features of human APOA5 deficiency. The APOA5 mutant rabbit thus provides a tractable large-animal platform for studying residual cardiovascular risk and for evaluating emerging triglyceride-lowering therapeutics."
"pubmed","42766800","10.1093/jee/toag283","Advancing the sterile insect technique for the New World screwworm fly: the case for CRISPR-engineered genetic sexing strains.","Paulo, Daniel F; Akbari, Omar S; Geib, Scott M","Journal of economic entomology","2026-09-21","https://pubmed.ncbi.nlm.nih.gov/42766800/","The sterile insect technique (SIT) has long been a cornerstone of area-wide integrated pest management programs, and the eradication of the New World screwworm Cochliomyia hominivorax (Coquerel) from North and Central America is widely regarded as a landmark success. However, its resurgence underscores the need to modernize SIT strategies against this devastating pest. The development of genetic sexing strains (GSS) is a revolutionary idea supporting SIT, enabling efficient large-scale separation and the exclusive release of sterile males. Despite GSSs having been shown to significantly enhance the cost-effectiveness and field efficacy of operational SIT campaigns, no such sexing systems have yet been developed for C. hominivorax. Given recent advances in insect genomics, we consider the development of a screwworm GSS both feasible and timely. In this forum, we critically evaluate the potential for translating decades of GSS research into C. hominivorax by leveraging the CRISPR/Cas9 gene-editing technology. To make evidence accessible to a broader audience, we present a narrative overview covering the (i) genetics of GSSs, (ii) current approaches for precise engineering of analogous sexing systems, (iii) knowledge gaps and technical challenges in developing CRISPR-engineered GSSs in screwworm, and (iv) regulatory landscape governing genome-edited insects in the Americas in comparison to other contemporaneous biotechnologies. We argue that establishing a screwworm GSS would provide immediate benefits to existing management programs and hope this synthesis will inform and encourage future studies on this effort."
"pubmed","42766730","10.1080/15384047.2026.2725344","Fibroblast-associated TPM2 links cell-matrix remodeling to EMT-Notch signaling and gemcitabine resistance in intrahepatic cholangiocarcinoma.","Zhu, Yingjiao; Qiao, Zhibin; Chen, Zhuhong; Wu, Yahua; Xiao, Lirong; Lin, Fangyu; Lin, Xiaoyan; Wang, Xinli","Cancer biology & therapy","2026-09-21","https://pubmed.ncbi.nlm.nih.gov/42766730/","BACKGROUND: Intrahepatic cholangiocarcinoma (ICC) is an aggressive liver malignancy with heterogeneous responses to gemcitabine-based chemotherapy. The cellular and microenvironmental programs associated with the gemcitabine response remain incompletely understood. This study aimed to identify tumor microenvironment-associated regulators of gemcitabine response in ICC and evaluate their functional relevance using patient-derived organoids. METHODS: Four public single-cell RNA sequencing datasets comprising 50,176 cells were integrated with TCGA-based transcriptomic and drug sensitivity analyses. High-dimensional weighted gene co-expression network analysis was used to identify cell type-associated modules. Predicted gemcitabine IC50-related differentially expressed genes were intersected with the fibroblast-associated module genes. Patient-derived ICC organoids were used for gemcitabine sensitivity testing and CRISPR/Cas9-mediated TPM2 knockout validation. RESULTS: Single-cell analysis revealed fibroblast enrichment in ICC, and co-expression analysis identified fibroblast-associated modules enriched in extracellular matrix organization and ECM-receptor interaction. Integrated analysis identified TPM2 as a fibroblast-enriched candidate associated with poor prognosis, activation of epithelial-mesenchymal transition, TGF-beta and Notch-related pathways, and dynamic cellular state transitions. Patient-derived ICC organoids retained features of matched tumors and showed distinct gemcitabine sensitivities that were broadly consistent with the clinical imaging responses. In a relatively gemcitabine-resistant organoid model, TPM2 knockout enhanced gemcitabine-induced cytotoxicity and suppressed EMT/ECM-related programs and Notch signaling. CONCLUSIONS: These findings identify TPM2-associated cell-matrix remodeling as a potential contributor to gemcitabine resistance in ICC and support patient-derived organoids as a functional platform for studying therapeutic vulnerabilities."
"pubmed","42766154","10.1007/s00203-026-05182-0","Technical limitations of CRISPR-Cas9 genome editing in bacteria: challenges and future directions.","Shabbir, Abdul Qadeer; Idrees, Javeria; Khan, Ali Arif; Alvi, Iqbal Ahmad; Sana, Saba; Rehman, Shafiq Ur; Asif, Muhammad","Archives of microbiology","2026-09-21","https://pubmed.ncbi.nlm.nih.gov/42766154/","The CRISPR-Cas system, which originated as an adaptive immune system in bacteria and archaea, has been repurposed as a precise and programmable tool for genetic manipulation in both prokaryotes and eukaryotes. Its applications in bacteria include targeted genome modifications, antimicrobial resistance studies, functional genomics studies, and the development of engineered strains for industrial and synthetic biology applications. Therefore, the understanding of technical aspects of CRISPR systems and their underlying molecular mechanisms is essential for experimental accuracy, reproducibility, and biosafety. CRISPR editing introduces several challenges in bacteria, including off-target effects, DNA repair limitations, cytotoxicity of Cas nucleases, and host-specific restriction-modification barriers. In addition to these specific challenges, metabolic burden, sgRNA design, and delivery challenges further introduce limitations. Such issues compromise editing efficiency, genomic stability, and cell viability. Recent studies have focused on improved guide RNA design, alternative Cas variants, refined delivery strategies, and host-adapted engineering as promising directions to enhance editing. This review discusses the principal barriers to CRISPR-Cas9 genome editing of bacteria, evaluates the current strategies for addressing these barriers, and highlights emerging approaches aimed at improving the efficiency, reliability and precision in bacterial genome engineering."
"pubmed","42766112","10.1007/s00203-026-05221-w","Bacteriophage-bacteria coevolution: from molecular arms races to ecological and applied perspectives.","Shang, Junjie; Li, Linghui; Dong, Chengqian; Wei, Yunlin","Archives of microbiology","2026-09-21","https://pubmed.ncbi.nlm.nih.gov/42766112/","Bacteriophages are the most abundant biological entities, driving bacterial evolution through long-term coevolution. Bacteria have evolved diverse defense strategies against phage, including receptor modification, restriction-modification systems, CRISPR-Cas, abortive infection systems, and newly discovered systems such as BREX, DISARM, CBASS, Thoeris, and Zorya. In response, phages deploy countermeasures such as receptor-binding diversification, anti-CRISPR proteins, DNA modification, and inhibitors targeting host immunity. These interactions generate distinct evolutionary dynamics-arms race and fluctuating selection-shaping microbial population structure and ecological stability. Phage-host coevolution promotes microbial diversity, horizontal gene transfer, and regulates community composition across ecosystems. Understanding these processes is critical for applications like phage therapy, microbiome engineering, and biotechnology. This review summarizes molecular mechanisms of bacterial defense and phage counter-defense, discusses coevolutionary models, highlights ecological and applied implications, and outlines future research directions."
"pubmed","42766049","10.1007/s11248-026-00511-x","Multiplex CRISPR/Cas12a editing of ROC5, GS3, GW2, and LARGE2 reveals effects on yield-related traits in rice cultivar Kasalath.","Janthabut, Teerapong; Pongjaroenkit, Saengtong; Khemkladngoen, Naruemon; Lithanatudom, Suparat K; Chanchay, Pornchanan; Vuttipongchaikij, Supachai; Sakulsingharoj, Chotipa","Transgenic research","2026-09-21","https://pubmed.ncbi.nlm.nih.gov/42766049/","Sustainable improvement of rice yield requires coordinated modification of multiple agronomic traits, yet the agronomic outcomes of multiplex genome editing remain difficult to predict. Here, we applied CRISPR/Cas12a-mediated multiplex editing in the indica rice cultivar Kasalath to target six yield-related genes, Gn1a, TAD1, ROC5, GS3, GW2, and LARGE2, using a single Agrobacterium-delivered construct. Sanger sequencing of 28 T(0) plants detected edits in Gn1a (3.57%), ROC5 (7.14%), GS3 (35.71%), and GW2 (10.71%), whereas TAD1 and LARGE2 showed no detectable T(0) edits. Single, double, and triple edits were recovered, and homozygous lines were established for four single mutants, two double mutants, and two triple mutants. Molecular analysis showed that the recovered GW2 alleles were intronic and did not alter the GW2 coding sequence. Phenotypic evaluation across 13 agronomic traits showed that allele type and locus combination, rather than simple additive effects, determined agronomic outcome. The gs3-13d frameshift allele caused strong pleiotropic effects, including increased tillering and panicle number but reduced grain length and yield. The roc5-7d gw2-8d gs3-3i triple mutant maintained wild-type-level yield performance with altered leaf architecture, whereas gw2-8d gs3-3i large2-10d showed increased grain width, grain thickness, and 1000-grain weight but severe reductions in plant height, tillering, seed setting, yield per panicle, and yield per plant. These results demonstrate the feasibility of CRISPR/Cas12a multiplex editing in Kasalath and highlight the importance of allele design, locus combination, and source-sink balance in multiplex genome editing targeting yield-related traits."
"pubmed","42766034","10.1007/s00439-026-02880-z","Mitochondrial dysfunction drives metabolic reprogramming in Gitelman syndrome: insights from proteomics and isogenic modeling.","Zhang, Honghan; Zhao, Wenqian; Ma, Lanxin; Yang, Xueli; Gao, Jinghua; Liu, Xiaoling; Xie, Y-G; Hu, Ying; Luo, Heng; Han, Jian","Human genetics","2026-09-21","https://pubmed.ncbi.nlm.nih.gov/42766034/","Gitelman syndrome (GS) is an autosomal recessive tubulopathy caused by SLC12A3gene mutations. While electrolyte disturbances are well-defined, the systemic metabolic consequences and underlying mechanisms remain unclear. This study investigated whether SLC12A3mutation drives mitochondrial dysfunction and consequent metabolic reprogramming in GS, utilizing a genetically homogeneous founder population with a homozygous SLC12A3p.C421F mutation. We conducted quantitative plasma proteomic analysis (directDIA) in wild-type (WT) and homozygous (HOM) individuals (n = 6/group) and established an isogenic SLC12A3p.C421F homozygous 293T cell model via CRISPR-Cas9. A series of functional assays were performed, including assessment of mitochondrial DNA copy number, membrane potential (JC-1), oxidative stress markers (SOD, MDA, ROS), lipid metabolism (lipid droplets, triglycerides, glycerol, cholesterol), NAD(H)/NADP(H) pools, intracellular ATP levels, enzymatic activities of all five mitochondrial respiratory chain complexes, extracellular acidification rate (ECAR), and expression of key oxidative phosphorylation proteins. Plasma proteomics revealed a significant downregulation of mitochondrial oxidative phosphorylation, TCA cycle, and fatty acid oxidation proteins in HOM individuals. In the cellular model, the mutation recapitulated this signature, showing reduced expression of core respiratory chain subunits (SDHA, UQCRC1, ATP5D). Functionally, HOM cells exhibited impaired activities of respiratory chain complexes I-V, reduced ATP content, and a compensatory increase in glycolytic flux (ECAR). This bioenergetic deficit was accompanied by diminished mtDNA copy number, dissipated mitochondrial membrane potential, elevated oxidative stress, and aberrant lipid metabolism (decreased lipid droplets and triglycerides). Notably, redox cofactor profiling showed a contracted NADP(H) pool alongside an expanded NAD(H) pool. Our integrated multi-omics and functional approach establishes a strong association between the SLC12A3 p.C421F mutation and a state of mitochondrial bioenergetic failure-characterized by impaired oxidative phosphorylation, an ATP deficit, and a compensatory metabolic shift towards glycolysis-in GS. The distinct NAD(H)/NADP(H) imbalance further indicates profound metabolic reprogramming. These findings extend the pathophysiological understanding of GS beyond a pure tubulopathy to a systemic disorder involving mitochondrial dysfunction, offering new mechanistic insights and potential therapeutic targets."
"pubmed","42765828","10.1002/mbo3.70413","Interrogating the Escherichia coli Epitranscriptome Via CRISPR Interference and Nanopore Native RNA Sequencing.","Pitt, Miranda E; Zhang, Jianshu; Nguyen, An N T; Hall, Michael B; Jebeli, Leila; Featherstone, Leo A; Myers, Garry S A; Scott, Nichollas E; Coin, Lachlan J M","MicrobiologyOpen","2026-09-21","https://pubmed.ncbi.nlm.nih.gov/42765828/","Epitranscriptomics has recently gained significant momentum due to technological advances and translational applications; however, studies on bacterial RNA modifications remain limited. Bacterial RNA is notoriously prone to degradation, and methodologies to investigate the epitranscriptome are challenging. Prior research has shown RNA modifications modulate antimicrobial resistance, virulence and pathogenicity. This research employed CRISPR interference to knock down five known Escherichia coli rRNA modification genes (rlmF, rlmJ, rluD, rsmF and rsmG) in three E. coli strains. These isolates were investigated for growth delays, changes in the proteome and the influence on mRNA modifications via native RNA sequencing. CRISPRi adequately silenced the majority of RNA modification genes in E. coli (> 80% reduction). Significant growth delays were associated with rlmF, rluD and rsmF repression. Unique protein pathways corresponding with RNA modification loss were found for rlmJ (TreB, XylF), rluD (CysH, HycB, PutP, TrpB), rsmF (EvgA) and rsmG (OppC). Known rRNA modification sites for rluD (Psi) and rsmG (m7G) were detected from analysis of nanopore electrical signal; however, only a weak signal was apparent for m6A (rlmF, rlmJ) and m5C (rsmF) modifications. The inhibition of rRNA modifications resulted in mRNA modification changes, including for genes ompC, cspC, dbhA, dbhB and secY. Our work provides an approach for unravelling the epitranscriptome of E. coli to gain insight into its functional role."
"pubmed","42765803","10.1093/g3journal/jkag259","Tenascin N contributes to spinal motor nerve morphogenesis during development.","Marcucci, Charles G; Gifford, Brianna Peskin; Jones, Marieke; Blanton, Coleman; Kucenas, Sarah","G3 (Bethesda, Md.)","2026-09-21","https://pubmed.ncbi.nlm.nih.gov/42765803/","Spinal motor nerves are an integral component of the nervous system whose development requires the coordination of many diverse cell types, including motor neurons, glia, and muscle. Although several molecular mechanisms guiding these interactions are known, many remain to be uncovered. Extracellular matrix (ECM) proteins also play a critical role in motor nerve assembly, yet their functions are less understood compared to classical pathfinding and guidance cues. Here, we identify a role for tenascin-n (tnn), an ECM glycoprotein, in spinal motor nerve development in zebrafish. Using in situ hybridization and immunohistochemistry, we show that tnn/Tnn is expressed and localized along vertical myosepta and the border of the ventral neural tube during spinal motor nerve development. To assess its function, we generated a CRISPR/Cas9 mutant allele, tnnuva96, and performed in vivo imaging and morphological analysis throughout motor nerve development. Loss of tnn leads to a subtle and transient trend of increase in ectopic motor axon exit and aberrant motor axon branching in the zebrafish trunk. Our findings reveal a previously unrecognized role for tnn in spinal motor nerve assembly and expand our understanding of the diverse molecular contributors to spinal motor nerve development and morphogenesis."
"pubmed","42765712","10.1128/mbio.02340-25","Targeted, genome-scale overexpression in Proteobacteria.","Banta, Amy B; Hall, Ashley N; Myers, Kevin S; Ward, Ryan D; Davis, Bryce C; Cuellar, Rodrigo A; Place, Michael; Freeh, Claire C; Bacon, Emily E; Peters, Jason M","mBio","2026-09-21","https://pubmed.ncbi.nlm.nih.gov/42765712/","Targeted, genome-scale gene perturbation screens using clustered regularly interspaced short palindromic repeats interference (CRISPRi) and activation (CRISPRa) have revolutionized eukaryotic genetics, advancing medical, industrial, and basic research. Although CRISPRi knockdowns have been broadly applied in bacteria, options for genome-scale gene overexpression face key limitations. Here, we develop a facile approach for genome-scale overexpression in bacteria we call CRISPR transposition and overexpression (CRISPRtOE). We first create a platform for comprehensive gene targeting using CRISPR-associated transposons (CASTs) and show that transposition occurs at a higher frequency in non-transcribed DNA. We then demonstrate that CRISPRtOE can upregulate gene expression in Proteobacteria with medical and industrial relevance by integrating synthetic promoters of varying strength upstream of target genes. Finally, we employ CRISPRtOE screening at the genome scale in the model bacterium Escherichia coli and the non-model biofuel producer Zymomonas mobilis, recovering known and novel antibiotic and engineering targets. We envision that CRISPRtOE will be a valuable overexpression tool for antibiotic mode of action, industrial strain optimization, and gene function discovery in bacteria.IMPORTANCESystematic alteration of bacterial gene expression enables identification of genes relevant to diverse fields of study and practical applications. Although many targeted, genome-scale genetic tools exist for reducing or eliminating gene expression, there are few facile approaches for systematic gene overexpression in bacteria. Here, we develop a targeted overexpression approach for Proteobacteria of medical and industrial importance that precisely inserts strong promoters upstream of genes using clustered regularly interspaced short palindromic repeats (CRISPR)-associated transposons. We demonstrate that this approach can be used to systematically overexpress genes in both model (Escherichia coli K-12) and non-model (Zymomonas mobilis) Proteobacteria for the purpose of understanding antibiotic resistance mechanisms and improving strain resilience in biofuel production conditions, respectively."
"pubmed","42765450","10.1080/00365521.2026.2731959","GPR35-positive mast cells are enriched in primary sclerosing cholangitis and show an enhanced secretory phenotype.","Ronneberg, Jorgen D; Chung, Brian K; Jiang, Xiaojun; Elias, Joshua E; Karlsen, Tom H; Kaneider, Nicole C; Hov, Johannes R; Schneditz, Georg","Scandinavian journal of gastroenterology","2026-09-21","https://pubmed.ncbi.nlm.nih.gov/42765450/","OBJECTIVE: Gene polymorphism in G protein-coupled receptor 35 (GPR35) is associated with primary sclerosing cholangitis (PSC). How GPR35 contributes to PSC pathogenesis remains poorly understood. We have observed infiltration of GPR35-positive mast cells in PSC explant liver tissue. Here, we aim to characterize GPR35 dependent mast cell biology relevant for cholangitis and biliary fibrosis. METHODS: GPR35 expressing cells were quantified by immunohistochemistry in liver tissue from PSC patients (n = 8) and disease controls (primary biliary cholangitis n = 3, alcohol-related liver disease n = 4). GPR35 -/- HMC-1 and LUVA mast cell lines were generated with CRISPR, stimulated with ionomycin and PMA, and phenotyped by RNA sequencing. Genes and pathways affected by GPR35 knockdown were determined by DESeq2 and gene set enrichment analysis. Selected cytokines, TNFalpha and IL13, were measured by qRT-PCR and ELISA. Mast cell-cholangiocyte interaction was studied in transwell co-culture with H69 cell line. RESULTS: GPR35-positive mast cells were increased around bile ducts in PSC liver explants compared to disease controls. PSC mast cells showed higher relative expression of GPR35 than macrophages. In vitro, GPR35-positive mast cells showed increased transcription of cytokine signaling and Golgi complex genes upon activation. These transcriptional changes translated to increased IL13 secretion. Finally, mast cells induced upregulation of TGFB1, FN1, and ACTA2 in H69 cholangiocytes in a GPR35 dependent manner. CONCLUSION: GPR35 supports a pro-secretory mast cell phenotype with potential relevance to biliary fibrosis. The increased infiltration of GPR35 positive mast cells in PSC near bile ducts could be a target for biliary fibrogenesis."
"pubmed","42765340","10.1002/advs.77614","Ribonucleotides Amplify Mitochondrial DNA-Driven cGAS-STING Activation via FdUMP-ribonucleotide Hybrid Particles to Potentiate Chemoimmunotherapy.","Wang, Chao; Zhao, Chenxuan; Yao, Yesong; Zou, Zhiwen; Shi, Anxin; Feng, Zhuo; Yang, Mingkang; Yu, Yue; Liu, Yang; Rui, Xuehui; Wu, Jinhui","Advanced science (Weinheim, Baden-Wurttemberg, Germany)","2026-09-21","https://pubmed.ncbi.nlm.nih.gov/42765340/","Intracellular nucleotide imbalance between ribonucleotides and deoxyribonucleotides can trigger cytosolic mitochondrial DNA (mtDNA) release and subsequent activation of the cGAS-STING pathway. However, fluoropyrimidine-induced nucleotide imbalance is constrained by their metabolic instability. Here, we leverage ribonucleotides to amplify floxuridine (FUDR)-induced mtDNA release and cGAS-STING activation for enhanced cancer chemoimmunotherapy. We identified that cytidine monophosphate (CMP) significantly enhances FUDR-mediated activation of the mtDNA-driven cGAS-STING pathway, inducing over 300-fold upregulation of the interferon gene Ifnb1 and initiating STING-dependent antitumor immunity. Genome-wide CRISPR-Cas9 screening identified five pyrimidine-metabolizing enzymes (CMPK1, CMPK2, TYMP, UPP1, and UPP2) that are responsible for the metabolic instability of floxuridine monophosphate (FdUMP). CMP and its intracellular metabolites can metabolically block these enzymes, thereby increasing the peak intracellular concentration of FdUMP by over 500-fold and extending its half-life by more than 20-fold, which in turn promotes sustained intracellular nucleotide imbalance. To translate this mechanism into therapy, we co-encapsulated FdUMP and CMP into hybrid lipid nanoparticles (FC-NPs). FC-NPs robustly activated STING-dependent antitumor immunity, achieving remarkable therapeutic efficacy in multiple murine colorectal cancer (CRC) models. Our study not only addresses the long-standing issue of fluoropyrimidine metabolic instability but also reveals a novel ribonucleotide-mediated immunomodulatory mechanism, providing a promising strategy to potentiate chemoimmunotherapy in CRC."
"pubmed","42765073","10.1016/j.mtbio.2026.103667","Genetic vulnerability and dynamic mechanical stress synergistically drive sarcomere failure in human iPSC-derived cardiomyocytes.","Wang, Chenyan; Mai, Nhu Y; Donelson, Fred J; Moradi Nasab, Susan; Shi, Huaiyu; Yang, Huaxiao; Mather, Patrick T; Wang, Xinrui; Henderson, James H; Ma, Zhen","Materials today. Bio","2026-09-21","https://pubmed.ncbi.nlm.nih.gov/42765073/","Mechanical stress plays a critical role in regulating cardiomyocyte structure and physiology. However, mechanobiology studies still rely on static systems that failed to capture the progressive nature of native cardiac remodeling. Building on our prior shape memory polymer (SMP)-based platform, the present study integrates microcontact printing onto SMP substrates to achieve single-cell geometric control and on-demand dynamic mechanical modulation. Using CRISPR/Cas9-engineered MYBPC3- and BAG3-mutant hiPSC-CMs along with isogenic wild-type (WT) control, we systematically assessed sarcomere organization and contractile behavior under static and dynamic mechanical conditions. WT hiPSC-CMs displayed robust morphological adaptability and coordinated sarcomere remodeling in response to dynamic mechanical cues, whereas MYBPC3- and BAG3-deficient hiPSC-CMs exhibited mutation-specific defects in sarcomere integrity and contractile behavior that were exacerbated by dynamic mechanical stress. These results demonstrate that this SMP-based platform enables us to systematically compare genotype-based mechanical sensitivity to develop more severe cardiomyopathy phenotypes."
"pubmed","42764651","10.2174/0115665232473217260821092300","Nanocarrier-Mediated Nucleic Acid Therapy in Non-Small Cell Lung Cancer: Converging Delivery Barriers, Resistance Reversal, and Clinical Translation.","Haitao, Yu; Jianqin, Yan; Song, Gao; Weili, Qiao; Maolong, Wang","Current gene therapy","2026-09-21","https://pubmed.ncbi.nlm.nih.gov/42764651/","BACKGROUND: Lung cancer remains a leading cause of cancer-related mortality worldwide, and non-small cell lung cancer (NSCLC) is the major histological subtype. Although chemotherapy, molecular targeted therapy, and immune checkpoint blockade have improved outcomes in selected patients, therapeutic resistance, tumor heterogeneity, systemic toxicity, and limited responsiveness still restrict durable clinical benefit. This review critically evaluates nanocarrier-mediated gene delivery for gene regulation, combination therapy, and resistance reversal in NSCLC. METHODS: As a narrative review, this article integrates studies on nucleic acid nanomedicine relevant to NSCLC using a barrier-payload-resistance-translation framework, focusing on payload compatibility, intracellular trafficking, endosomal escape, immune safety, pharmacokinetics, biodistribution, and translational feasibility. RESULTS: Small interfering RNA (siRNA), microRNA (miRNA), antisense oligonucleotides (ASOs), and clustered regularly interspaced short palindromic repeats/CRISPR-associated protein 9 (CRISPR/Cas9) systems can modulate oncogenic signaling, resistance-associated pathways, and the tumor immune microenvironment. However, effective delivery requires overcoming nuclease degradation, mononuclear phagocyte clearance, heterogeneous tumor accumulation, stromal barriers, inefficient cellular uptake, insufficient endosomal escape, immune activation, and uncertain pharmacokinetic and biodistribution profiles. DISCUSSION: This review discusses lipid-based, polymeric, inorganic, bio-derived, and viral systems according to payload compatibility, intracellular delivery requirements, safety, and clinical feasibility. Particular emphasis is placed on resistance mechanisms beyond classical multidrug efflux, including epithelial-mesenchymal transition (EMT), cancer stem cell-associated resistance, DNA damage repair, bypass activation of targeted therapy pathways, immune escape, and metabolic reprogramming. CONCLUSION: Future nanocarrier-based gene therapy for NSCLC should move beyond material innovation toward barrier-informed, resistance-matched, biomarker-guided, and clinically scalable precision nanomedicine."
"pubmed","42764379","10.1002/adhm.71747","Click-Chemistry Functionalized Lipid Nanoparticles for In Vitro and In Vivo Transfection of Primary Human CD4(+) T Cells.","De Cock, Maaike; Burg, Elianne; Gerlo, Sarah; Vandekerckhove, Linos; De Geest, Bruno G; Van Cleemput, Jolien","Advanced healthcare materials","2026-09-21","https://pubmed.ncbi.nlm.nih.gov/42764379/","CD4(+) T cells orchestrate adaptive immunity and strategies that enable their genetic reprogramming hold promise for treating cancer, immune dysregulation and infectious diseases such as HIV. However, current T cell engineering approaches rely heavily on ex vivo manipulation, which is labor-intensive, costly, and can alter cell phenotypes. Lipid nanoparticles (LNPs) offer a scalable nonviral alternative, yet conventional formulations show minimal interaction with lymphocytes and are rapidly cleared by the liver. In this study, we develop a modular DBCO-azide click-chemistry approach to functionalize LNPs with a high-affinity CD4 nanobody, enabling precise CD4 receptor-directed delivery to human CD4(+) T cells. Optimized CD4-targeted LNPs transfect up to 48% of non-activated CD4(+) T cells within a PBMC co-culture, the highest efficiency reported so far through LNP transfection. Moreover, they successfully deliver CRISPR-Cas9 components to activated CD4(+) T cells and achieve up to 32% gene editing. In humanized NSG-SGM3 mice, CD4-targeted LNPs selectively associate with and transfect circulating and bone marrow-resident human CD4(+) T cells while showing minimal off-target activity in murine cells. These results establish CD4-nanobody LNPs as a versatile platform for targeted mRNA and gene-editing delivery, with broad potential for cancer immunotherapy, T cell reprogramming, and HIV cure strategies."
