"source","id","doi","title","authors","journal","published_date","url","abstract"
"pubmed","42716876","10.1016/j.tplants.2026.08.007","Ancient polyploidization waves as evolutionary shields for angiosperms.","Chang, Xiaojun; Gong, Yao; Zheng, Jian; Zhang, Liangsheng","Trends in plant science","2026-09-09","https://pubmed.ncbi.nlm.nih.gov/42716876/","Chen et al. identified 132 whole-genome duplications (WGDs) clustered around environmental crises. We highlight how, over longer evolutionary timescales, ancient WGDs convergently retained MADS-box, MYB, WRKY and HSF transcription factors, building stress-adaptation networks. These insights guide climate-resilient crop improvement through comparative genomics and CRISPR engineering."
"pubmed","42716490","10.1093/bib/bbag478","SpacerScope: binary-vectorized, genome-wide off-target profiling for RNA-guided nucleases without prior candidate-site bias.","Qu, Yanji; Wang, Yaxuan; Wang, Yan; Tang, Haoru; Chen, Qing","Briefings in bioinformatics","2026-09-09","https://pubmed.ncbi.nlm.nih.gov/42716490/","The precision of CRISPR/Cas systems is fundamental to their application in plant and animal biotechnology. However, comprehensive sequence-based off-target candidate discovery remains a computational bottleneck, particularly in large and complex genomes. Here we developed SpacerScope, an off-target candidate discovery framework that enables unbiased, genome-wide discovery by leveraging binary vectorization, bitwise filtering, and right-end-anchored alignment. Benchmarking against human CIRCLE-seq data demonstrated that SpacerScope recovered 100% of validated off-target sites (6142/6142), matching the sensitivity of exhaustive algorithms. Crucially, SpacerScope achieved this maximum candidate recovery while substantially reducing computational overhead. In large-genome evaluations, SpacerScope maintained low peak memory usage of 2.20 GiB and achieved substantial runtime improvements over indel-aware comparator tools, including more than 50-fold speedup relative to Cas-OFFinder 3 (544 s versus 29 185 s). Furthermore, comparative analyses in polyploid species, such as the octoploid strawberry, revealed that SpacerScope identified larger sequence-compatible candidate burdens than standard web-based design platforms. Our results establish SpacerScope as a high-speed framework for sequence-based genome-wide off-target candidate discovery across diverse and highly repetitive genomic landscapes. The source code and program was publicly available at https://github.com/charlesqu666/SpacerScope. Short Abstract CRISPR/Cas sequence-based off-target candidate discovery remains computationally challenging in large, repetitive, and polyploid genomes. Existing tools either miss indel-containing candidate sites or incur prohibitive runtime and memory costs. We developed SpacerScope, a binary-vectorized framework that enables unbiased, genome-wide off-target candidate discovery without pre-selected candidate sites. By integrating bitwise filtering with right-end-anchored alignment, SpacerScope recovered 100% of validated off-target sites in human CIRCLE-seq data while using only 2.20 GiB of memory and achieving more than 10-fold speedup over indel-aware alternatives. Evaluation in plant genomes, including rice and octoploid strawberry, further demonstrated SpacerScope's capacity to identify larger sequence-compatible candidate burdens overlooked by standard tools. SpacerScope thus provides a high-speed framework for sequence-based genome-wide off-target candidate discovery across diverse and highly repetitive genomic landscapes, supporting downstream prioritization."
"pubmed","42716374","10.1016/j.neuropharm.2026.111185","Opto-CRISPR technologies in translational neuropharmacology.","Lau, Cia-Hin; Xia, Qiyuan; Liang, Qingle; Guo, Rui; Zhu, Haibao","Neuropharmacology","2026-09-09","https://pubmed.ncbi.nlm.nih.gov/42716374/","Opto-CRISPR (optically controlled CRISPR/Cas) represents a major advancement in precision neurology by enabling localized gene editing within the nervous system at precise times and locations. While preclinical studies still rely largely on classical CRISPR/Cas systems, opto-CRISPR offers unprecedented opportunities to safely treat neurological diseases at their genetic roots. It achieves this by spatiotemporally correcting pathogenic mutations, halting toxic protein accumulation, repairing neurons, rebuilding neural circuitry, and accelerating drug discovery through highly realistic disease models. This review discusses this emerging field and its transformative potential for translational neuropharmacology, focusing on therapies for neurodevelopmental and neurodegenerative disorders. Opto-CRISPR is classified into four generations: Generation 1 (light-controlled Cas protein systems), Generation 2 (light-activated guide RNA systems), Generation 3 (light-controlled inhibitor systems), and Generation 4 (NIR upconversion and epigenetic multiplexing). Their working mechanisms, applications, advantages, and limitations are comprehensively described. We also critically discuss how opto-CRISPR offers distinct advantages over traditional biologics and remote modalities (e.g., small-molecule drugs, monoclonal antibodies, antisense oligonucleotides, viral-mediated gene therapy, magnetogenetics, and sonogenetics) in neuropharmacology. Finally, we address current challenges and the therapeutic outlook for the clinical translation of opto-CRISPR."
"pubmed","42716355","10.1016/j.biotechadv.2026.109033","Emerging strategies for regulating Cas12a and Cas13a trans-cleavage activity in biosensing.","Wang, Xiaohui; Huang, Yaru; Zhang, Lei; Zheng, Le","Biotechnology advances","2026-09-09","https://pubmed.ncbi.nlm.nih.gov/42716355/","CRISPR-Cas12a and Cas13a have become widely used platforms for molecular diagnostics and biosensing, because target recognition can trigger collateral nucleic acid cleavage for signal amplification. Leveraging this mechanism, numerous biosensing platforms have been developed with high sensitivity, high specificity, and compatibility with point-of-care testing. However, their analytical performance depends strongly on the regulation of trans-cleavage activity. This review summarizes recent advances in the molecular basis and activity regulation of CRISPR-Cas12a- and Cas13a-based biosensing systems. We discuss the target-recognition and conformational activation mechanisms underlying Cas12a and Cas13a trans-cleavage. We then examine how Cas effector properties, crRNA architecture and composition, activator accessibility and structure, reaction conditions, and reporter design regulate target-induced activation and signal output. We further highlight the use of these strategies for controlled activation, tunable signal generation, and broader biosensing applications. By organizing these strategies across different regulatory layers, this review aims to provide a framework for designing more controllable and adaptable CRISPR trans-cleavage biosensing systems."
"pubmed","42716227","10.1016/j.plantsci.2026.113443","The OsRFP1-OsMYB61 module regulates rice drought tolerance by modulating the transcription of ABA- and drought-responsive genes.","Li, Xiaoyue; Xu, Bing; Jia, Xuying; Cao, Xiaohong; Sun, Wanying; Wang, Weiwei; Yang, Siqi; Yan, Tengling; Du, Honglin; Guo, Guangyan; Bi, Caili","Plant science : an international journal of experimental plant biology","2026-09-09","https://pubmed.ncbi.nlm.nih.gov/42716227/","Rice (Oryza sativa L.) is a major food crop worldwide. With the acceleration of global warming, drought is becoming one of the major limitations for rice productivity. In plants, MYB transcription factors (TF) play pivotal roles in mediating drought stress tolerance. The rice OsMYB61 encodes an R2R3-MYB protein. OsMYB61 is localized both in the nucleus and the stomatal guard cells in the Nicotiana benthamiana leaves. The expression of OsMYB61 is repressed by ABA and PEG treatments. OsMYB61-overexpressing rice lines exhibited decreased drought tolerance. qRT-PCR evidence showed that the transcription levels of OsDREB2A and OsNCED1/4 in transgenic rice plants were differentially altered by PEG treatment. The yeast one-hybrid (Y1H) assay and transient luciferase reporter experiments demonstrated that OsMYB61 may bind to the promoters OsNCED1/4 and OsDREB2A, and hence inhibits their expression. OsRFP1 is a RING-finger E3 ubiquitin ligase and promotes stomatal opening. Our evidence showed that OsMYB61 interacts with and ubiquitinates OsRFP1 directly, thereby promoting its degradation via the ubiquitin-26S proteasome pathway. Moreover, knockout of OsRFP1 via the CRISPR-Cas9 technique led to decreased drought and osmotic tolerance of osrfp1 mutants, implying that OsRFP1 positively regulates drought and osmotic stress response. Furthermore, co-expression of OsRFP1 and OsMYB61 attenuated the repressive effects of OsMYB61 on the transcription of OsNCED1/4 and OsDREB2A. Collectively, our findings unraveled the molecular mechanisms of the OsRFP1-OsMYB61 module in regulating rice drought tolerance, which provide potential targets for rice breeding with improved drought tolerance."
"pubmed","42716156","10.1016/j.ijbiomac.2026.154405","PDK1 signaling in cancer: Current status and future perspectives.","Honnasiddappa, Darshana Ballagere; Ramar, Mohankumar; Biju, Tincy; Sajjan, Mallikarjun; Venkatesh, Chidananda; Mahadeva, Nayan Kumar; Kunjiappan, Selvaraj; Ammunje, Damodar Nayak; Pavadai, Parasuraman","International journal of biological macromolecules","2026-09-09","https://pubmed.ncbi.nlm.nih.gov/42716156/","Dysregulation of signaling pathways governing cell growth, survival, metabolism, angiogenesis, invasion, metastasis, and therapeutic response drives cancer progression. The AGC family of kinases, such as AKT, S6K, SGK, RSK, and PKC, is important for downstream signaling. The 3-phosphoinositide-dependent protein kinase-1 protein (PDK1), encoded by the PDPK1 gene, phosphorylates activation-loop residues in these kinases and links phosphoinositide signaling to cellular growth, survival, metabolism, and transformation. The structure, regulation, cancer-associated functions, and therapeutic targeting of PDK1 are critically reviewed, with a focus on the pleckstrin homology domain, PIF pocket-mediated substrate docking, the kinase domain, and reported non-catalytic interactions. Experimental results from breast, lung, gastric, liver, hematological, and melanoma models suggest that dysregulated PDK1 signaling can increase the output of the PI3K-AKT-mTOR pathway, invasion, metabolic adaptation, and resistance to specific hormonal, chemotherapeutic, and targeted therapies. In some preclinical models, genetic suppression of PDK1 using siRNA, shRNA, or CRISPR-based methods has been shown to slow tumor cell growth and restore drug sensitivity. However, PDK1 remains an unvalidated therapeutic target in the clinic. There is no selective PDK1 inhibitor that has been clinically approved, and most pharmacological candidates are based on biochemical and cellular data. There is limited genetic evidence and in vivo evidence, and no validated clinical evidence specific to PDK1. Emerging PIF-pocket ligands, dual-site inhibitors, allosteric modulators, and protein-degradation strategies are therefore investigational strategies that need to be improved in terms of selectivity, pharmacokinetic characterization, tumor-context validation, and biomarker-guided evaluation."
"pubmed","42716134","10.1016/j.bcp.2026.118462","MEX3A mediates DHRS3 instability to relieve G0/G1 arrest and facilitate hepatocellular carcinoma tumorigenesis and progression.","Li, Weihan; Mo, Shanshan; Zhang, Wei; Ben, Yiran; Chen, Guolin","Biochemical pharmacology","2026-09-09","https://pubmed.ncbi.nlm.nih.gov/42716134/","Hepatocellular carcinoma (HCC), the most prevalent form of liver cancer, has a high incidence and mortality rate. This study aimed to elucidate the function of MEX3A in HCC and explore its underlying mechanisms. The expression of MEX3A was assessed in a DEN/CCl(4)-induced mouse model and in clinical HCC tumor tissues. MEX3A expression was increased in the tumors of HCC patients and was associated with poor prognosis. CRISPR/Cas9-mediated MEX3A knockout induced cell cycle arrest at the G0/G1 phase and suppressed the proliferation of HCC cells. Knockout of Mex3a hampered tumor development in DEN/CCl(4)-induced mice and inhibited xenograft tumor growth. MEX3A reduces the mRNA stability of DHRS3 via MRE. Knockdown of DHRS3 compromised the effect of MEX3A knockout on the HCC cell cycle and promoted HCC development. MEX3A transcription in HCC is regulated by ZKSCAN5. Knockout of ZKSCAN5 induced HCC cell cycle arrest at the G0/G1 phase and suppressed HCC cell proliferation. Sincalide, a compound targeting ZKSCAN5, inhibited the malignant behavior of HCC cells. The findings of this study indicate that sincalide serves as a potential ZKSCAN5-targeting candidate compound. By binding to ZKSCAN5 and promoting its proteasome-dependent degradation, it offers a new avenue for inhibiting the ZKSCAN5/MEX3A/DHRS3 axis."
"pubmed","42716014","10.1016/j.neuron.2026.08.006","Mapping cell-type- and age-dependent neuronal vulnerability through genome-wide in vivo CRISPRi screens in the mouse brain.","Lin, Risheng; Ke, Zeting; Wang, Jianhui; Wei, Tianzi; Zhang, Lifu; Fang, Yitong; Tian, Ruilin","Neuron","2026-09-09","https://pubmed.ncbi.nlm.nih.gov/42716014/","Current brain atlases are largely descriptive, cataloging correlative molecular snapshots such as gene expression signatures yet offering limited functional insight. Here, we develop a scalable, cell-type-resolved in vivo CRISPR interference (CRISPRi) platform enabling systematic gene function profiling in the mouse brain. Through genome-wide screens across four neuronal populations at three time points spanning youth to aging, we identify neuronal essential genes missed in vitro and define a consensus set of 269 neuronal core essential genes. The data reveal cell-type-specific genetic vulnerabilities, including divergent dependencies validated for exosome component 9 (Exosc9) and osteopetrosis-associated transmembrane protein 1 (Ostm1) between excitatory and inhibitory neurons. We uncover aging-specific dependencies enriched in mitochondrial and translational pathways, aligning with transcriptional changes in the aging human brain. Finally, we establish the CRISPRinvivo data portal as a community resource for in vivo screening. Altogether, this work provides a broadly applicable platform for in vivo functional genomics and a framework for building comprehensive gene-function brain atlases."
"pubmed","42716012","10.1016/j.ajhg.2026.08.014","Functional characterization of the 9q34.13 locus identifies RAPGEF1 as a candidate gene modulating risk for melanoma and nevi via RAS activation.","Thakur, Rohit; Xu, Mai; Thornock, Alexandra M; Yon, Joshuah; Anyaso-Samuel, Samuel; Lauss, Martin; Rehling, Thomas; Bui-Raborn, Linh; Sowards, Hayley; Duncan, Gerard; Jessop, Lea; Myers, Timothy; Chari, Raj; Long, Erping; Funderburk, Karen; Yin, Jinhu; Hennessey, Rebecca; Hseih, Emory; Levin, Hannah; Machiela, Mitchell J; Zhang, Tongwu; Jonsson, Goran; Bishop, D Timothy; Newton-Bishop, Julia; Nsengimana, Jeremie; Iles, Mark M; Landi, Maria Teresa; Law, Matthew H; Andresson, Thorkell; Choi, Jiyeon; Zon, Leonard I; Shi, Jianxin; Brown, Kevin M","American journal of human genetics","2026-09-09","https://pubmed.ncbi.nlm.nih.gov/42716012/","Genome-wide association studies identified a melanoma- and nevus count-associated locus on chromosome band 9q34.13. Fine-mapping and melanocyte expression data collectively suggest two potential risk genes with opposite associations with risk: higher levels of Rap guanine nucleotide exchange factor 1 (RAPGEF1) and lower levels of uridine-cytidine kinase 1 (UCK1). Colocalization analyses and conditional transcriptome-wide association studies (TWASs) suggest multiple causal cis-regulatory sequence variants in partial linkage disequilibrium (LD) to each other. Melanocyte capture-HiC and CRISPR inhibition demonstrated regulatory interactions between fine-mapped variants and the RAPGEF1 and UCK1 promoters. Focusing on RAPGEF1, we demonstrate that RAPGEF1 expression promotes melanocyte growth and drives colony formation of human immortalized melanocytes. Following treatment with human epidermal growth factor (EGF), RAPGEF1 overexpression activated both RAP1 and RAS. Further, we show that RAPGEF1 expression is significantly enriched in melanomas that lack strongly activating RAS-MAPK pathway mutations, which suggests that RAPGEF1 may promote oncogenic RAS-MAPK pathway signaling in melanomas. Furthermore, in these tumors, we provide preliminary evidence to support the prognostic relevance of RAPGEF1 expression in individuals whose melanomas lack RAS or BRAF mutations. Together with other recent studies, these data suggest that germline variation influencing RAS activation may play a key role in nevus development and melanoma risk."
"pubmed","42715858","10.1016/j.micres.2026.128712","Spartin promotes influenza A virus attachment by sustaining the organization of sialic acid clusters.","Sun, Huimin; Luo, Didan; Tu, Shaoyu; Du, Yue; Xiong, Chuhan; Jin, Meilin; Chen, Huanchun; Zou, Jiahui; Zhou, Hongbo","Microbiological research","2026-09-09","https://pubmed.ncbi.nlm.nih.gov/42715858/","Swine influenza virus (SIV) poses a continuous threat to global pig production and public health. Efficient SIV replication is highly dependent on host factors, making their identification and functional characterization important for the development of host-directed antiviral strategies. Here, we investigated the role of the host factor SPART in SIV infection using CRISPR/Cas9-mediated knockout cells in combination with viral entry assays, flow cytometry, confocal microscopy, and stimulated emission depletion (STED) super-resolution imaging. SPART deficiency markedly impaired the replication of multiple influenza A virus (IAV) subtypes. Further analyses revealed that SPART knockout inhibited viral attachment. Mechanistically, SPART deficiency altered the organization of sialic acid clusters on the cell membrane by remodeling intracellular F-actin via hyperactivation of the MEK/ERK signaling pathway, without affecting the expression of sialic acid receptors. Collectively, these findings identify SPART as a novel host factor that promotes IAV attachment by maintaining sialic acid cluster organization, providing new mechanistic insight into host-mediated regulation of influenza virus entry."
"pubmed","42715831","10.1016/j.theriogenology.2026.118163","Rapid CRISPR-based bovine embryo sexing to streamline genotype-informed cattle breeding.","Ri, Lara; Cortez, Jenin V; Bogema, Daniel R; Nevard, Rory; Day, Margot; Grupen, Christopher G; McFarlane, Gus R","Theriogenology","2026-09-09","https://pubmed.ncbi.nlm.nih.gov/42715831/","Cattle in vitro fertilisation and embryo transfer programmes increasingly rely on embryo-level selection to accelerate genetic gain, but current sexing and genotyping workflows can be costly, slow and logistically demanding. This study developed an efficient, low-resource workflow for bovine embryo sexing that combines whole genome amplification (WGA) with recombinase polymerase amplification-CRISPR-Cas12a (RPA-Cas12a). It also assessed whether the same WGA biopsy products could be used for downstream single nucleotide polymorphism (SNP) microarray genotyping. A one-tube RPA-Cas12a assay targeting the bovine Y-chromosome S4 repeat was developed for fluorescence and lateral flow assay (LFA) readouts. Analytical sensitivity was assessed using serially diluted bovine genomic DNA (gDNA), and breed robustness was tested using male and female gDNA from five major beef breeds and Holstein cattle. The workflow was then applied to WGA products from 22 bovine blastocyst biopsies, with sex calls validated against an established real-time PCR melt curve assay and 100K SNP microarray genotyping. The assay detected male bovine gDNA down to 100 pg using both fluorescence and LFA readouts, with no signal from female gDNA. Male-specific detection was consistent across all breeds tested. All WGA-RPA-Cas12a sex calls from blastocyst biopsies were concordant with real-time PCR and SNP microarray sex calls, and WGA biopsy products produced genome-wide SNP call rates above 85%. This workflow provides a practical approach for rapid bovine embryo sex triage and could reduce unnecessary cryopreservation and genotyping while improving the efficiency of genotype-informed cattle breeding programmes."
"pubmed","42715307","10.1126/sciadv.aed4161","Peroxiredoxin 1 safeguards the nucleolar genome from oxidative damage.","Gujar, Vaibhavi; Furusawa, Takashi; Sharma, Shalu; Boateng, Frimpong; Li, Haojian; Achour, Cyrinne; Taniyama, Daiki; Kruhlak, Michael; Pommier, Yves; Oberdoerffer, Shalini; Stracker, Travis H; Weyemi, Urbain","Science advances","2026-09-09","https://pubmed.ncbi.nlm.nih.gov/42715307/","Peroxiredoxin 1 (PRDX1) is a highly conserved, thiol-dependent peroxidase that rapidly scavenges reactive oxygen species to modulate redox signaling. PRDX1-null mice exhibited genomic instability, shortened life span, and accelerated tumorigenesis, including development of lymphomas, sarcomas, and carcinomas. Despite extensive characterization of these phenotypes, the molecular mechanism by which PRDX1 loss causes genomic instability remains poorly understood. Here, we show that PRDX1 deficiency alters nucleolar morphology, impairs RNA polymerase I (POL-I)-dependent transcription of pre-ribosomal RNAs, and triggers nucleolar genomic instability. This oxidative stress-induced nucleolar dysfunction promotes the stability of secondary DNA structures, such as RNA-DNA hybrids and G-quadruplex DNA, contributing to nucleolar genomic instability. We demonstrate that PRDX1 loss reduces nascent ribosomal RNA (rRNA) levels and impairs rRNA processing, further affecting ribosome biogenesis. Mechanistically, we established that PRDX1 loss triggers activation of the nucleolar DNA damage response characterized by activation of the DNA repair kinase ATM and elevated TCOF1 within the nucleolus. In addition, we observed recruitment of the MRE11-RAD50-NBS1 (MRN) complex subunit NBS1 to ribosomal DNA (rDNA) loci and this was further increased under oxidative stress. NBS1 accumulation correlates with the repression of rDNA transcription by POL-I, potentially delaying rRNA synthesis, and safeguarding the nucleolar genome from further oxidative damage. Collectively, these findings uncover a previously unrecognized, but critical role, for PRDX1 in maintaining nucleolar integrity and ribosomal biogenesis through redox-dependent regulation of rDNA transcription and processing machinery."
"pubmed","42715099","10.1016/j.celrep.2026.117960","FANCM is required for the PAX3::FOXO1-driven oncogenic program in rhabdomyosarcoma.","Delaney, Christopher D; Lu, Min; Zimmerman, Seth P; Meng, Yingying; Vaganay, Camille; Cerda-Smith, Christian G; Liu, Annie; Hoj, Jacob P; Killarney, Shane T; Dillon, Kerry; Stewart, Amy E; Huang, Kevin; Caci, Julia D; White, Olivia; Puissant, Alexandre; Root, David E; Shern, Jack F; Eyler, Christine E; David Chen, Chun-Wei; Counter, Christopher M; Linardic, Corinne M; Zou, Lee; Wood, Kris C","Cell reports","2026-09-09","https://pubmed.ncbi.nlm.nih.gov/42715099/","Many cancers are driven by mutationally altered transcription factors (TFs) that rewire cells to an oncogenic state. Cells must activate specific mechanisms to tolerate the burden of oncogenic TF activity. To define such mechanisms, we focused on a canonical oncogenic fusion protein-driven cancer, alveolar rhabdomyosarcoma (ARMS), where the PAX3::FOXO1 fusion protein hyperactivates and mislocalizes PAX3 and FOXO1 TF functions. Employing sequential functional genomic CRISPR-Cas9 screens, we identified FANCM, a DNA translocase in the Fanconi anemia pathway, as a selective dependency in PAX3::FOXO1+ ARMS. FANCM loss reduces fusion protein levels, induces myogenic differentiation, and disrupts the PAX3::FOXO1 transcriptional program, thereby halting oncogenic proliferation. Mechanistically, FANCM depletion exacerbates replication stress (RS) and DNA damage signaling, with chromatin-associated RS enriched at PAX3::FOXO1 target gene loci, resulting in selective downregulation of the oncogenic program. CRISPR exon-tiling screens prioritized FANCM's helicase and DNA-binding domains as essential for this dependency, linking FANCM-mediated replication fork binding to sustained oncogenesis."
"pubmed","42715083","10.1073/pnas.2613134123","Harmonizing amplification and cleavage kinetics through crRNA scaffold mutation enables robust one-pot CRISPR-Cas12 diagnostics.","Jiang, Qingyang; Xu, Ruiquan; Lin, Zhixin; Sun, Chenyu; Ye, Feidi; Ye, Yanyan; Lin, Duoming; Li, Zhen; Mai, Jingwen; Lin, Zhihong; Qu, Jiuxin; Deng, Xiaoyan; Ge, Chenchen; Wang, Dou","Proceedings of the National Academy of Sciences of the United States of America","2026-09-09","https://pubmed.ncbi.nlm.nih.gov/42715083/","CRISPR-based diagnostics (CRISPR-Dx) integrated with isothermal nucleic acid amplification have emerged as a promising strategy for point-of-care molecular testing. Their practical deployment, however, remains constrained by workflow-related limitations. Conventional two-step formats are laborious and highly susceptible to aerosol contamination during amplicon transfer, whereas simplified one-pot formats often suffer from reduced sensitivity because amplification and CRISPR-mediated cleavage compete kinetically within the same reaction vessel. In this work, we present a broadly applicable one-pot detection strategy termed mutant scaffold-mediated RPA-CRISPR/Cas12a (MS-CRISPR). This approach introduces rationally designed point mutations into the crRNA scaffold to moderately attenuate Cas12a activation and cleavage kinetics. Such kinetic tuning prevents the enzyme from prematurely depleting nascent RPA amplicons, a common source of signal loss in wild-type systems. By delaying cleavage until sufficient amplification products have accumulated, MS-CRISPR markedly enhances endpoint signal output. Using this kinetically balanced system, we achieved a limit of detection of 1 copy/muL for both SARS-CoV-2 and influenza A virus within 15 min, while preserving a fully closed-tube workflow that minimizes aerosol contamination and simplifies operation. We coupled the assay with an instrument-free lateral-flow readout and an ultraportable, multiplex, low-cost microfluidic platform (portable wireless isothermal nucleic acid detection). Clinical validation with patient samples showed 100% sensitivity and specificity for both viral targets. Collectively, MS-CRISPR establishes a sensitive, versatile, and field-deployable platform for rapid pathogen screening."
"pubmed","42714839","10.1158/1078-0432.CCR-21-3677","Phase 1 trial and biomarker analysis of Buparlisib with weekly Cisplatin and Radiotherapy in high risk locally advanced squamous cell cancer of the Head and Neck.","Lorch, Jochen H; Wong, Kristine; Tishler, Roy B; Haddad, Robert I; O'Neill, Anne; Shin, Kee-Young; Liu, Mofei; Hanna, Glenn J; Chau, Nicole G; Rabinowits, Guilherme; Schoenfeld, Jonathan D; Margalit, Danielle N; Goguen, Laura; Uppaluri, Ravindra; Thomas, Tom; Kacew, Alec; McHugh, Patricia; Harris, Ethan; Austin, Kimberly; Huang, Julian; Mahmood, Umair; Kochupurakkal, Bose S; Sholl, Lynette M; Spangle, Jennifer M","Clinical cancer research : an official journal of the American Association for Cancer Research","2026-09-09","https://pubmed.ncbi.nlm.nih.gov/42714839/","PURPOSE: We evaluated the pan-PI3K inhibitor buparlisib with weekly cisplatin and radiotherapy among patients with locally advanced (LA) squamous cell cancer of the head and neck (SCCHN) and tobacco history. PATIENTS AND METHODS: Patients with stage III/IV LA-SCCHN (AJCC7), >/=10 pack-year tobacco use treated with curative intent were enrolled. Patients received buparlisib during a 2-week run-in phase and during standard 70Gy of radiotherapy plus weekly cisplatin. An exploratory analysis of genomic sequencing was performed on biopsy specimens Results: Twenty-three patients were enrolled (n=17 at the MTD (buparlisib 40 mg daily, CDDP 30mg/m2/week)). Ninety-one percent (21/23) had stage IV disease. HPV was detected in 15 of 18 cases with oral/oropharyngeal disease. 5 patients suffered recurrences of whom 3 had activating mutations along the PI3K pathway. In 5 patients whose disease responded during the 2 week run-in phase with buparlisib alone, 3 of 4 with sequencing data showed loss-of-function mutations in either Tumor Necrosis Factor Receptor Associated Factor 3 (TRAF3), and/or Cylindromatosis Lysine Deubiquinatinase (CYLD). Preclinical studies with mutations in TRAF3 or CYLD via CRISPR/Cas9 knockout in HPV+SCCHN cells demonstrate that loss of TRAF3 or CYLD may sensitize SCCHN cell lines to PI3K through mechanisms other than blocking NFkappab pathway. CONCLUSIONS: Buparlisib with CRT was feasible and active, though escalation to the standard weekly cisplatin dose of 40 mg/m2 was not possible. Our data suggests that TRAF3/CYLD mutant SCCHN may be susceptible to PI3K inhibition whereas PI3K pathway activation appeared to be associated with poor outcomes in this limited dataset."
"pubmed","42714654","10.1007/s00425-026-05151-3","Auxin is involved in NtIAA17-mediated regulation of root development under salt stress in tobacco.","He, Fan; Li, Chang; Liu, Shengbo; Jia, Zhibin; Zhu, Zitong; Yang, Yongxia; Zhang, Songtao; Luo, Yong; Jia, Hongfang","Planta","2026-09-09","https://pubmed.ncbi.nlm.nih.gov/42714654/","NtIAA17 acts as a positive regulator of salt tolerance in tobacco, which alleviates salt-repressed root growth by sustaining auxin homeostasis and antioxidant capacity. Across the globe, soil salinization severely restricts plant growth and crop yield, posing a serious threat to agricultural sustainability. While auxin is indispensable for the control of root development and abiotic stress adaptation, the precise mechanism through which this hormone modulates salt tolerance in tobacco remains poorly understood. Here, we demonstrate that salt stress markedly inhibits root growth in tobacco, while exogenous auxin application effectively alleviated this inhibitory effect. Transcriptome analysis revealed that salt stress extensively reprogrammed the genes associated with auxin synthesis, polar transport, and signal transduction pathways. We further cloned and characterized NtIAA17, a salt‑inducible Aux/IAA gene encoding a nucleus‑localized protein with distinct tissue‑specific expression. CRISPR-Cas9-mediated knockout of NtIAA17 enhanced salt sensitivity in tobacco. Compared with wild-type plants, the NtIAA17-knockout lines showed reduced auxin accumulation, lower transcript levels of auxin synthesis (NtYUCCAs) and transport (NtPINs) genes, stunted root growth, and compromised antioxidant capacity under salt stress. Collectively, our results demonstrate that NtIAA17 functions as a positive regulator of salt tolerance in tobacco by coordinating auxin signal transduction and antioxidant defense pathways, thus offering a promising genetic target for engineering salt-tolerant crops."
"pubmed","42714611","10.1007/s00299-026-03963-x","Genetic transformation of forage crops: comparative barriers, evidence, and emerging strategies.","Yaoyu, Tian; Xiang, Xu; Peizhi, Yang; Xiaoxia, Shen","Plant cell reports","2026-09-09","https://pubmed.ncbi.nlm.nih.gov/42714611/","Forage crops include phylogenetically and biologically distinct legumes and grasses, and their genetic transformation is constrained by different combinations of host response, DNA-delivery efficiency, regeneration competence, genotype dependence, and genome stability. This review critically compares evidence from forage legumes and forage grasses rather than treating these groups as a single transformation category. We evaluate Agrobacterium-mediated transformation, protoplast-based delivery, particle bombardment, CRISPR/Cas-enabled applications, developmental regulators (DRs), viral vectors, and nanomaterial-mediated delivery according to four practical outcomes: reproducibility across genotypes, recovery of regenerated plants, heritable transmission, and genetic stability. Direct evidence in forage crops shows that protocol performance is strongly species-, genotype-, explant-, and endpoint-dependent; efficiencies based on transient reporters or resistant callus therefore cannot be directly equated with stable, fertile events. DR-assisted regeneration has direct proof of concept in recalcitrant forage grasses, whereas stable nanomaterial-mediated transformation and virus-induced heritable editing remain unvalidated in forage crops. We conclude that current progress is best interpreted as the engineering of interacting delivery and regeneration constraints, not as a universal transition to genotype-independent transformation. Priority should be given to standardized outcome reporting, multi-genotype and inter-laboratory validation, controlled DR expression, and rigorous molecular and phenotypic assessment of regenerated plants."
"pubmed","42714387","10.1128/aac.00495-26","Functional validation of the Plasmodium falciparum K13 C580Y mutation in recently collected Ethiopian isolates.","Mukherjee, Angana; Assefa, Ashenafi Bahita; Turlo, Christopher V; Needham, Lisa Checkley; Shoue, Douglas; Qahash, Tarrick; Belachew, Mahlet; Tadesse, Dagimawie; Kassie, Enirsie; Berihun, Mulu; Brhane, Bokretsion G; Parr, Jonathan B; Ferdig, Michael T","Antimicrobial agents and chemotherapy","2026-09-09","https://pubmed.ncbi.nlm.nih.gov/42714387/","Recent genomic investigation in Ethiopia identified the first detection of the Plasmodium falciparum Kelch13 (K13) C580Y substitution in the Horn of Africa. To assess its functional impact, we introduced C580Y into two recently collected Ethiopian clinical isolates using CRISPR-Cas9 genome editing. Ring-stage survival assays showed significantly elevated in vitro dihydroartemisinin survival in edited parasites relative to isogenic controls, demonstrating that C580Y confers artemisinin tolerance in contemporary Ethiopian parasite genetic backgrounds."
"pubmed","42714311","10.1002/smll.75587","Microfluidic Mechanical Reactivation of Senescent Stem Cells.","Jang, Soo Bin; Jeon, Tak-Il; Kang, Geun-Ho; Seo, Donghwan; Kim, Hyelee; Yeo, Hancheol; Seok, Jaekwon; Lim, Kyung Min; Dayem, Ahmed Abdal; Kim, Se Jong; Song, Kwonwoo; Kwak, Yeonjoo; Hur, Jeongsoo; Chung, Aram J; Cho, Ssang-Goo","Small (Weinheim an der Bergstrasse, Germany)","2026-09-09","https://pubmed.ncbi.nlm.nih.gov/42714311/","Stem cell aging significantly impairs therapeutic efficacy, requiring innovative strategies to restore potency. We present a microfluidic cell-compressing platform for reactivation (micro-CPR) designed to apply controlled hydrodynamic deformation to late-passage stem cells. This mechanical stimulation facilitates functional reactivation without external chemical cues. Within a defined window, micro-CPR reduces oxidative stress, SA-beta-gal activity, and gamma-H2A.X foci, while enhancing proliferation and increasing the expression of canonical stemness-associated markers, including OCT4, SOX2, and KLF4. Mechanical stimulation via micro-CPR induces coordinated structural remodeling: nuclei become more compact, actin cortex organization is restored, alpha-actinin redistributes to focal adhesions, and microtubule networks are restructured, suggesting reorganization of intracellular mechanical architecture. Transcriptomic and proteomic analyses reveal that this process reprograms extracellular matrix remodeling and DNA repair pathways while attenuating pro-fibrotic and senescence-associated secretory phenotype (SASP)-associated pathways. Crucially, this reactivation occurs without compromising fundamental stem cell hallmarks, preserving intrinsic immunophenotypes and multilineage differentiation potential. Functionally, micro-CPR-processed stem cells demonstrate enhanced in vitro wound closure and improved tissue repair in vivo, with efficacy dependent on the applied mechanical dose. This platform establishes a non-genetic, mechanobiological approach to functional stem cell reactivation, offering a scalable strategy for restoring stem cell function and providing a foundation for future cellular rejuvenation strategies."
"pubmed","42714307","10.1002/adma.74964","AR/PARP Dual-Targeting Bioactive Photosensitizer for Photo-Immunotherapy of Prostate Cancer.","Yang, Zhifang; Wang, Minjia; Chen, Qiyu; Zhang, Kai; Zhou, Minqi; Li, Hongyu; Yang, Jiapei; Zhu, Yingjian; Shen, Tao; Li, Ling; Shi, Leilei","Advanced materials (Deerfield Beach, Fla.)","2026-09-09","https://pubmed.ncbi.nlm.nih.gov/42714307/","Prostate cancer poses a severe threat to men's health worldwide, and conventional therapeutic modalities are associated with various limitations. Photodynamic therapy (PDT) offers distinctive advantages such as minimal invasiveness, mild side effects and repeatable treatment. However, the therapeutic efficacy of PDT is limited by two critical factors: the single functional property of traditional photosensitizers and the pathological tumor microenvironment. Accordingly, molecular targeting photosensitizers have been developed to address these drawbacks. Notably, long-term administration of single-target agents entails a high risk of drug resistance. Accordingly, based on two key targets closely implicated in the DNA repair pathways of prostate cancer cells, the androgen receptor (AR), and poly(ADP-ribose) polymerase (PARP), we proposed an AR/PARP dual-targeting photosensitizer strategy and synthesized a quinoxalinone-based photosensitizer QTEO, which can simultaneously target AR and PARP and exert a synergistic effect with photodynamic activity to induce DNA damage in cancer cells. The resulting damaged DNA fragments can further activate the innate immune pathways of the organism through a coordinated cascade of reactions. This promising strategy concurrently overcomes the limited functionality of conventional photosensitizers, the potential drug resistance induced by single-target agents, and the complex pharmacokinetic issues associated with multidrug combination therapy, ultimately enabling molecular-targeting photo-immunotherapy for prostate cancer."
"pubmed","42714094","10.3791/71451","Generation and Phenotypic Characterization of a CRISPR/Cas9-Engineered Cracd-Deficient Mouse Model for Post-Myocardial Infarction Remodeling Studies.","Zheng, Shuang; Li, Xiang; Li, Fei; Ren, Xuecong; Chen, Jianxin; Zou, Yunzeng; Yang, Feng Hua; Xia, Yu; Tan, Weijiang","Journal of visualized experiments : JoVE","2026-09-09","https://pubmed.ncbi.nlm.nih.gov/42714094/","Myocardial infarction (MI) remains a major cause of morbidity and mortality worldwide. This protocol describes a method for generating and characterizing a Cracd-deficient mouse line on the C57BL/6N background using CRISPR/Cas9 technology. Zygotes were co-injected with Cas9 mRNA, a gRNA construct, and a donor template designed to generate a 3153-bp genomic deletion. The edited allele was confirmed by PCR genotyping and Sanger sequencing. To assess the functional role of CRACD in post-MI remodeling, Cracd-deficient and wild-type (WT, C57BL/6N) mice underwent MI induced by permanent ligation of the left anterior descending coronary artery. On postoperative day 7, cardiac function and left ventricular wall motion were assessed using transthoracic echocardiography and speckle-tracking strain imaging, followed by histopathological evaluation with H&E and Masson's trichrome staining. Representative results showed that Cracd-deficient mice exhibited reduced ventricular dilation and preserved systolic function compared to WT controls. This protocol provides a reliable experimental platform for mechanistic studies of CRACD in cardiac pathophysiology."
"pubmed","42713978","10.1111/febs.70720","Transketolase promotes RNF20-dependent H2BK120 ubiquitination and DNA repair through a non-enzymatic adaptor function.","Luo, Linzhu; Yao, Bo; Yu, Ning; Chang, Yinian; Zhao, Ye; Wang, Fang","The FEBS journal","2026-09-09","https://pubmed.ncbi.nlm.nih.gov/42713978/","Efficient repair of DNA double-strand breaks (DSBs) is essential for maintaining genome stability and conferring tumor radioresistance. Histone H2B monoubiquitination at lysine 120 (H2BK120ub), catalyzed by the RNF20/RNF40 E3 ligase complex, promotes DSB repair by coordinating chromatin remodeling and repair factor recruitment. Here we identify transketolase (TKT) as a non-enzymatic regulator of DNA damage repair in colorectal cancer cells. TKT enhances DNA repair efficiency and radioresistance independently of its catalytic activity by facilitating RNF20-dependent H2BK120ub. Mechanistically, TKT interacts with both the RNF20/RNF40 complex and the FACT chromatin remodeling complex, functioning as a non-enzymatic adaptor that facilitates FACT-RNF20 association and RNF20 foci formation following DNA damage. Disruption of this TKT-FACT-RNF20 axis impairs RNF20 foci formation and H2BK120ub induction, increases DNA damage, and enhances radiosensitivity. These findings reveal a previously unrecognized non-enzymatic adaptor function of TKT in DNA damage repair and highlight a potential vulnerability in radioresistant tumors."
"pubmed","42713822","10.1111/1749-4877.70183","Comparisons Between Large-Scale Genomic Variants and SNPs in Driving Population Divergence and Local Adaptation.","Zhu, Qianghui; Lv, Hongrui; Cheng, Yalin; Wang, Shangyu; Zhang, Dezhi; Hao, Yan; Song, Gang; Lei, Fumin","Integrative zoology","2026-09-09","https://pubmed.ncbi.nlm.nih.gov/42713822/","Genomic variations, such as indels (2-49 bp) and structural variants (SVs, >/=50 bp), are larger-scale mutations than single nucleotide polymorphisms (SNPs) and can substantially impact evolutionary processes, including speciation, adaptation, and phenotypes. Despite their functional importance, integrative population genetic analyses that jointly consider genome-wide SNPs, indels, and SVs remain under-explored. The ground tit (Pseudopodoces humilis), an endemic species to the Qinghai-Tibet Plateau (QTP), exhibits divergence across distinct glacial refugia, accompanied by habitat and morphological divergence, making it an excellent example for investigating how different types of genomic variants contribute to population divergence and local adaptation. Here, by retrieving 81 whole-genome sequence data, over 13 million SNPs, 2 million indels, and 22,101 SVs were identified. Variants were unevenly distributed across the genome, characterized by distinct hotspot regions. Indels and SVs revealed four genetic clusters consistent with previous SNP-based results, thereby validating the reliability of our variant datasets. F(ST) and genotype-environment association (GEA) analyses independently revealed numerous candidate indels and SVs; each showed minimal overlap with previously identified SNPs, and were enriched in similar functional pathways such as signal transduction, skeletal muscle development, water transport, DNA repair, reproduction, nervous system development, and immunity. Collectively, our results demonstrated that indels and SVs could capture additional signatures besides SNPs. Furthermore, similar but distinct gene functions among different types of genomic variants collectively and complementarily drive genomic divergence across environmental gradients in such a high-elevation endemic species, underscoring its evolutionary relevance in local adaptation."
"pubmed","42713745","10.1002/path.70106","Heterozygous germline deletion in Hif3a exacerbates esophageal squamous cell carcinoma development.","Qian, Yanli; Lin, Runhua; Liu, Zhiwei; Huang, Bo; Liu, Xi; Su, Ruibing; Du, Caiwen; Liu, Chencai; Xiao, Chenglin; Zhang, Xinxin; Zhang, Zhihua; Tian, Dongping; Su, Min","The Journal of pathology","2026-09-09","https://pubmed.ncbi.nlm.nih.gov/42713745/","Germline variations contribute to esophageal squamous cell carcinoma (ESCC) susceptibility. We identified a germline deletion (exons 7-8) in HIF3A in an ESCC family and investigated its functional impact using CRISPR/Cas9-engineered cells and Hif3a-eKO1 mice (heterozygous for exons 7-8 deletion). Multi-omics analysis of Hif3a-eKO1 and WT mice revealed dysregulated pathways in normal esophagus and during 4NQO-induced carcinogenesis, with key biomarkers validated by immunohistochemistry. Hif3a deficiency enhanced ESCC cell proliferation and invasion in vitro and accelerated 4NQO-induced tumorigenesis in vivo, with Hif3a-eKO1 mice developing more and larger neoplastic lesions. Multi-omics analysis revealed downregulation of cytokeratin-related genes (notably Krt17) and gammadelta T cells in normal esophagus of Hif3a-eKO1 compared with WT. Consistently reduced Krt17 expression in Hif3a-eKO1 was confirmed by both esophageal immunohistochemistry and cellular Western blot analyses. During 4NQO-induced carcinogenesis, Hif3a deficiency upregulated DNA damage response markers, including Kruppel-like factor 4 (Klf4) and ATR serine/threonine kinase (Atr). Notably, epithelial cells with abundant gammaH(2)AX foci lacked Krt17 expression, while Krt17-positive cells showed minimal gammaH(2)AX foci. Heterozygous germline Hif3a deletion (exons 7-8) may promote ESCC by disrupting esophageal barrier function-impairing Krt17-mediated epithelial integrity and reducing gammadelta T cells-while exacerbating genomic instability. These findings reveal ESCC predisposition mechanisms and therapeutic targets. (c) 2026 The Pathological Society of Great Britain and Ireland."
"pubmed","42713681","10.1111/cge.70246","A Novel De Novo STAG1 Variant at the RAD21 Binding Interface Is Associated With Hypoglycemia, Recurrent Fever, Immunodeficiency and Features of Classical Cohesinopathies.","Hussain, Hafiz Muhammad Jafar; Zimmermann, Michael; Safgren, Stephanie L; Farris, Joseph D; Panwar, Deepak; Thurman, Sarah Allen; Muthusamy, Karthik; Urrutia, Raul; Wick, Myra J; E Vairo, Filippo Pinto; Klee, Eric W","Clinical genetics","2026-09-09","https://pubmed.ncbi.nlm.nih.gov/42713681/","The cohesin complex, composed of SMC1, SMC3, RAD21, and STAG1/STAG2, is essential for chromosome cohesion, DNA repair, and transcriptional regulation. Pathogenic variants in cohesin components cause cohesinopathies. The classical characteristics of cohesinopathies include developmental delay (DD), intellectual disability (ID), feeding difficulties, hypotonia, short stature, hearing loss, and dysmorphic features. Here, we present a 5-year-old boy with classical cohesinopathy features, including DD/ID and feeding difficulties, along with non-classical features such as hypoglycemia, recurrent fever, and immunodeficiency. Trio exome sequencing identified a novel de novo missense variant of uncertain significance (NM_005862.3:c.643G>A(p.Val215Ile)) in the STAG1 gene. The variant localizes to the RAD21 interaction interface, and molecular dynamics (MD) simulations revealed conformational changes comparable to other STAG1 variants reported as likely pathogenic in patients, supporting a deleterious effect which may disrupt the STAG1-RAD21 interaction interface. This case expands the phenotypic and molecular spectrum of STAG1-related cohesinopathy and advances our understanding of the disease mechanism."
"pubmed","42713672","10.1111/cas.70520","The DNA/RNA Helicase SETX Maintains R-Loop Homeostasis to Promote Chemoresistance in Ovarian Cancer.","Hu, Zi-Wei; Xu, Tu-Nan; Wang, Zi-Ying; Zheng, Xin; Feng, Duan-Yong; Wang, Xiao-Min; Jin, Er-Suo; Ren, Ming; Yang, Xiao-Min; Zhang, Xian-Chao; Che, Xuan; Pan, Wei-Wei; Zhan, Zha-Jun; Cheng, Shu-Qun","Cancer science","2026-09-09","https://pubmed.ncbi.nlm.nih.gov/42713672/","Ovarian cancer is a lethal malignancy that frequently develops resistance to platinum-based chemotherapies. Elucidating the genes that regulate DNA damage repair could lead to more effective treatments for ovarian cancer. Senataxin (SETX), an RNA-DNA helicase, maintains R-loop homeostasis to ensure replication fork progression, and its deficiency is linked to neurodegenerative diseases. However, its clinical relevance to solid tumors is not understood. We aimed to investigate the clinical significance and functional role of SETX in ovarian cancer progression and chemotherapy resistance. SETX expression was analyzed in ovarian cancer tissues, followed by CRISPR-Cas9-mediated knockout, mechanistic analyses, and RNASEH1 rescue experiments to investigate its role in ovarian cancer progression and chemoresistance. SETX was significantly overexpressed in ovarian tumors, and its high expression was correlated with cisplatin resistance and poor patient survival. SETX depletion significantly impaired tumor cell proliferation and invasion and sensitized cells to cisplatin-induced apoptosis. Mechanistically, SETX deficiency triggered pathological R-loop accumulation, which was accompanied by replication stress, DNA double-strand breaks, and activation of DNA damage response. RNA-seq analysis also revealed splicing alterations and U2AF1 interaction. Critically, R-loop degradation induced by RNASEH1 overexpression rescued the DNA damage phenotype and growth defects induced by SETX loss. These findings reveal a dual oncogenic role for SETX. Maintaining R-loop homeostasis supports malignant progression while conferring chemotherapy resistance. Therefore, SETX represents a promising therapeutic target, as its inhibition simultaneously suppresses tumor growth and overcomes chemotherapy resistance in ovarian cancer."
"pubmed","42713652","10.1242/dmm.052775","A patient-derived missense mouse model of Kabuki syndrome 1.","Halldorsdottir, Sara Tholl; Vinod, Meghna; Gunnlaugsson, Hilmar Orn; Bjornsdottir, Ellen Dagmar; Jacques Lasseur, Romain Maurice; Luperchio, Teresa; Fahrner, Jill A; Ulfig, Agnes; Bjornsson, Hans Tomas","Disease models & mechanisms","2026-09-09","https://pubmed.ncbi.nlm.nih.gov/42713652/","Kabuki syndrome type 1 (KS1) is a rare cause of intellectual disability resulting from heterozygous pathogenic variants in the gene encoding the histone methyltransferase KMT2D. A previously established loss-of-function mouse model of KS1 exhibits key phenotypic features, and therapeutic trials in this mouse model suggest postnatal malleability of neurological symptoms. However, 15-30% of individuals with KS1 carry missense variants. To investigate whether missense variants lead to similar phenotypic presentation in mice, we used CRISPR-Cas9 to introduce the KS1- patient variant R5179, corresponding to R5230H in mice into C57BL/6NTac. Computational and in vitro testing suggests that the R5230H variant does not impair protein stability or loss of enzyme function of KMT2D. Despite a distinct mechanistic basis, our new mouse model (Kmt2d+/R5230H) recapitulates most phenotypes of our prior loss-of-function model, including growth deficiency, craniofacial anomalies, and IgA deficiency, but not altered neurological function. Kmt2d+/R5230H mice show perinatal lethality and a high frequency of unilateral kidney agenesis, a novel phenotype in KS1 mouse models. Kmt2d+/R5230H mice provide a unique opportunity to understand the impact of missense variants on KMT2D function and uncover developmental and perinatal abnormalities in KS1."
"pubmed","42713468","10.3389/fpls.2026.1902159","CRISPR-Cas technologies for precision genome editing in plants: advances, applications, and future perspectives.","Riaz Ahmed, Syed; Khan, Jahangir; Ijaz, Iram; Ali, Zeba; Rasul, Ijaz; Aslam, Muhammad; Ud-Din, Naeem; Liu, Yongming; Tariq, Muhammad Sayyam; Skalicky, Milan; Tan, Daniel K Y","Frontiers in plant science","2026-09-09","https://pubmed.ncbi.nlm.nih.gov/42713468/","Developing climate-smart crops with enhanced crop productivity, nutritional quality, resistance to biological and environmental stressors is vital for global food security. While hybrid breeding forms the cornerstone of modern crop improvement, conventional breeding approaches are limited by genetic barriers and prolonged breeding cycles. CRISPR-Cas based genome editing has revolutionized plant biology by allowing precise, efficient, and multiplex genetic modifications. This review provides a comprehensive synthesis of a recent advances in CRISPR-Cas technologies and their strategic applications in crop genetics and hybrid breeding. We summarize major genome-editing strategies, including gene knock-out, base editing (BE), knock-in, gene replacement, epigenome editing, and transcriptional regulation. Furthermore, we contrast stable, transient, and DNA-free delivery systems, highlighting ribonucleoprotein (RNP)-mediated delivery for minimizing off-target effects and avoiding transgene integration. We showcase how these technologies accelerate hybrid breeding by engineering male sterility systems, fixing heterosis, and generating high-throughput mutant libraries for trait discovery. Finally, we synthesize major bottlenecks in tissue culture-independent transformation and delivery systems, while outlining how emerging paradigms like de novo domestication and synthetic biology will shape the future of climate-resilient agriculture."
"pubmed","42713177","10.1039/d6na00472e","Role of nanoclusters in the design and development of novel strategies for diagnosis and treatment of infectious diseases.","Nwagwu, Chinekwu Sherridan; Nwachukwu, Onyinyechi Lydia; Emencheta, Stephen Chijioke; Onugwu, Adaeze Linda; Ezeibe, Ezinwanne Nneoma; Ugwu, Chinenye Nnenna; Nnamani, Petra Obioma; Tarirai, Clemence; Ofokansi, Kenneth; Attama, Anthony","Nanoscale advances","2026-09-09","https://pubmed.ncbi.nlm.nih.gov/42713177/","Despite major advances in sanitation, vaccination, and antimicrobial chemotherapy, infectious diseases continue to pose a huge threat to global health. The ever-increasing occurrences of antimicrobial resistance, emerging pathogens, and persistent diagnostic delays further exacerbate this situation. Over the years, nanotechnology has generated a lot of material platforms to address these failures, and in this study, we critically examine nanoclusters-ultrasmall, atomically precise assemblies (<2 nm cores) with discrete electronic states, as an under-recognized but potentially transformative class of materials for infectious disease diagnostics and therapeutics. Their quantized optical properties, precision ligand chemistry, and unusually high surface-to-volume ratios enable behaviours fundamentally inaccessible to larger nanomaterials, including ratiometric fluorescence reporting, rapid redox-driven antimicrobial activity, and programmable bio-recognition at near-molecular resolution. First, we disentangle NCs from larger nanomaterials by focusing on the consequences of discrete electronic states, ultrasmall hydrodynamic radii, and well-defined ligand shells for transport, clearance, and interactions with pathogens and host-derived biomolecules. Furthermore, the review synthesizes advances in NC-enabled diagnostics, including DNA and aptamer templated Au, Ag, and Cu NC probes, CRISPR/Cas integrated ratiometric sensors, and nanozyme-based readouts that routinely achieve single colony-forming unit or sub-femtomolar detection of bacterial, viral, fungal, and protozoan nucleic acids and antigens. On the therapeutic side, we discuss how the same structural characteristics can be exploited to engineer NCs that mediate controlled ROS generation, membrane and biofilm disruption, quorum sensing interference, photothermal and NIR II photodynamic therapy, and ligand-directed drug delivery, with case studies spanning multidrug-resistant bacteria, opportunistic fungi, and selected parasitic infections. At the same time, we looked at some of the major barriers to clinical translation that remain unaddressed. We show with this study that nanoclusters are not merely ""smaller nanoparticles"" but a distinct chemical system, capable of enabling modular, multiplexed, and clinically relevant infectious disease interventions. To realize this potential, future work must couple atomic-level design with rigorous pharmacokinetic, toxicodynamic, and translational engineering frameworks."
"pubmed","42712938","10.3389/fpls.2026.1944974","Molecular and physiological mechanisms of drought tolerance in grapevine.","Chen, Yongqiang; Tu, Liqin; Luo, Zhi","Frontiers in plant science","2026-09-09","https://pubmed.ncbi.nlm.nih.gov/42712938/","Drought stress severely limits grapevine productivity and compromises fruit quality, with its adverse effects expected to intensify under ongoing climate change. This review synthesizes recent advances in elucidating the molecular and physiological mechanisms underlying drought tolerance in Vitis vinifera. Key physiological responses include abscisic acid (ABA)-mediated amplification of stomatal closure, osmotic adjustment, activation of antioxidant defense systems, and hydraulic vulnerability segmentation-a protective strategy involving the targeted sacrifice of petioles and basal leaves to maintain hydraulic integrity in stems and roots. These coordinated responses are regulated by a complex transcriptional network centered on NAC, WRKY, MYB, and bZIP transcription factors, and further modulated by hormone metabolism, potassium channel activity, aquaporin-facilitated water transport, and both enzymatic and non-enzymatic antioxidant pathways. We also identify critical knowledge gaps requiring urgent attention: (First) field-scale validation of transgenic or CRISPR-edited grapevine lines; (Second) the molecular basis of rootstock-scion signaling during drought stress; and (Third) the integration of multi-omics data with high-resolution phenotyping to accelerate precision breeding. Collectively, this review provides an integrative conceptual framework to support sustainable viticulture in water-limited environments."
"pubmed","42712921","10.1002/mco2.70964","High-Content CRISPR Screening: Methods and Applications.","Zhang, Yike; Zhang, Yimeng; Tang, Xudong; Deng, Xinyu; Zhou, Yitian; Wu, Yanfeng; Luo, Jianhua","MedComm","2026-09-09","https://pubmed.ncbi.nlm.nih.gov/42712921/","Clustered regularly interspaced short palindromic repeats (CRISPR)-Cas9 screening has become a central technology in functional genomics, enabling genome-scale interrogation via pooled perturbations. Early CRISPR screens employed survival or simple phenotypic readouts to identify essential genes and drug resistance mechanisms. However, as biological questions have shifted toward understanding regulatory networks, cellular heterogeneity, and context-dependent gene functions, there has been increasing demand for screening strategies capable of capturing complex cellular phenotypes beyond cell fitness. Recent advances in single-cell sequencing, high-content imaging, and spatial transcriptomics have expanded the resolution of CRISPR screening by enabling multidimensional phenotypic characterization following genetic perturbation. By integrating pooled perturbations with diverse readouts, these approaches systematically map targeted gene edits to transcriptional states, cellular phenotypes, and microenvironmental contexts. Meanwhile, innovations in library design, delivery, and computational pipelines have further improved the robustness and interpretability of high-content screening platforms. This review synthesizes the methodological evolution of CRISPR screening, emphasizing advances in perturbation strategies, delivery systems, and multimodal readouts. Representative applications spanning oncology, immunotherapy, developmental biology, neurobiology, and infectious diseases are delineated to demonstrate refined gene network annotations. Additionally, existing technical bottlenecks, such as scalability, cost constraints, and in vivo limitations, are critically assessed. Finally, future directions are proposed to facilitate the development of precise medicine."
"pubmed","42712777","10.3389/fbinf.2026.1893206","Molecular biology and integrated strategies for activating cryptic biosynthetic gene clusters toward next-generation antibiotic discovery.","Pattapulavar, Veilumuthu; Ramanujam, Sathiyabama; Yellampalli, Avanthi; Badiginchala, Henu Sree; Christopher, John Godwin","Frontiers in bioinformatics","2026-09-09","https://pubmed.ncbi.nlm.nih.gov/42712777/","Antimicrobial resistance (AMR) has been identified as one of the 21st century's severest global public health crises. AMR led to an estimated 4.95 million deaths in 2019 and will claim 10 million lives a year by 2050 in the absence of targeted interventions. During the same period, the number of novel antibiotics discovered has decreased drastically as many researchers are rediscovering known antibiotics, non-model microorganisms are poorly understood or difficult to culture and antibiotic research and development investment has declined drastically. However, high-throughput whole genome sequencing and the subsequent application of bioinformatics in bacterial and fungal genomes have shown that a numerous of cryptic or silent biosynthetic gene clusters (BGCs) remain latent at ambient laboratory conditions since their genes are transcriptionally inactive. Cryptic BGCs represent a vast source of unique secondary metabolites, many of which may yield novel antibacterial, antifungal, anti-cancer and other potentially valuable natural products. This review discusses the biological relevance of cryptic BGCs, the major limiting factors that restricts their activation and novel strategies that have been employed to activate them and exploit their potential to produce novel natural products. The review focuses on biological approaches including CRISPR-Cas mediation for the activation of cryptic BGCs, promoter engineering, pathway refactoring, and heterologous expression; biochemical strategies such as Osman, OsMAC, Precursor Feeding, Chemical Elicitation, Epigenetic Regulation and Co-cultivation and technology-based strategies such as Genome mining, Microfluidic Cultivation systems, High-Throughput Screening, Metabolomics, Molecular Networking and Artificial Intelligence and Machine Learning based prediction of BGCs and their metabolites. The use of multi-omics technologies combined with synthetic biology to achieve better discovery, characterization and large-scale production of novel natural products is also discussed herein. Finally, we will talk about the ecological significance and evolutionary advantage of cryptic BGCs' role in interactions between microorganisms, such as competition, communication, symbiosis and environmental adaptability, so as to provide a useful background for accelerating next-generation antibiotics."
"pubmed","42712665","10.1002/pld3.70191","Turnip Mosaic Virus-Based gRNA Delivery System for Plant Genome Editing.","Khwanbua, Ekkachai; Lappe, Ryan R; Bierl, Austin A; Whitham, Steven A","Plant direct","2026-09-09","https://pubmed.ncbi.nlm.nih.gov/42712665/","Plant virus-based gRNA delivery systems offer a rapid alternative to stable transformation for CRISPR-mediated genome editing, but potyvirus-based platforms in Cas9-expressing plants are still underexplored. Here, we developed a turnip mosaic virus (TuMV)-based system for gRNA delivery in Cas9-expressing Nicotiana benthamiana and tested whether Csy4-mediated gRNA processing could improve editing efficiency. A TuMV construct carrying a gRNA targeting PHYTOENE DESATURASE (NbPDS) induced detectable editing in both infiltrated and systemic tissues, although editing frequencies were low. Incorporation of the bacterial endoribonuclease Csy4 increased editing efficiencies in the two NbPDS genes, raising editing in infiltrated leaves to 7.1%-13.8% for NbPDSa and 7.6%-23.0% for NbPDSb, whereas lower but reproducible editing was detectable in systemic leaves. The TuMV-Csy4 platform also supported editing of a second endogenous target, MAGNESIUM CHELATASE SUBUNIT H (NbChlH), and enabled multiplex editing of NbPDS and NbChlH regardless of guide order. Editing efficiencies were consistently higher in infiltrated leaves than in systemic leaves, and no visible photobleaching or chlorosis was observed in systemic tissues despite confirmed molecular editing. To assess the potential for heritable editing, a tRNA(Ile) mobility element was fused to the NbPDS gRNA. Although this construct increased somatic editing, no albino progeny were recovered after screening approximately 20,000 seedlings, demonstrating that heritable editing was not achieved under these conditions or did not result in mutations in all copies of the two NbPDS genes. Together, these results establish TuMV as a platform for Cas9-based gRNA delivery and show that Csy4-mediated processing improves editing efficiency, supports multiplex targeting, and demonstrates the feasibility of potyvirus-based genome editing systems in plants."
"pubmed","42712484","10.3389/froh.2026.1939172","Tissue-based genomic instability markers for predicting malignant transformation in oral leukoplakia and proliferative verrucous leukoplakia: a systematic review.","Quah, Bernadette; Zhang, Yang; Nagadia, Rahul Harshad; Iyer, N Gopalakrishna; Sallberg Chen, Margaret; Shannon, Nicholas Brian","Frontiers in oral health","2026-09-09","https://pubmed.ncbi.nlm.nih.gov/42712484/","OBJECTIVES: Although several biomarkers have been described for predicting malignant transformation in oral leukoplakias (OLs) and proliferative verrucous leukoplakias (PVLs), no systematic review has comprehensively evaluated tissue-based genomic instability markers. This review aimed to evaluate the evidence for these markers and their potential role in biomarker panel development. METHODS: A systematic review across PubMed, Embase and Cochrane Library was performed to identify studies evaluating the differences in tissue-based genomic markers between OL and PVL patients with and without malignant transformation. RESULTS: 34 observational studies comprising 3,237 patients were included, and genomic aberrations were categorised into DNA-level, chromosomal, and gene-specific alterations. For studies on OLs, DNA-level and chromosomal markers for which individual studies reported associations with malignant transformation included aneuploidy, impaired DNA repair capacity, loss of heterozygosity, chromosomal instability, and copy number alterations. Multiple gene-specific alterations also showed associations (e.g., TP53, MKI67, FGFR1), but findings varied across studies. The genomic markers of PVLs differed substantially, with fewer consistent predictors found. No meta-analysis was performed as all included studies were observational. CONCLUSIONS: Genomic instability across multiple levels contributes to malignant transformation, and represents a promising biological framework for predicting malignant transformation for OLs. While no single marker reliably demonstrates sufficient predictive performance, the integration of complementary genomic alterations with clinical and histopathological risk factors may provide a basis for the development of robust multi-marker panels. Future prospective studies using standardised detection methods and multivariable prediction models are required before clinical implementation. SYSTEMATIC REVIEW REGISTRATION: identifier CRD42024585830."
"pubmed","42712419","10.3389/fimmu.2026.1912486","High-fat diet-induced gut microbiota functional reprogramming is associated with metabolic inflammation and cardiac remodeling through the gut-heart axis in mice.","Feng, Yan; Yang, Kai; Qu, Zhuan; Liu, Tengyan; Yang, Dan; Wei, Su; He, Yaxin; Wang, Xiaotian; Bai, Yun; Wang, Fangyuan; Zhao, Yu; Dai, Lifen","Frontiers in immunology","2026-09-09","https://pubmed.ncbi.nlm.nih.gov/42712419/","BACKGROUND: Gut microbiota alterations have been implicated in the progression of metabolic syndrome (MetS), which increases the risk of cardiovascular disease (CVD) and is influenced by lifestyle factors. However, the specific gut microbiota changes and their functional roles in MetS remain incompletely understood. AIMS: We aimed to identify key gut microbial taxa associated with MetS and to explore their potential functional implications. METHODS: Six-week-old male C57BL/6J mice were fed a high-fat diet (HFD) or normal chow diet (NCD) for 16 weeks. Body weight and adiposity, metabolic parameters (fasting blood glucose, oral glucose tolerance test, and serum insulin), systemic inflammatory markers (IL-6, TNF-alpha, CRP, and high-sensitivity CRP), and cardiovascular phenotypes (total cholesterol, triglycerides, low-density lipoprotein cholesterol, and high-density lipoprotein cholesterol) were assessed. Cardiac remodeling was evaluated by heart weight-to-body weight ratio and myocardial histopathology using hematoxylin and eosin (H&E) and Masson's trichrome staining. Cecal contents were collected for 16S rRNA gene sequencing. RESULTS: HFD feeding induced a MetS-like phenotype characterized by obesity, insulin resistance, dyslipidemia, systemic inflammation, and early cardiac remodeling in mice. 16S rRNA sequencing revealed significant alterations in gut microbial composition, including enrichment of inflammation-associated taxa such as Escherichia-Shigella, Parasutterella, Faecalibaculum, and the Clostridium innocuum group, together with depletion of potentially beneficial bacteria including Roseburia, Alistipes, Parabacteroides, Prevotellaceae_UCG-001, and Rikenellaceae_RC9_gut_group. Functional prediction analyses indicated alterations in microbial pathways related to phosphotransferase systems, xenobiotic degradation, infectious disease signaling, DNA repair, transcriptional regulation, replication, recombination, and mobile genetic elements. BugBase phenotype analysis further demonstrated increased facultatively anaerobic, stress-tolerant, biofilm-forming, and potentially pathogenic microbial phenotypes following HFD exposure. CONCLUSION: Our findings suggest that HFD-induced Mets is associated with gut microbiota dysbiosis and functional remodeling, suggesting a potential involvement of microbiota-mediated metabolic pathways and host-microbiota interactions in cardiometabolic abnormalities."
"pubmed","42711984","10.1016/j.xplc.2026.102097","Precision Engineering of Evolution-Resilient Rice against Bacterial Blight.","Li, Kaihuai; Luo, Le; Shi, Xinchi; Li, Cheng; Laborda, Pedro; Liu, Fengquan","Plant communications","2026-09-09","https://pubmed.ncbi.nlm.nih.gov/42711984/","The persistent conflict between rice and Xanthomonas oryzae pv. oryzae (Xoo), the causal agent of bacterial blight, exemplifies a dynamic genetic arms race in agriculture. The cyclical deployment and erosion of major resistance (R) genes highlight the high adaptive potential of Xoo and the need for strategies that are durable rather than absolute. This review synthesizes a paradigm shift from reactive, single R-gene deployment toward proactive engineering of evolution-resilient resistance. We explore the molecular-genetic basis of Xoo adaptability, including TAL effector diversification, non-TAL virulence functions, genome variation, and immune suppression mechanisms. In response, we propose a framework for durable disease management with three connected components: precision disarmament through editing of susceptibility-gene effector-binding elements and executor/decoy designs; smart induction through targeted delivery and immune priming; and ecological fortification through protective microbiomes. We also discuss the limits, trade-offs, and field-validation requirements of these approaches. Integrating frontier technologies with evolutionary genetics, predictive genomics, and pathogen population dynamics can help develop rice varieties and deployment systems that are more difficult for Xoo populations to overcome."
"pubmed","42711491","10.1038/s41589-026-02312-z","Chemogenomic maps reveal a PRDX1-dependent iron-damage axis in the DNA damage response.","O'Loughlin, Thomas A; Arab, Abolfazl; Misiukiewicz, Sara; Montesano, Elizabeth; Yogodzinski, Christopher; Borah, Ashir A; Quarantotti, Valentina; Lou, Kevin; Rosen, Barry S; Corn, Jacob E; Gianni, Davide; Kabir, Shaheen; Forment, Josep V; Gilbert, Luke A","Nature chemical biology","2026-09-09","https://pubmed.ncbi.nlm.nih.gov/42711491/","The DNA damage response (DDR) is a sophisticated network of cellular pathways whose perturbation leads to genome instability and is a key hallmark of oncogenesis. Here, we present data from 32 genome-scale loss-of-function CRISPR interference chemical-genetic screens with inhibitors targeting core constituents of the DDR machinery (PARP, ATR, ATM, DNAPK and WEE1), as both single agents and in combination with poly(ADP-ribose) polymerase inhibitors. These experiments identify >1,000 genes whose perturbation modifies the DDR and provides a rich resource to the DDR community. In addition, this compendium of functional genomics data reveals key principles governing the DDR and highlights a strong chemical-genetic interaction between loss of activity of the peroxiredoxin PRDX1 and all tested DDR inhibitors through a mechanism involving iron availability mediated by an MRGBP-PAX7-IREB2 axis. Our data position PRDX1 as a key suppressor of DNA damage accumulation and potential druggable target in combination with DDR inhibitors."
"pubmed","42711403","10.1038/s41477-026-02401-w","Zinc-finger proteins C3H14 and C3H15 maintain meiocyte identity in flowering plants.","Chen, Zhiyu; Li, Meiling; Yang, Shiqian; Li, Ke; Xin, Yilin; Liu, Xiulian; Guo, Yuxuan; Ma, Hong; You, Chenjiang; Wang, Cong; Wang, Yingxiang","Nature plants","2026-09-09","https://pubmed.ncbi.nlm.nih.gov/42711403/","In the anthers of flowering plants, the innermost meiocytes and surrounding somatic cells (tapetum) are differentiated from the same precursor archesporial cells, and these cells acquire distinct cell identities after specification. However, the underlying mechanism regulating meiocyte identity is elusive. Here we demonstrate a conserved surveillance mechanism governed by Arabidopsis zinc-finger proteins C3H14 and C3H15, which redundantly regulate mRNA homoeostasis to ensure meiocyte identity. The meiocytes of Atc3h14 Atc3h15 display meiotic arrest accompanied by ectopic accumulation of mRNAs essential for archesporial cell differentiation and tapetum development. These meiocytes ultimately undergo reactive oxygen species bursts and programmed cell death in synchrony with the tapetum. Moreover, C3H14/C3H15 interacts with processing-body proteins and the CCR4-NOT deadenylase complex, and is required for eliminating unwanted transcripts. Consistently, CRISPR-Cas9-induced mutations in AtC3H14/15 paralogues in soybean and rice caused similar defects in meiocyte identity, indicating that the regulation of meiocyte identity by post-transcriptional RNA elimination is conserved in flowering plants."
"pubmed","42711121","10.26508/lsa.202603709","MAFF is a transcription factor that regulates contraction-induced skeletal muscle transcription.","Fukushima, Taku; Fujioka, Taiju; Masubuchi, Satoru; Sakakibara, Iori","Life science alliance","2026-09-08","https://pubmed.ncbi.nlm.nih.gov/42711121/","Skeletal muscle adapts to exercise through rapid transcriptional remodeling, but regulators that link contractile activity to these gene programs remain unclear. Here we show that MAFF, a small MAF transcription factor, is consistently induced by acute exercise in both human and mouse skeletal muscle, with induction restricted to muscles recruited by the exercise modality. In C2C12 cells, Maff was induced by in vitro electrical pulse stimulation model. Using CRISPR/Cas9-mediated Maff knockout C2C12 cells, we found that loss of Maff reduced myogenic fusion with accumulation of unfused nuclei. RNA sequencing revealed broad reprogramming in Maff-deficient myotubes, including reduced expression of muscle structural and contractile genes and increased interferon/immune responses and extracellular matrix-related signatures. Moreover, Maff deficiency attenuated a subset of electrical pulse stimulation-responsive genes. Together, these data identify MAFF as a component of the transcriptional machinery supporting myogenic maturation and contraction-evoked gene regulation."
"pubmed","42710713","10.1016/j.molbiopara.2026.111782","Sialic acid specificity of Erythrocyte Binding Antigen-140 orthologues in human- and ape-infective Laverania species.","Burzynska, Patrycja; Silvester, Eleanor; Kemp, Alison; Darzynkiewicz, Zbigniew; Lipinski, Tomasz; Zerka, Agata; Jodlowska, Marlena; Rayner, Julian C; Jaskiewicz, Ewa","Molecular and biochemical parasitology","2026-09-08","https://pubmed.ncbi.nlm.nih.gov/42710713/","Plasmodium falciparum is the only human-infective species within the Laverania subgenus. In order for Plasmodium falciparum merozoites to invade erythrocytes, parasite ligands interact with a number of erythrocyte surface proteins, several of which are modified with sialic acids. These sialic acids differ between humans, which can synthesise only Neu5Ac sialic acids, and apes which express an enzyme absent in humans that converts Neu5Ac to Neu5Gc, resulting in their surface sialoglycoproteins predominantly being modified with Neu5Gc. This difference between apes and humans has been previously proposed to play a role in the specificity of ligand-receptor interactions between Laverania species. In this study we used biochemical and experimental genetic approaches to explore the molecular preferences of one specific invasion ligand, EBA-140. Recombinant EBA-140 ligands from P. falciparum (human-infective), P. praefalciparum (gorilla-infective) and P. reichenowi (chimpanzee-infective), were all able to bind both sialic acids, but all showed a clear preference for Neu5Gc. Using CRISPR/Cas9 to swap the receptor-binding region of P. falciparum EBA-140 with the same region from Laverania orthologues had no effect on parasite growth or invasion in chimeric transgenic lines. There is therefore no evidence that Neu5Ac/Neu5Gc specificity plays a role in host preference for EBA-140 orthologues."
"pubmed","42710690","10.1016/j.bbi.2026.107004","A critical in vivo role for microglial p38alpha MAPK in HIV-1 associated inflammatory brain injury.","Bhullar, Deepika; Maung, Ricky; Roberts, Amanda J; Murad, Rabi; Carson, Monica J; Kaul, Marcus","Brain, behavior, and immunity","2026-09-08","https://pubmed.ncbi.nlm.nih.gov/42710690/","People with HIV (PWH) develop neurocognitive impairment despite control of viral infection. Key pathological features of NeuroHIV patients, including activated microglia, neuronal damage and behavioral impairment, are present in transgenic mice expressing HIV-1 envelope glycoprotein gp120 in their brain (HIVgp120tg). Here we show that microglial mitogen-activated protein kinase p38alpha plays a crucial in vivo role in neuronal injury triggered by viral gp120. Cre-expression driven by the Cx3cr1 promotor in HIVgp120tg mice with floxed p38alpha alleles results in deletion of microglial p38alpha and protection from neuronal injury and behavioral impairment. Moreover, the expression patterns of neurotransmission-related genes differ between gp120-transgenic brains protected from neuronal injury and non-transgenic controls, suggesting that microglial p38alpha deficiency permits a non-toxic modulation of neurons in the presence of the viral protein. Bulk RNA-seq analysis of murine microglia and follow-up in human microglial cells in which p38alpha has been knocked out using CRISPR/Cas9 technology using qRT-PCR reveals that deficiency of the kinase leads to a distinct gene expression pattern of reduced inflammatory but preserved anti-viral responses."
"pubmed","42710679","10.1016/j.jbc.2026.113540","PARP16 is a Druggable Regulator of Ribosome MARylation and Protein Homeostasis in Ovarian Cancer Cells.","Challa, Sridevi; Dasovich, Morgan; Abshier, Jonathan C; Pekhale, Komal; Yang, Lu; Camacho, Cristel V; Kraus, W Lee","The Journal of biological chemistry","2026-09-08","https://pubmed.ncbi.nlm.nih.gov/42710679/","Cytosolic NAD(+) synthesis supports ovarian cancer growth by enabling PARP16-dependent mono(ADP-ribosyl)ation (MARylation) of ribosomal proteins, thereby fine-tuning translation and maintaining protein homeostasis. While genetic depletion of PARP16 disrupts ribosome MARylation and impairs tumor cell growth, the therapeutic potential of pharmacologic PARP16 inhibition in this pathway remains unexplored. Here, we characterized the effects of DB008, a tool compound that functions as a selective inhibitor of PARP16, in ovarian cancer cells. Biochemical analyses demonstrated that PARP16 undergoes NAD(+)-dependent auto-MARylation and that NMNAT-2 supplies NAD(+) to support this activity. DB008 potently inhibited PARP16 auto-MARylation in vitro. In ovarian cancer cells, DB008 engaged PARP16, reduced its MARylation, and decreased ribosome-associated MARylation. Consistent with PARP16 depletion, DB008 enhanced global protein synthesis, increased protein aggregation, and suppressed cell growth and anchorage-independent colony formation. CRISPR-mediated deletion of the PARP16 gene in ovarian cancer cells abolished the effects of DB008 on translation, protein aggregation, and proliferation, demonstrating on-target activity. Moreover, cells expressing a PARP16 mutant resistant to DB008 were unaffected by inhibitor treatment, further confirming that the cellular effects of DB008 require on-target inhibition. Finally, DB008 significantly inhibited tumor growth in OVCAR3 xenografts, with on-target engagement of PARP16 in the xenograft tumors. Collectively, these findings establish PARP16 as a druggable regulator of ribosome MARylation and protein homeostasis in ovarian cancer and provide pharmacologic proof-of-concept that disrupting ribosomal MARylation impairs tumor growth."
"pubmed","42710656","10.1016/j.jgg.2026.09.003","A transcription factor-focused CRISPR screen identifies SKI as a BCL11A-independent repressor of zeta-globin.","Liu, Qing; Zhang, Jianxiang; Zhang, Mengli; Xin, Ye; Ye, Yuhua; Jiang, Min; Xu, Xiangmin; Xu, Peng","Journal of genetics and genomics = Yi chuan xue bao","2026-09-08","https://pubmed.ncbi.nlm.nih.gov/42710656/","The regulation of alpha-like globin genes, particularly the embryonic zeta-globin gene (HBZ), remains incompletely understood. To identify transcriptional regulators of HBZ, we establish a GFP reporter system based on the HBZ-P2A-GFP allele in erythroid cell lines and conduct a CRISPR/Cas9 screen targeting 1639 transcription factors. This screen identifies SKI as a potent HBZ repressor. Functional validation shows that SKI loss increases HBZ expression without impairing erythropoiesis, whereas SKI overexpression suppresses HBZ. Tet-on-inducible SKI overexpression and auxin-inducible SKI degradation indicate that SKI rapidly represses HBZ transcription. Transcriptome profiling further reveals that SKI deletion activates HBZ while minimally affecting other erythroid genes. Mechanistically, genome-wide occupancy analyses show that SKI binds the distal enhancers HS-10 and HS-40, with partial co-occupancy by BCL11A. Despite this overlap, dual knockout of SKI and BCL11A synergistically increases HBZ expression, as does base editing of the SKI-binding site within HS-10. We also identify a naturally occurring variant (chr16:193207G>A) within this enhancer in alpha-thalassemia patients with elevated zeta-globin levels. Together, these findings establish SKI as a direct, BCL11A-independent transcriptional repressor of zeta-globin. This work advances our understanding of globin gene regulation and suggests targeted zeta-globin reactivation as a potential therapeutic strategy for alpha-thalassemia."
"pubmed","42710586","10.1016/j.jgar.2026.09.001","Clonal diversity and genetic characteristics of extraintestinal pathogenic Escherichia coli in northern Japan: identification of the potentially prevalent clones phylogroup B2-ST357 and ST1193.","Suzuki, Satoshi; Aung, Meiji Soe; Matsubara, Kana; Kimura, Yuuki; Ito, Masahiko; Urushibara, Noriko; Kawaguchiya, Mitsuyo; Ohashi, Nobuhide; Higuchi, Toru; Takahashi, Satoshi; Kobayashi, Nobumichi","Journal of global antimicrobial resistance","2026-09-08","https://pubmed.ncbi.nlm.nih.gov/42710586/","OBJECTIVES: Extraintestinal pathogenic Escherichia coli (ExPEC) is a leading cause of bloodstream and urinary tract infections, often showing multiple drug resistance associated with production of extended-spectrum beta-lactamases (ESBLs). The present study aimed at revealing the clonal structure and diversity of ExPEC in northern Japan and its relation to antimicrobial resistance (AMR) profiles and determinants, and genetic features. METHODS: Phylogenetic group and sequence type (ST) based on MLST scheme were determined for clinical isolates of ExPEC. PCR and sequencing were used to identify AMR determinants, virulence factors and CRISPR-Cas systems, along with antimicrobial susceptibility test by the broth microdilution method. RESULTS: A total of 454 ExPEC isolates (150 from blood and 304 from urine/other specimens) were collected for 6 months. The major phylogenetic group was B2 (79.5%), and the remaining were D (9.9%), B1 (5.7%), F (3.1%), and other groups (A, C, G; 1.8% in all). Among the 68 STs identified, ST131 was the most common (33.7%), followed by ST95 (15.6%), ST357 (9.9%), ST1193 (7%), and ST73 (4%), all of which belonged to phylogroup B2. Five types of ESBL genes including the dominant bla(CTX-M-15) or bla(CTX-M-27) were detected in 17% of isolates, which belonged mostly to the ST131 complex. CRISPR-Cas type I-E was present mostly in phylogroup B1 and D, while I-F in 3 STs of phylogroup B2. CONCLUSION: The potentially increased prevalence of ST357, ST1193, and animal-related clones was revealed to be novel clonal features of ExPEC in northern Japan."
"pubmed","42710449","10.1016/j.psj.2026.107501","Research note: Development of a recombinant duck enteritis virus vector expressing DHAV-3 VP1 and DTMUV prM/TE genes.","Jia, Wenfeng; Wu, Zhi; Tan, Aiqi; Cheng, Yuting; Zhou, Qingkang; Zhu, Shanyuan; Wang, Anping","Poultry science","2026-09-08","https://pubmed.ncbi.nlm.nih.gov/42710449/","Duck enteritis virus (DEV) is a promising viral vector for vaccine development. In a previous study, an HDR-CRISPR/Cas9-based strategy was used to generate a recombinant virus, rDEV-DHAV-VP1, by inserting the VP1 gene of duck hepatitis A virus type 3 (DHAV-3) into the UL27/UL26 intergenic region of DEV vaccine strain, resulting in good genetic stability and immunogenicity. In the present study, the same strategy was applied to insert the EGFP gene into the US7/US8 and LORF11/UL55 intergenic regions of a DEV vaccine strain. Among the evaluated insertion sites, the highest level of EGFP expression was observed at the US7/US8 locus, followed by the UL27/UL26 locus. Based on rDEV-DHAV-VP1, the pre-membrane (prM) and truncated envelope (TE) genes of duck Tembusu virus (DTMUV) were further inserted into the US7/US8 locus, resulting in a bivalent recombinant virus, rDEV-VP1-prM/TE. The recombinant virus exhibited growth kinetics comparable to those of the parental virus, while maintaining efficient expression and high genetic stability of the inserted genes. These findings indicate that the HDR-CRISPR/Cas9 system is an efficient strategy for generating stable DEV-based recombinant vectors and provides a promising platform for the development of multivalent vaccines against major duck viral diseases."
"pubmed","42710139","10.1016/j.talanta.2026.130589","Portable centrifugal microfluidics system for on-site detection of foodborne pathogens.","Kim, Seo Jin; Jeong, Yeonwoo; Han, Chung Soo; Han, Sangjin; Nam, Hochul; Lee, Jina; Kang, Taejoon; Jung, Juyeon; Lee, Sung Woon; Choi, Bong Gill; Lim, Eun-Kyung; Lee, Kyoung G","Talanta","2026-09-08","https://pubmed.ncbi.nlm.nih.gov/42710139/","Rapid and accurate detection of foodborne pathogens is essential to prevent outbreaks of foodborne illness and reduce public health threats. However, conventional diagnostic methods remain inadequate for on-site food safety monitoring due to low sensitivity, bulky equipment, and complex operation. Therefore, the development of portable, miniaturized, and user-friendly point-of-care testing systems has become essential. In this study, we report an all-in-one microfluidic centrifugal disc (AMCD) platform that integrates recombinase polymerase amplification (RPA) and CRISPR-Cas12a detection for rapid on-site detection of foodborne pathogens. The AMCD platform utilizes centrifugal force to automate the sequential release, reagent mixing, amplification, and detection of foodborne pathogen DNA after sample loading. Notably, the disc was configured with compartmentalized chambers to maintain physical separation of the reagents and prevent premature mixing between sequential reaction steps. To demonstrate the practical applicability of the AMCD platform, we performed multiplexed detection of four different foodborne pathogens (Staphylococcus aureus, Salmonella enteritidis, Listeria monocytogenes, and Bacillus cereus) spiked in real food samples, successfully completing the entire analysis within 60 min. Furthermore, integrating the platform with a smartphone application enables immediate on-site monitoring. The developed portable AMCD platform provides a promising approach for rapid detection of foodborne pathogens and on-site food safety monitoring."
"pubmed","42710138","10.1016/j.talanta.2026.130569","Paper microfluidic LAMP-CRISPR/enAsCas12a platform for multiplex detection of waterborne pathogens in drinking water.","Du, Wei; Lv, Haoran; Zhou, Hourong; Mao, Kang; Chen, Zhen; Ran, Fang; Cao, Haorui; Hamza, Ibrahim Ahmed; Li, Zuoxiang; Yang, Zhugen; Pan, Bo; Zhang, Hua","Talanta","2026-09-08","https://pubmed.ncbi.nlm.nih.gov/42710138/","Pathogenic contamination poses a threat to drinking water safety and public health. To address contamination by Escherichia coli (E. coli), Salmonella spp., and Shigella spp., this study developed paper microfluidics for on-site multi-target detection based on an integrated LAMP-CRISPR/enAsCas12a assay. The device integrates nucleic acid enrichment, purification, elution, and multi-channel reaction processes into a paper-based device. Structural parameters, including hydrophilic pore size, glass fiber adsorption units, reaction chamber dimensions, and plate thickness, were optimized to improve nucleic acid recovery and fluid distribution. CRISPR/enAsCas12a-mediated sequence verification was incorporated to improve endpoint interpretation following LAMP amplification under complex water-matrix conditions. The limits of detection were 1.11 x 10(2), 1.87 x 10(4), and 1.95 x 10(2) copies/muL for E. coli, Salmonella spp., and Shigella spp., respectively, and the maximum DNA recovery efficiency was approximately 70%. Validation using samples from 15 drinking-water source sites in Tongren City, China, generated positive E. coli responses at all sites and Salmonella responses at selected sites, whereas Shigella was not detected under the applied conditions. Comparison with qPCR showed broadly consistent concentration patterns for E. coli, whereas differences were observed for some low-abundance Salmonella samples, which may be associated with the relatively higher detection limit of the Salmonella channel. Overall, the developed platform provides an integrated and portable-compatible approach for decentralized multiplex screening of waterborne pathogens and establishes a basis for further field-oriented development."
"pubmed","42710047","10.1097/MOH.0000000000000955","Sickle cell disease and hematopoietic stem cell transplantation: donor expansion, gene-modified grafts and prenatal horizons.","Mackina, Giula; Shangaris, Panicos","Current opinion in hematology","2026-09-08","https://pubmed.ncbi.nlm.nih.gov/42710047/","PURPOSE OF REVIEW: To review advances from the past 18 months in allogeneic hematopoietic stem cell transplantation (HSCT) and autologous gene-modified stem cell transplantation for sickle cell disease (SCD), and to relate these developments to stem cell biology, conditioning and emerging prenatal strategies. RECENT FINDINGS: Matched sibling HSCT remains the clinical benchmark, but recent studies show age- and regimen-dependent trade-offs between durable engraftment, graft-versus-host disease and toxicity. Haploidentical platforms using posttransplant cyclophosphamide, thiotepa or intensified low-dose irradiation have widened donor access, although infection, graft failure and chronic graft-versus-host disease remain important. Autologous CRISPR-edited and lentiviral grafts can nearly eliminate severe vaso-occlusive events, but still require stem cell collection, individualized manufacture and myeloablative conditioning. New work identifies inflammation, lineage skewing, reduced GATA1 and premature senescence as determinants of sickle stem cell fitness, while culture-sparing editing and antibody-directed conditioning offer routes to safer transplantation. SUMMARY: Curative SCD therapies are converging on the same challenge: establishing durable healthy hematopoiesis with acceptable toxicity. Progress will depend on graft quality, safer niche creation, patient-centred outcomes and equitable delivery. In vivo and prenatal approaches remain preclinical and require a substantially higher maternal-foetal safety threshold."
"pubmed","42710038","10.1021/acssensors.6c01650","CRISPR-Based Diagnostic Assay for Point-of-Care Detection of Methicillin-Resistant Staphylococcus aureus in patients with Bloodstream Infections.","Huang, Hai-Qian; Zhang, Jun-Heng; Hu, Xie-Fei; Xu, Jing-Song; Liu, Yu; Yang, Shuang; Li, Tian-Ming; Zhu, Zi-Yue; Li, Shun; Li, Wei; Li, Min; Wang, Hua","ACS sensors","2026-09-08","https://pubmed.ncbi.nlm.nih.gov/42710038/","Methicillin-resistant Staphylococcus aureus (MRSA) is a leading cause of mortality in critically ill patients with bloodstream infections (BSIs). Timely diagnosis and early initiation of guideline-concordant antimicrobial therapy are independently associated with improved survival and reduced complication rates in patients with MRSA BSIs. However, current blood culture-based detection of MRSA requires 3-7 days for definitive identification and antimicrobial susceptibility reporting, entails numerous manual steps, and frequently delays the transition from empirical to pathogen-directed therapy, thereby affecting treatment outcomes and patient prognosis. Here, we present a highly sensitive and specific CRISPR-based diagnostic platform that shortens the MRSA detection time from >70 h to  approximately 2 h-enabling true ""sample-to-result"" testing directly from whole blood at the point of care. This study develops a one-step RPA-CRISPR assay targeting the S. aureus nucA and mecA genes, with 10 copies/reaction sensitivity and no cross-reactivity. By integrating vancomycin-conjugated magnetic nanoparticles, a herringbone microfluidic chip, and a miniaturized wireless analyzer, the platform performs on-chip S. aureus capture, lysis-mediated DNA release, and dual-gene detection directly from whole blood. In a prospective, multicenter clinical evaluation of 350 hospitalized patients with suspected bacteremia, the HELP platform identified all 20 S. aureus-positive cases (including 8 MRSA-positive cases), demonstrating 100% positive percent agreement with blood culture. By delivering definitive MRSA identification in under 2 h, HELP markedly accelerates clinical decision-making, facilitates the timely initiation of targeted antimicrobial therapy, and holds strong potential for scalable deployment in primary care and resource-constrained settings."
"pubmed","42709888","10.1371/journal.ppat.1014599","PRMT3 restricts porcine epidemic diarrhea virus replication by disrupting the interaction between VAPA and the viral nucleocapsid protein.","Wu, He-Yong; Zhong, Shu-Yu; Qi, Ao-Si; Wang, Zi-Ru; Tu, Qiu-Se; Li, Feng; Wu, Rui; Wang, Jing-Yao; Song, Fan; Zhang, Tian-Yi; Li, Ting; Yu, Qing-Chun; Yuan, Hong-Ming; Lv, Dong-Mei; Ouyang, Hong-Sheng; Du, Xi-Liang; Pang, Da-Xin; Xie, Zi-Cong","PLoS pathogens","2026-09-08","https://pubmed.ncbi.nlm.nih.gov/42709888/","Porcine epidemic diarrhea virus (PEDV) represents a severe threat to the global swine industry. Its infection process involves intricate virus-host interactions and immune evasion mechanisms, but effective therapeutic targets remain elusive. In this study, we identified protein arginine methyltransferase 3 (PRMT3) as a novel regulatory factor that significantly modulates PEDV infection via genome-wide CRISPR/Cas9 knockout library screening. Knockout or inhibition of PRMT3 markedly enhanced PEDV infection in multiple cell lines, including LLC-PK1, IPEC-J2, and primary porcine intestinal epithelial cells. Mechanistic investigations revealed that PRMT3 can restrict PEDV infection by interacting with vesicle-associated membrane protein-associated protein A (VAPA). Further analysis revealed that VAPA facilitates cholesterol transport through binding to oxysterol-binding protein (OSBP) and inhibits the autophagic degradation of the viral nucleocapsid (N) protein, with both processes being critical for promoting PEDV infection in host cells. A detailed analysis revealed that K52 within its major sperm protein (MSP) domain interacts with D404 and D405 in the two phenylalanines in an acidic tract (FFAT)-like motifs of the N protein, and these interactions proved essential for PEDV infection. In summary, this is the first study to identify and validate the PRMT3-VAPA-N protein autophagic degradation axis as a key pathway through which PRMT3 suppresses PEDV infection, with VAPA acting as an essential host factor for PEDV pathogenesis. These findings uncover novel signaling pathways and molecular targets for the development of anti-PEDV therapeutics."
"pubmed","42709802","10.1073/pnas.2534362123","In vivo genome-wide CRISPR screens identify FOXR1 as a suppressor of CD8(+) T cell antitumor immunity.","Yang, Xue; Ouyang, Han; Xu, Henan; Peng, Lingxiao; Cui, Jianzhou; Zhang, Bin; Huang, Bo; Wang, Chunmei; Li, Guideng; Cao, Xuetao","Proceedings of the National Academy of Sciences of the United States of America","2026-09-08","https://pubmed.ncbi.nlm.nih.gov/42709802/","T cell dysfunction critically limits the efficacy of T cell-based immunotherapies in solid tumors, yet the intrinsic regulators of T cell dysfunction remain incompletely understood. Through an in vivo genome-wide CRISPR screen in tumor-infiltrating CD8(+) T cells, we identified Forkhead Box R1 (FOXR1) as a potent transcriptional suppressor of CD8(+) T cell effector functions. Genetic ablation of FOXR1 significantly enhanced cytokine production and cytotoxic capacity in both murine and human CD8(+) T cells, whereas its overexpression impaired T cell activation and effector molecule expression. Mechanistically, multiomics integration of RNA-seq, CUT&Tag-seq, and ATAC-seq revealed that FOXR1 binds directly to promoter regions of key effector genes, including IL2, GZMB, and PRF1, and represses their expression. Importantly, FOXR1 deletion in human anti-CD19 CAR T cells improved their efficacy against solid tumors, demonstrating that FOXR1 is a checkpoint of T cell effector function and targeting FOXR1 is a promising strategy to enhance CAR T cell efficacy against solid tumors."
"pubmed","42709801","10.1073/pnas.2615890123","A host-encoded prophage targets a Candidate Phyla Radiation bacterium and shapes episymbiotic interactions.","Kumar, Ajay; Nahar, Nusrat; Chouhan, Deepak; McLean, Jeffrey S; Bor, Batbileg; Dong, Pu-Ting; He, Xuesong","Proceedings of the National Academy of Sciences of the United States of America","2026-09-08","https://pubmed.ncbi.nlm.nih.gov/42709801/","The Patescibacteriota, also known as the Candidate Phyla Radiation (CPR), represent a large lineage of ultrasmall bacteria with highly reduced genomes and obligate dependence on bacterial hosts. Although genomic analyses have revealed CRISPR-Cas and restriction-modification systems in many CPR genomes, no cognate bacteriophages (phages) have been isolated, leaving CPR-phage interactions unexplored. Nanosynbacter lyticus TM7x, the first cultivated CPR bacterium, grows episymbiotically on its host, Schaalia odontolytica XH001, in the human oral microbiome. Here, we identify Xhp1, an inducible prophage of XH001 that is preferentially activated during episymbiosis with TM7x. Released Xhp1 particles infect prophage-free XH001 via distinct strategies determined by host growth mode, establishing lysogeny under planktonic conditions but driving lytic infection during surface-associated growth. Xhp1 also binds efficiently to TM7x and exhibits limited infection under the conditions tested, indicating direct phage-CPR interactions. Importantly, TM7x modulates Xhp1 availability in a spatially dependent manner. In planktonic culture, free-floating TM7x reduces lysogenic conversion of XH001DeltaXhp1, consistent with TM7x acting as a phage sink that lowers effective phage concentration. In contrast, during surface-associated growth, TM7x increases XH001DeltaXhp1 susceptibility to lytic infection, likely by locally concentrating phage particles within a constrained niche. These results demonstrate that CPR bacteria can regulate viral encounter rates through spatial organization. In spatially structured environments such as oral biofilms, such modulation may shape infection dynamics and community structure. Together, this work characterizes the first CPR-targeting phage and reveals a an important role for phages in CPR-host bacteria interactions."
"pubmed","42709589","10.1021/acsabm.6c01518","Sequential Precise Targeted Hepatitis B Virus Therapy: Hepatitis B Virus-Specific Small Interfering RNA Followed by Aggregation-Induced Emission-Photothermal Ablation Based on Macrophage Membrane-Coated Nanoplatform.","Wei, Zihui; Gao, Lixia; Zheng, Mengting; Wang, Xun; Fu, Xinting; Duan, Han; Wang, Jiamei; Wu, Yanqiu; Ma, Fei; Zhang, Yunlong; Jia, Yue; Gu, Qin; He, Changting; Wang, Yongli; Li, Bin; Ma, Weifeng; Liao, Yuhui","ACS applied bio materials","2026-09-08","https://pubmed.ncbi.nlm.nih.gov/42709589/","Chronic hepatitis B (CHB) afflicts approximately 254 million people worldwide and is responsible for more than one million deaths annually. Intrahepatic persistence of covalently closed circular DNA (cccDNA), the episomal transcriptional template of hepatitis B virus (HBV), sustains chronic replication, blunts the efficacy of antiviral therapy, and precipitates virological relapse once treatment is discontinued. While emerging cccDNA-targeted strategies include CRISPR/Cas9-mediated cleavage and epigenetic silencing, their clinical translation is impeded by delivery inefficiency, safety concerns, and limited durability. Herein, we present a sequential nano-therapeutic platform that combines small interfering RNA (siRNA) delivery using HBV-pre-activated macrophage membranes (HMs) with photothermal therapy utilizing aggregation-induced emission (AIE) agents. In the first step, HM-coated lipid nanoparticles encapsulating siRNA (siR@HM NPs) enable virus to neutralize and hepatocyte targeted delivery via surface viral receptors, achieving efficient gene silencing. At 72 h post-administration, HM-coated PLGA nanoparticles loaded with an AIE photothermal agent (TPAT@HM NPs) are introduced, facilitating near-infrared IIb fluorescence-guided 808 nm laser ablation of residual infected cells. In a cell model of chronic HBV infection, both siR@HM NPs and TPAT@HM NPs achieved targeted delivery to infected hepatocytes. Critically, sequential administration yielded superior antiviral efficacy compared with concurrent administration or either monotherapy, leading to substantial reduction in HBsAg, HBeAg, HBV DNA, cccDNA, and pgRNA levels. Biosafety assessments confirmed negligible cytotoxicity, hemolysis, and systemic toxicity. This bionic platform integrates time-programmed virus targeting, RNA interference, and photothermal ablation. The virus-preactivated membrane coating enables dual recognition of both viral particles and infected cells, offering a precise and scalable theranostic strategy for HBV and other refractory viral infections."
"pubmed","42709540","10.1080/15384047.2026.2724630","Thioredoxin reductase-1 facilitates cellular plasticity and stemness mediated by TGF-beta1 in non-small cell lung cancer.","Lang, Yaw-Dong; Gu, Shin-Yuan; Shih, Jou-Ho; Lin, Chun-Jung; Chiang, Hua-Hsin; Lin, Tsai-Yu; Lee, Yu-Ching; Tsai, Keng-Chang; Chang, Jui-Tin; Chu, Cheng-Ying; Jou, Yuh-Shan; Chou, Teh-Ying","Cancer biology & therapy","2026-09-08","https://pubmed.ncbi.nlm.nih.gov/42709540/","BACKGROUND: Cellular plasticity and epithelial-mesenchymal transition (EMT) promote the initiation and progression of non-small cell lung cancer (NSCLC). Thioredoxin reductase 1 (TXNRD1), a key redox enzyme, has been linked to malignancy, but its mechanism in NSCLC remains unclear. We examined whether TXNRD1 regulates TGF-beta1 autocrine signaling to drive EMT and stemness. MATERIALS: Stage-progression gene profiles were analyzed in the TCGA and GEO databases with an emphasis on redox gene families. TXNRD1 was manipulated by overexpression or knockdown in A549, H226, and H1299 cells, followed by migration/invasion, spheroid assays, ELISA for cytokines, and RT-qPCR/Western blot for EMT markers. RNA-seq with pathway enrichment analyses was used to identify downstream programs. An orthotopic lung cancer mouse model was established using TXNRD1-WT cells, TXNRD1-deficient cells, and TXNRD1-deficient cells treated with TRi-1. Tumor progression was monitored by bioluminescence imaging at 6 and 12 weeks after transplantation. RESULTS: TXNRD1 expression was ~2-fold higher in advanced-stage NSCLC and was validated in tumor tissues. CRISPR/Cas9 or siRNA knockdown reduced EMT-associated genes and decreased TGF-beta1 production in A549 and H226 cells. TXNRD1 overexpression increased EMT and stemness markers and produced larger, more compact spheres with higher sphere numbers in H1299 cells. RNA-seq indicated the TXNRD1 pathway activates the TGF-beta1 pathway to promote EMT, motility, and stemness via an autocrine loop; knockdown or TXNRD1 inhibition suppressed metastatic tumor growth in vivo. CONCLUSIONS: Our study identifies TXNRD1 as a crucial regulator of cellular plasticity and metastasis in NSCLC via the TGF-beta1 pathway, suggesting that targeting TXNRD1 may reduce metastatic potential and improve patient survival."
"pubmed","42709186","10.1007/s00204-026-04540-7","Maternal age as a driver of genome instability: mechanisms linking aneuploidy, mutagenesis and mitochondrial dysfunction.","Ramos, Sandra; Marchetti, Francesco","Archives of toxicology","2026-09-08","https://pubmed.ncbi.nlm.nih.gov/42709186/","Advanced maternal age is a well-established risk factor for adverse reproductive outcomes due to increased rates of aneuploidy. However, emerging evidence indicates that the genetic consequences of maternal aging extend well beyond chromosome mis-segregation. Aging oocytes acquire a broad spectrum of genetic abnormalities, including maternally derived nuclear de novo mutations (DNMs) and mitochondrial DNA mutations, together with epigenetic dysregulation of DNA methylation and post-translational modification levels. These changes reflect the unique biology of the female germline in which oocytes remain arrested in meiotic prophase I for decades. Age-related deterioration of key processes, such as erosion of cohesion complexes, altered meiotic recombination, and weakened spindle assembly checkpoint surveillance collectively destabilize meiotic chromosome architecture, directly driving chromosome mis-segregation. At the same time, accumulation of endogenous DNA damage and declining DNA damage and repair processes increase the chances of transmitting lesions that can be converted into sequence-level mutations during the earliest embryonic divisions, when genome maintenance relies exclusively on maternal factors. High-resolution sequencing studies further demonstrate that maternal aging is associated with increased DNMs burden in both nuclear and mitochondrial DNA. Together, these findings support a model in which maternal aging is a driver of genome-wide instability that links aneuploidy and mutagenesis through shared defects in meiotic surveillance, declining DNA repair efficiency, and mitochondrial function. This framework positions delayed childbearing as a multifaceted genetic risk factor that extend beyond aneuploidy to include mutations and other genomic alterations that can impact intergenerational genetic risk."
"pubmed","42708417","10.1111/jipb.70386","Plant cis-regulatory grammar: Decoding the multidimensional code of transcriptional regulation for programmable crop engineering.","Zhang, Libin; Li, Maoteng","Journal of integrative plant biology","2026-09-08","https://pubmed.ncbi.nlm.nih.gov/42708417/","Cis-regulatory elements (CREs) orchestrate the spatiotemporal precision of gene expression that underlies plant development, adaptation, and domestication. Decoding the cis-regulatory grammar of plant genomes remains a central challenge in modern biology, with profound implications for programmable crop engineering. Here, recent conceptual and technological advances are synthesized to reshape our understanding of plant CREs. This review first argues that CRE function is not only an intrinsic property of DNA sequence alone but also emerges from a multidimensional context, including chromatin accessibility, histone modifications, three-dimensional genome topology, and cell type-specific regulatory landscapes. Furthermore, the convergence of single-cell epigenomics, high-throughput functional assays, and CRISPR-based dissection has begun to unravel this contextual grammar, revealing the computational principles governing transcriptional regulation. Critically, we propose that artificial intelligence (AI) platforms are catalyzing an ongoing transition from descriptive discovery to predictive engineering, wherein these platforms outperform natural evolution in designing synthetic CREs. Finally, a roadmap is outlined toward a plant regulatory grammar foundation model, which will enable truly predictive engineering of gene expression when fine-tuned for specific tasks. Collectively, the integration of single-cell resolution maps, precise genome editing, AI-driven design, and regulatory-compliant delivery systems promises to transform our ability to reprogram plant gene regulation for next-generation agriculture, bridging the gap between foundational regulatory biology and tangible crop improvement."
"pubmed","42708411","10.1093/nar/gkag862","An expanded realm of anti-CRISPR-associated proteins and regulatory mechanisms.","Feussner, Maximilian; Birkholz, Nils; Lee, So Yeon; Beisel, Chase L; Park, Hyun Ho; Brown, Chris M; Fineran, Peter C; Weinberg, Zasha","Nucleic acids research","2026-09-08","https://pubmed.ncbi.nlm.nih.gov/42708411/","Many bacteriophages encode anti-CRISPR (Acr) proteins that inhibit bacterial CRISPR-Cas immune systems. Rapid acr gene expression upon phage entry enables CRISPR-Cas neutralization but can impact phage fitness if unregulated. Therefore, Acr production is often controlled by distinct families of co-encoded anti-CRISPR-associated (Aca) proteins, which are usually helix-turn-helix (HTH) regulators that bind DNA within acr-aca operon promoters. Previously, we demonstrated that the Aca2 family additionally represses Acr production translationally by binding structured RNA motifs within the 5' untranslated region (UTR) of the acr-aca mRNA. Here, through systematic bioinformatic analyses, we provide evidence of structured RNA motifs in the 5' UTRs of operons encoding members of other Aca families and show that Aca1 also specifically binds its cognate RNA motif. Additionally, many Aca proteins are predicted to regulate not only their own but also adjacent operons with potential anti-defence genes. Indeed, we show that Aca14, newly identified in this study, represses two predicted anti-defence operons. Aca14 is a ribbon-helix-helix domain protein, revealing regulatory diversity beyond the canonical HTH Aca family members. Collectively, our findings expand our understanding of acr regulation in mobile genetic elements and reveal novel mechanisms by which phages fine-tune anti-defence gene expression."
"pubmed","42708327","10.1016/j.gim.2026.102716","Evaluating the pathogenic significance of unique chromosomal variants in craniosynostosis using patient-derived induced pluripotent stem cells and mouse modelling.","Korona, Dagmara; Hashimoto, Akiko Soneda; Pei, Yang; Calpena, Eduardo; Sloane-Stanley, Jackie; Riva, Simone G; Schwessinger, Ron; Forzano, Francesca; Chintawar, Satyan; Duggal, Galbha; Wall, Steven A; Hughes, Jim R; Twigg, Stephen R F; Wilkie, Andrew O M","Genetics in medicine : official journal of the American College of Medical Genetics","2026-09-08","https://pubmed.ncbi.nlm.nih.gov/42708327/","PURPOSE: Unravelling causal links between unique structural/copy-number variants (SV/CNV) and associated phenotypes is essential for correct genetic counselling. We investigated two families in which patients with craniosynostosis had SV/CNV potentially dysregulating a fibroblast growth factor (FGF)-encoding gene; a 730 kb dup(4)(q21.21) including FGF5; and a complex 568 kb interspersed 13q12.11 duplication, located 841 kb from FGF9. METHODS: We combined bioinformatic predictions of altered topologically-associating domain (TAD) structure, with experimental analysis (RNA- and ATAC- [assay for transposase-accessible chromatin] sequencing) of patient induced pluripotent stem cell lines (iPSCs) differentiated to neural crest (NCC) and osteoprogenitor (OPC) identities. For the dup(4)(q21.21) we generated a mouse bearing an equivalent rearrangement using CRISPR-Cas9 targeting. RESULTS: TAD analysis suggested potential dysregulation of the FGF5/FGF9 gene by bringing it into a novel genomic milieu. The RNA- and ATAC-seq assays demonstrated FGF5/FGF9 upregulation (2.7-18x) and local opening of chromatin, in 3/4 cell lines. For the dup(4)(q21.21), a causal role was supported by the mouse model, whereas interpretation of the 13q12.11 SV is confounded by a co-existing FOXP2 pathogenic variant. CONCLUSION: Patient iPSC-differentiated NCC and OPC lines, combined with TAD-based modelling to generate testable functional hypotheses, provide valuable functional evidence when evaluating causation of unique SV/CNV in craniosynostosis."
"pubmed","42708068","10.2147/IJN.S626615","Precision Nanodelivery Enables Spatiotemporal Control of NAD(+) Metabolism in Ageing and Disease.","Pei, Zerong; Wang, Xuemei; Liang, Fengni; Zhong, Minyong; Jiang, Qingxiang; Li, Hui","International journal of nanomedicine","2026-09-08","https://pubmed.ncbi.nlm.nih.gov/42708068/","Declining nicotinamide adenine dinucleotide (NAD(+)) represents a conserved metabolic hallmark of ageing, organ dysfunction and numerous acute and chronic disorders. NAD(+) metabolism exhibits pronounced spatial, cell-type and subcellular compartmentalization in pathological tissues, orchestrating DNA repair, redox homeostasis, inflammatory cascades and mitochondrial energy metabolism. Such compartment heterogeneity accounts for the inconsistent therapeutic outcomes of systemic NAD(+) precursor supplementation, which suffers from uneven tissue distribution and insufficient subcellular metabolite restoration. While conventional precursor replenishment lays a fundamental foundation for NAD(+) intervention, its therapeutic potency is hampered by an inability to achieve localized, time-tunable metabolic modulation. Herein, we advocate a hierarchical precision nano-delivery framework to advance NAD(+) therapeutics beyond passive systemic supplementation toward spatiotemporally programmable metabolic regulation. Nanodelivery platforms integrate tissue penetration, cellular uptake, organelle targeting and stimulus-triggered cargo release to overcome biological barriers and match NAD(+) modulation to defined pathological disease windows. This Review systematically summarizes cutting-edge nanodelivery strategies for tissue-, cell- and organelle-specific delivery of NAD(+), precursors and metabolic modulators across degenerative, inflammatory and metabolic illnesses. We further discuss key translational bottlenecks, including compartment-specific biomarkers, stratified safety evaluation, rational dosage regimen, scalable production and individualized patient stratification. We argue that the next generation of NAD(+) therapeutics will not be defined by enhanced bulk supplementation alone, but by the capacity to orchestrate precise NAD(+) manipulation across biological space and time."
"pubmed","42707988","10.7150/thno.131793","An integrated SOX4-driven transcriptional and metabolic program governs tumor-infiltrating regulatory T cells in ovarian cancer.","Wu, Lei; Tao, Ziqi; Zhang, Yuelu; Mao, Yepeng; Zhang, Lei; Yan, Lina; Li, Rong; Zhou, Lingfei; Liu, Zhijie; Shang, Wenwen; Liu, Shuna; Lou, Jianfang; Huang, Xi; Wang, Ting; Wang, Fang","Theranostics","2026-09-08","https://pubmed.ncbi.nlm.nih.gov/42707988/","BACKGROUND: Regulatory T cells (Tregs) suppress antitumor immunity in ovarian cancer (OC) and are promising targets for immunotherapy. However, the heterogeneity and regulatory mechanisms of tumor-infiltrating Tregs (TI-Tregs) remain poorly defined. Here, we aim to delineate TI-Treg programs to identify potential therapeutic targets. METHODS: CD4(+)CD25(+)CD127(-) Tregs from OC, adjacent tissues, and peripheral blood were profiled by single-cell RNA sequencing and spatial transcriptomics, with regulatory networks inferred using SCENIC. Functional and mechanistic studies of SOX4 were performed using hypoxic/tumor-conditioned models, CRISPR-Cas9 perturbation, ectopic overexpression, Cut&Tag profiling, and oxidative phosphorylation (OXPHOS) inhibition. RESULTS: We identified nine transcriptionally distinct Treg subsets, revealing a highly activated and immunosuppressive state among TI-Tregs. These TI-Tregs exhibited strong co-expression of TNFRSF4, TNFRSF9, TNFRSF18, and CTLA4, and their increased intratumoral abundance was independently associated with poorer overall survival. SCENIC analysis identified SOX4 as the top regulon defining TI-Treg identity, with spatial transcriptomics revealing SOX4(+) Tregs forming an immunoregulatory barrier at tumor margins. This phenotypic identity was robustly induced by the hypoxic microenvironment and TCR stimulation in a well-established murine OC model. Mechanistically, SOX4 transactivated MT1X to promote mitochondrial fitness and OXPHOS. Consistently, Cut&Tag profiling showed reduced chromatin accessibility at OXPHOS-related loci following SOX4 depletion. Furthermore, CRISPR-Cas9-mediated disruption of SOX4 reduced FOXP3 expression and other suppressive markers, whereas SOX4 overexpression enhanced FOXP3 expression in an OXPHOS-dependent manner. Notably, pharmacological inhibition of OXPHOS abolished this effect. CONCLUSIONS: SOX4 is a central regulator of TI-Treg suppressive function and metabolic fitness, representing a promising therapeutic target for OC."
"pubmed","42707868","10.3389/fbioe.2026.1892898","CRISPR-based point-of-care diagnostics for viral hepatitis: from molecular design to clinical implementation.","Lin, Lanke; Luo, Fukang; Liu, Shan; Tong, Xianli; Xu, Xuyu; Yi, Weijia; Deng, Xinyue; Luo, Hongzhi","Frontiers in bioengineering and biotechnology","2026-09-08","https://pubmed.ncbi.nlm.nih.gov/42707868/","Timely etiological diagnosis of viral hepatitis is essential for surveillance, treatment initiation, linkage to care, and elimination efforts. In resource-limited settings, however, diagnostic pathways are frequently disrupted by centralized nucleic acid testing, specimen-transport requirements, delayed reporting, and loss to follow-up. CRISPR-Cas-based point-of-care testing may help shorten these pathways, but its clinical value cannot be judged by analytical sensitivity alone. This review evaluates CRISPR-Cas strategies for detecting hepatitis A, B, C, D, and E viruses by linking molecular design to virus-specific clinical and public-health decisions. We compare target selection, Cas effectors, amplification strategies, readout formats, specimen processing, genotype coverage, clinical validation, and implementation feasibility. For each virus, the evidence is evaluated in relation to the principal diagnostic need, the potential contribution of CRISPR-Cas, the maturity of the available evidence, and the remaining requirements for deployment. Current evidence is most advanced for HBV and HCV, whereas HAV, HDV, and HEV applications remain less developed or more context dependent. Future platforms should prioritize clinically meaningful detection thresholds, closed-tube sample-to-answer workflows, internal controls, genotype-diverse validation, reagent stability, non-expert usability, and transparent pathway-level cost evaluation."
"pubmed","42707823","10.3389/fgeed.2026.1808390","Heat stress impact on rice reproductive processes: challenges and new approaches.","Moreira, Miguel; Queiros, Ana Rita; Ventura, Ana; Moreira, Diana; Coimbra, Silvia; Pereira, Ana Marta","Frontiers in genome editing","2026-09-08","https://pubmed.ncbi.nlm.nih.gov/42707823/","Heat stress represents one of the most severe abiotic constraints to rice (Oryza sativa L.) productivity and is expected to intensify under ongoing climate change, particularly affecting the reproductive phase and leading to substantial yield and grain quality losses. This review synthesizes current knowledge on the impacts of heat stress on rice reproduction, with a focus on both male and female reproductive structures and their interactions. Evidence from anatomical, physiological, transcriptomic, and metabolomic studies to describe how elevated temperatures disrupt key reproductive processes, including microsporogenesis, anther dehiscence, pollen viability, pollen-pistil interactions, fertilisation, and embryo sac development were integrated in this review. It further discusses the genotype-dependent differences in reproductive thermotolerance; and key genes, metabolites, and pathways associated with heat stress perception, signalling, and tolerance are highlighted. Finally, it is briefly discussed how recent advances in breeding strategies, functional genomics and genome-editing technologies, particularly CRISPR-based approaches, are providing new opportunities to enhance reproductive resilience to heat stress and how it is essential to close the existing molecular knowledge gaps in the development of heat-tolerant rice varieties capable of sustaining productivity in a warming climate."
"pubmed","42707763","10.3389/fragi.2026.1888854","Repair and regeneration across the lifespan: an ontogenetic perspective.","Barrera-Saldana, Hugo A; Fernandez-Garza, Luis E; Guillen-Silva, Fernando; Fajardo-Ramirez, Oscar R; Inigo Pavlovich, Rafael Francisco; Gomez-Gallardo, Fermin Valenzuela; Rodriguez-Fuentes, David E; Avila-Villalobos, Alexia Y; Barrera-Barrera, Silvia A; Somoza, Rodrigo A","Frontiers in aging","2026-09-08","https://pubmed.ncbi.nlm.nih.gov/42707763/","The capacity for tissue repair and regeneration undergoes a profound and progressive decline across the human lifespan, representing a fundamental driver of aging and chronic disease. This review establishes a comprehensive ontogenetic framework by mapping the continuous biological transition from the flawless, scarless regenerative plasticity of embryonic development to the irreversible fibrotic scarring and organ failure characteristic of senescence. We synthesize the hierarchical collapse of reparative networks across multiple biological scales. Importantly, this ontogenetic decline should not be interpreted as a purely degenerative trajectory but rather as a dynamic systems-level reprogramming in which evolutionary trade-offs prioritize tumor suppression, immune surveillance, and reproductive fitness over long-term regenerative fidelity. Recognizing this adaptive reallocation of biological resources reframes aging not simply as failure but as a predictable recalibration of repair hierarchies. At the molecular and cellular levels, the accumulation of genomic instability, unresolvable DNA damage, and mitochondrial dysfunction gradually overwhelms intracellular quality-control mechanisms. Concurrently, epigenetic drift and chronic, low-grade systemic inflammation (""inflammaging"") dismantle the stem cell niche, driving adult stem cell exhaustion and shifting wound healing away from functional tissue replacement toward maladaptive fibrosis. Furthermore, we examine divergent, organ-specific repair trajectories. By contrasting the severe regenerative restrictions of the adult central nervous system and myocardium with the persistent, yet exhaustible, resilience of the liver, we elucidate the unique intrinsic and microenvironmental barriers that impede structural and functional recovery. Finally, we evaluate the clinical paradigm shift from passive management of age-related degeneration to active restoration of tissue integrity. By integrating systemic geroscience-which addresses the global hallmarks of aging-with targeted bioengineering and in vivo epigenetic modulation, contemporary regenerative medicine seeks to recreate permissive, youthful microenvironments. Ultimately, mastering these ontogenetic principles holds unprecedented potential to reactivate endogenous repair pathways, mitigate multi-organ collapse, and significantly extend human functional healthspan."
"pubmed","42707723","10.2147/IJN.S622664","An RCA-Coupled CRISPR/Cas12a Cascade-Enhanced SERS Platform for Ultrasensitive Detection of Exosomal miRNA-21 in Colorectal Cancer Serum.","Tao, Jian; Zeng, Binbin; Bi, Caili; Xu, Minyi; Gu, Xiaxian; Jing, Dingding; Sun, Jun","International journal of nanomedicine","2026-09-08","https://pubmed.ncbi.nlm.nih.gov/42707723/","PURPOSE: Ultra-sensitive detection of exosomal miR-21 is crucial for the early diagnosis of colorectal cancer. This study aims to develop a cascade amplification platform based on surface-enhanced Raman scattering (SERS), combining rolling circle amplification (RCA) and CRISPR/Cas12a, to enable ultra-sensitive quantitative detection of exosomal miR-21. METHODS: A SERS substrate was constructed using streptavidin-modified concave gold nanocubes (CGNs), and gold double-stranded probes loaded with Raman reporter molecules were used as SERS probes. The two components are controllably linked via a single-stranded DNA molecule with a thiol group at one end and biotin at the other, forming a stable detection system. Target-triggered RCA generates a repeat sequence, which, under the mediation of crRNA, activates Cas12a cleavage, causing the probe to be released from the substrate surface and resulting in a significant attenuation of the SERS signal. RESULTS: This platform achieves three-stage cascading signal amplification via RCA, CRISPR/Cas12a, and SERS, with a detection limit at the femto-mole (fM) level and a total detection time of approximately 80 minutes. The results were consistent with those of qRT-PCR, demonstrating high sensitivity, high specificity, and reliability. CONCLUSION: This study proposes an RCA-CRISPR-SERS cascade amplification platform that provides a highly sensitive and specific method for detecting miR-21 in exosomes, offering potential clinical value for the early diagnosis and dynamic monitoring of colorectal cancer."
"pubmed","42707636","10.3389/fpls.2026.1903346","BioCNT-TLS engineered systemic mobile resistome for sustainable crop protection.","Li, Wenbo; Farooq, Tahir; Hussain, Muhammad Dilshad; Brosnan, Christopher A; Chen, Huanhuan","Frontiers in plant science","2026-09-08","https://pubmed.ncbi.nlm.nih.gov/42707636/","The global agricultural sector faces an existential threat from viral quasispecies that bypass traditional resistance through high-frequency mutation and rapid systemic colonization. Conventional strategies, including chemical pesticides and transgenic modifications, are increasingly constrained by environmental toxicity, regulatory hurdles, and the biological arms race of viral evasion. This review critically expands upon the transformative potential of biocompatible carbon nanotubes conjugated with tRNA-like structures as a non-transgenic, systemic delivery platform for RNA interference effectors. We analyze the mechanistic synergy between nanomaterial-mediated incorporation and vascular trafficking, proposing a systemic mobile resistome concept, in which BioCNT-TLS complexes may provide transgene-free, RNA-mediated interference distributed across aerial tissues from a single foliar application, an effect demonstrated in a single recent study and not yet validated at the whole-plant or field scale. By synthesizing data on RNAi pyramiding, spray-to-edit CRISPR technologies, and the ecotoxicological footprint of carbon nanomaterials, we provide a blueprint for the future of precision crop protection."
"pubmed","42707485","10.3389/fbioe.2026.1901459","Gene therapy for genodermatoses at the crossroads of innovation and clinical translation.","Fabrizi, Alessandra; Valenti, Marta; Zacchino, Silvia; Russo, Katia; Baschetti, Erica; De Rosa, Laura; De Luca, Michele","Frontiers in bioengineering and biotechnology","2026-09-08","https://pubmed.ncbi.nlm.nih.gov/42707485/","Inherited genodermatoses are a heterogeneous group of rare monogenic disorders. Among these, epidermolysis bullosa (EB) and ichthyoses represent paradigmatic disorders characterized by severe skin fragility and hyperkeratosis, respectively, and impaired barrier function, often with profound effects on quality of life and systemic health. Current management remains largely palliative, underscoring the urgent need for disease-modifying therapies. Over the past 2 decades, advances in epithelial stem cell biology, vector engineering and genome editing technologies have transformed the therapeutic landscape for genodermatoses. Ex vivo gene therapy has provided the first proof that genetically corrected epidermal stem cells can achieve long-term tissue regeneration in EB skin patients, establishing a new paradigm for regenerative medicine. In parallel, the emergence of programmable genome engineering platforms, including CRISPR/Cas nucleases, base editors and prime editors, have enabled increasingly precise strategies for mutation-specific correction in both recessive and dominant disorders. Furthermore, the development of in vivo topical approaches is expanding the possibility of directly targeting the skin. Despite these advances, substantial translational barriers continue to limit broad clinical implementation. Efficient and durable targeting of epidermal stem cells within a highly regenerative tissue, together with safe delivery across the skin barrier, stringent control of off-target activity, scalable manufacturing and demonstration of long-term safety, remain major challenges for the clinical translation of these approaches. In this Review, we discuss the current state of gene therapy for genodermatoses, highlighting key clinical milestones, emerging genome editing technologies and next-generation delivery systems. We further examine the biological and regulatory challenges that need to be overcome to bridge the gap between experimental innovation and clinically accessible therapies for patients with inherited skin diseases."
"pubmed","42707352","10.3389/fmicb.2026.1918484","Rapid detection of Streptococcus agalactiae using an RPA-MbCas12a CRISPR assay targeting novel sodA and groL markers.","Shamukhan, Aldan; Shaizadinova, Aisha; Amanzholova, Meruyert; Tarlykov, Pavel; Abeldenov, Sailau","Frontiers in microbiology","2026-09-08","https://pubmed.ncbi.nlm.nih.gov/42707352/","Streptococcus agalactiae (Group B Streptococcus, GBS) is a major cause of neonatal and invasive infections, necessitating rapid and sensitive diagnostic approaches beyond conventional culture and PCR. Here, we developed an isothermal recombinase polymerase amplification (RPA)-MbCas12a CRISPR assay for fluorescence-based detection of GBS using a recently characterized MbCas12a variant from Moraxella bovoculi. The assay targets two conserved housekeeping genes, sodA and groL, and operates under isothermal conditions at 37  degrees C with minimal sample processing. Analytical sensitivity reached 1.6 x 10(1) to 2.5 x 10(1)copies per reaction, while analytical specificity was confirmed against non-target bacterial species. The assay successfully detected all 14 tested GBS isolates directly from crude heat lysates and generated results within 1 h. By combining rapid isothermal amplification, simplified sample preparation, and MbCas12a-mediated detection, this platform represents a promising approach for point-of-care GBS screening and infection control in resource-limited settings."
"pubmed","42707175","10.1016/j.isci.2026.117365","A streamlined protocol for small-scale protoplast generation and CRISPR/Cpf1-mediated genome editing in Fusarium oxysporum.","Zheng, Jun-Ze; Huang, Szu-Chieh; Zeng, Wen-Ting; Lin, Ying-Hong; Chang, Tao-Ho","iScience","2026-09-08","https://pubmed.ncbi.nlm.nih.gov/42707175/","Fusarium oxysporum is a significant threat to agriculture and One Health, requiring advanced molecular tools for functional genomic analyses and biological control agent development. Existing gene-editing methods are hampered by costly protoplast preparation protocols and by CRISPR-Cas9 limitations, such as restricted protospacer adjacent motif (PAM) sequences and complex guide RNA requirements. We engineered an efficient CRISPR/Cpf1 system that overcomes these issues through three main innovations: small-scale protoplast generation using filter column-based methods that greatly reduce enzyme consumption while simplifying workflows, a CRISPR/Cpf1 system with shorter guide RNA design and staggered DNA cleavage to promote homologous recombination, and minimal homology arm strategies that significantly decrease cloning complexity. Extensive validation confirms successful gene targeting with molecular verification and functional analysis via standardized pathogenicity assays. This integrated platform offers affordable, accessible tools for systematic F. oxysporum research, enhancing fundamental understanding of plant-pathogen interactions and supporting high-throughput screening vital for agricultural biotechnology and biological agent development."
"pubmed","42707136","10.1016/j.vas.2026.100836","Development of an RT-LAMP-CRISPR/Cas12a-based nucleic acid detection platform for rapid diagnosis of porcine reproductive and respiratory syndrome virus type 2.","Li, Congcong; Sun, Changsheng; Xu, Qiuliang","Veterinary and animal science","2026-09-08","https://pubmed.ncbi.nlm.nih.gov/42707136/","Porcine reproductive and respiratory syndrome virus (PRRSV) significantly affects swine production, leading to reproductive failure and respiratory disorders. Current detection methods are limited by slow turnaround times, insufficient sensitivity and specificity, the need for skilled personnel, and costly equipment, which hinder their application in rapid on-site diagnosis and early disease prevention and control. In this study, a novel detection platform was developed by integrating the target specificity of RT-LAMP primers with the dual recognition capability of CRISPR/Cas12a. Optimal crRNA primers targeting conserved sequences in the PRRSV-2 structural protein M gene were designed and screened. Reaction conditions were subsequently optimized, and a cloning vector containing the target gene was constructed. Sensitivity evaluation using PCR, LAMP-CRISPR/Cas12a, and qPCR revealed detection limits of 9.17 x 10(3) copies/muL, 9.17 x 10(-1) copies/muL, and 9.17 x 10(2) copies/muL for the target plasmid DNA, respectively. Notably, the LAMP-CRISPR/Cas12a assay exhibited the highest sensitivity, with a detection capability 10(4)-fold and 10(3)-fold greater than that of PCR-CRISPR/Cas12a and qPCR, respectively. Specificity analysis demonstrated that only HP-PRRSV generated a positive signal among the four tested porcine viruses, including PEDV G2b, PRV HNJY, and PPV SD-1. No fluorescent signals were detected for the other viral strains, indicating the absence of cross-reactivity. Fifty porcine serum samples were analyzed to compare the diagnostic performance of the RT-LAMP-CRISPR/Cas12a assay with that of qPCR, and the results showed complete agreement between the two methods. The established RT-LAMP-CRISPR/Cas12a detection system provides a rapid and reliable approach for PRRSV detection and may facilitate improved surveillance and control of PRRSV infections."
"pubmed","42707092","10.3389/fphar.2026.1884232","Integrated multi-omics analysis and functional experiments reveals PPAP2C as a potential prognostic biomarker and therapeutic target in breast cancer.","Lin, Xiaoxi; Cen, Lihang; Yue, Sihui; Teng, Liangsen; Qin, Shuang; Cheng, Yipeng; Qiu, Mingyue; Lu, Yonggang; Zhang, Jie; Zuo, Shuguang","Frontiers in pharmacology","2026-09-08","https://pubmed.ncbi.nlm.nih.gov/42707092/","BACKGROUND: This study aims to systematically elucidate the clinical significance and biological function of the phospholipid phosphatase (PLPP) family member (PPAP2C) phosphatidic acid phosphatase type 2C in breast cancer, and to evaluate its potential as a prognostic biomarker and therapeutic target. METHODS: Gene expression data from The Cancer Genome Atlas (TCGA), Genotype-Tissue Expression (GTEx), and Cancer Cell Line Encyclopedia (CCLE) databases were integrated to characterize the expression profile of PLPP family members, focusing on PPAP2C in breast cancer. The prognostic value of PPAP2C, initially identified at the mRNA level (TCGA, (METABRIC) Molecular Taxonomy of Breast Cancer International Consortium, Gene Expression Omnibus (GEO)), was confirmed at the protein level by immunohistochemistry (IHC) on tissue microarrays (TMA). The oncogenic functions of PPAP2C were investigated in triple-negative breast cancer (TNBC) cells through CRISPR-Cas9-mediated knockout and ectopic overexpression, with assessment of key phenotypes including proliferation, colony formation, migration, and invasion. In vivo validation was subsequently performed using an MDA-MB-231 xenograft model. RESULTS: PPAP2C exhibits the most significant overexpression pattern across 33 cancer types (upregulated in 16 cancers, downregulated in only 3). Compared with normal tissues, PPAP2C showed specific overexpression in breast cancer tissues and was significantly associated with advanced clinical stages and aggressive subtypes (HER2(+) and TNBC). Survival analysis demonstrated that high PPAP2C expression correlated with significantly shorter overall survival and disease-free survival, which was further validated in METABRIC and GEO cohorts. Tissue microarray analysis confirmed higher PPAP2C protein positivity in tumor tissues (94.7%) than in adjacent normal tissues (59.7%), with worse OS and RFS in high-expression groups. Multivariate analysis identified PPAP2C as an independent prognostic factor for OS. Functional experiments revealed that PPAP2C knockout (via 5-bp/1-bp frameshift mutations) suppressed TNBC cell proliferation, colony formation, migration, and invasion, while overexpression enhanced these phenotypes. In vivo studies further demonstrated complete tumor regression in MDA-MB-231 xenografts upon PPAP2C knockout. CONCLUSION: This study identifies PPAP2C as a key oncogenic driver and a robust independent prognostic biomarker in breast cancer. The findings provide compelling evidence that PPAP2C represents a promising therapeutic target, offering a new strategic avenue for precision therapy, particularly for aggressive breast cancer subtypes."
"pubmed","42706891","10.1002/age.70198","Integrated Genome-Wide Association Studies and Selection Signature Analysis Reveal the Genetic Architecture of the Wattle Trait in Goats.","Hu, Siyi; Wei, Chen; Feng, Da; Gan, Shangquan","Animal genetics","2026-09-08","https://pubmed.ncbi.nlm.nih.gov/42706891/","Wattles are finger-like appendages on the ventral neck of goats, serving as a distinctive morphological marker for breed identification that serves potential implications for production performance. However, their genetic basis remains incompletely characterized. Here, we integrated a genome-wide association study (GWAS) and selection signature analysis to identify candidate genes and genomic regions associated with the wattle trait in goats. Using a linear mixed model, GWAS on 463 goats (23 wattled and 440 non-wattled) identified 385 quantitative trait loci (QTLs) at a 5% false discovery rate, yielding 346 candidate genes. The most significant association signal was observed on chromosome 10 (72.61-73.48 Mb), where the lead SNP (rs636481767) is located within a region containing GJD2, GREM1, and FMN1, showing strong linkage disequilibrium (r(2) > 0.6) with surrounding loci. Subsequent selection signature analysis (23 wattled and 23 non-wattled) identified 83 genomic regions harboring 119 candidate genes. The strongest signals were detected at MFSD14B on chromosome 8 (F(ST) = 0.154, log(2)pi-ratio = 2.611) and PDLIM7 on chromosome 7 (F(ST) = 0.144, log(2)pi-ratio = 0.806). KEGG pathway enrichment analysis revealed that GWAS-associated genes were involved in glycosylation and immune responses, whereas selection-signature genes were enriched in DNA repair and the Hippo, Notch, and Wnt pathways. Furthermore, cross-species PheWAS revealed that human FMN1 is associated with dermatological, skeletal, and metabolic phenotypes, while porcine FMN1 is associated with backfat thickness and loin muscle depth. Overall, this study provides molecular markers of potential value for goat breeding and pinpoints key candidate genes for future functional validation of wattle development."
"pubmed","42706795","10.24272/j.issn.2095-8137.2025.447","A horizontally acquired gene mediates insect cocoon pigmentation in the eri silkmoth, Samia ricini.","Guo, Hui-Duo; Zhang, Zhong-Jie; Ling, Ming-Fa; Sun, Chen-Xin; Guo, Yu; Liu, Xiang-Biao; Zhu, Ke-Sen; Xiang, Hui; Qian, He-Ying; Tan, An-Jiang","Zoological research","2026-09-08","https://pubmed.ncbi.nlm.nih.gov/42706795/","Holometabolous insects make cocoons during larval-pupal metamorphosis to protect the pupal phase. The materials used for cocoon construction vary widely. Lepidopteran insects typically secrete silk to form cocoons, which display diverse colors. The eri silkworm, Samia cynthia ricini, is an economically important domesticated species that mostly produces white cocoons, with some varieties producing red cocoons. The enzyme kynureninase (KYNU), acquired from bacteria by horizontal gene transfer, has previously been implicated in insect coloration, while the tryptophan metabolite 3-hydroxyanthranilic acid (3-HAA) has been identified as a red pigment. However, exactly how KYNU is involved in cocoon pigmentation remains unclear. Here, we report that a horizontally transferred bacterial gene encoding KYNU regulates red cocoon formation. Metabolomic analysis revealed a high accumulation of 3-HAA in red cocoons, confirming its role as the primary pigment and associating the coloration with tryptophan metabolism. Quantitative real-time polymerase chain reaction (qPCR) analysis indicated that SrKYNU is highly expressed in the silk glands and significantly downregulated in the red cocoon strain compared to the white cocoon strain. Genomic sequencing identified a 141 bp deletion in the upstream regulatory region of KYNU in the red cocoon strain compared to the white cocoon strain. Dual-luciferase assays confirmed that this deletion significantly reduced promoter activity. CRISPR/Cas9 knockout of SrKYNU in the white-cocoon strain resulted in mutants producing red cocoons with elevated 3-HAA content. These findings reveal that the horizontally transferred gene SrKYNU exhibits tissue-specific expression and regulates cocoon coloration in S. ricini, illustrating that horizontal gene transfer can play an important role in regulating an insect physiological process."
"pubmed","42706789","10.24272/j.issn.2095-8137.2025.322","SET domain bifurcated histone lysine methyltransferase 1 regulates histone modification and DNA damage response during zygotic genome activation in pigs.","Song, Hyeon-Ji; Lee, Song-Hee; Zhan, Cheng-Lin; Lu, Qin-Yue; Lee, Gyu-Hyun; Sim, Jae-Min; Jo, Yu-Jin; Kim, Ji-Su; Cui, Xiang-Shun","Zoological research","2026-09-08","https://pubmed.ncbi.nlm.nih.gov/42706789/","SET domain bifurcated histone lysine methyltransferase 1 (SETDB1) is a key epigenetic regulator that catalyzes histone H3 lysine 9 trimethylation (H3K9me3), a mark essential for transcriptional repression and heterochromatin formation. Here, we investigated the role of SETDB1 during zygotic genome activation (ZGA) in porcine embryos. SETDB1 knockdown (KD) was induced by microinjecting double-stranded RNA (dsRNA), and its impact on early embryonic development was evaluated. SETDB1 KD decreased H3K9me3 levels, markedly increased H3K9ac, and downregulated ZGA-associated genes. These epigenetic alterations were accompanied by impaired cleavage, reduced blastocyst formation, and a lower total cell number. Upon etoposide-induced DNA double-strand breaks, SETDB1 KD embryos showed reduced expression of key DNA repair proteins, failed to efficiently restore DNA integrity, and exhibited increased apoptosis, indicating a compromised DNA damage response and repair process. SETDB1 KD also reduced HDAC3 expression, suggesting that SETDB1 may regulate HDAC3 to maintain histone acetylation balance. Consistently, HDAC3 inhibition increased H3K9ac, decreased H3K9me3, and reduced SETDB1 protein levels, supporting a reciprocal regulatory relationship. Together, these findings indicate that SETDB1 is important for porcine embryonic development by coordinating histone modifications and safeguarding genomic integrity during ZGA, and they suggest that the interplay between SETDB1 and HDAC3 constitutes a potentially important epigenetic axis for proper histone modification dynamics and developmental competence."
"pubmed","42706781","10.1111/jfd.70286","A Rapid RPA-CRISPR/Cas12a Approach for Detecting Mycobacterium marinum.","Yan, Guangda; Li, Hongxia; Xu, Liwen; Lin, Huajian; Deng, Yiqin; Guo, Zhixun; Ma, Hongling; Feng, Juan","Journal of fish diseases","2026-09-08","https://pubmed.ncbi.nlm.nih.gov/42706781/","Mycobacterium marinum is one of the most common atypical mycobacteria causing opportunistic infections in humans. It is considered to be one of the most important fish pathogens and is associated with a variety of diseases in freshwater and marine fish. In this study, a rapid detection method for M. marinum was established based on the Recombinase Polymerase Amplification (RPA) technology and the CRISPR/Cas12a trans-cut principle. By designing and screening RPA primers and crRNA, the RPA amplification system and CRISPR/Cas12a detection system were optimized, and an RPA-CRISPR/Cas12a detection system with high sensitivity and specificity was successfully constructed. The LOD(95) of this detection method was estimated to be 5.7 copies/muL (95% CI: 2.4-15.5 copies/muL). The RPA-CRISPR assay showed perfect agreement with qPCR, with 100% sensitivity (95% CI: 76.8%-100%) and 100% specificity (95% CI: 73.5%-100%). The RPA-CRISPR/Cas12a-M. marinum detection method established in this study has the advantages of simple operation and visualization of results. It provides an effective tool for rapid on-site detection of M. marinum and is expected to play an essential role in the monitoring and prevention of aquaculture diseases."
"pubmed","42706676","10.1002/iub.70130","MMP9 Knockout by CRISPR-Cas9 Reduces Bladder Cancer Malignancy But Does Not Synergize With BCG and Anti-PD-L1 in an Orthotopic Mouse Model.","Camargo, Juliana Alves de; Lee, Maria Carolina; Souza, Milena Monteiro de; Silva, Luana Pereira da; Boas, Giovanna Caetano Vilas; Silva, Karina Serafim da; Mioshi, Carolina Mie; Pimenta, Ruan Cesar Aparecido; Candido, Patricia; Silva, Iran Amorim da; Trarbach, Ericka Barbosa; Leite, Katia Ramos Moreira; Nahas, William Carlos; Reis, Sabrina Thalita Dos","IUBMB life","2026-09-08","https://pubmed.ncbi.nlm.nih.gov/42706676/","Bladder cancer (BC) is the 10th most common cancer worldwide, accounting for approximately 5% of new cases. Several factors contribute to tumor progression, including increased MMP9. Recently, CRISPR-Cas9 and immunotherapy have offered high specificity for treatments; therefore, we edited MMP9 using CRISPR-Cas9 methodology to inhibit metastatic mechanisms and evaluated potential synergy with BCG and anti-PD-L1 therapy. We performed CRISPR-Cas9 gene editing using an RNP complex in the MB49 murine BC cell line. Gene expression of MMPs, integrins, and BAX was analyzed, along with protein expression. Cells were divided into a Scramble control group and CRISPR-Cas9 for the MMP9 edited group (MMP9-/-). Female C57BL/6 mice received orthotopic BC cells (scramble and MMP9-/- groups) treated with BCG and anti-PD-L1. Statistical analyses were performed using t test or ANOVA. MMP9 gene and protein expression were reduced in the MMP9-/- group compared with the scramble group. No differences were observed in other MMPs. Decreased ITGB3, increased BAX gene expression, as well as reduced migration and adhesion to ECM were observed in the MMP9-/- group. Animals in the scramble group showed greater weight loss and lower survival than treated groups. Overall, MMP9 modulated key cellular mechanisms, but did not show synergistic effects with BCG and anti-PD-L1 in vivo."
"pubmed","42706580","10.1186/s13395-026-00439-0","Duchenne muscular dystrophy: from gene to gene-ius therapies.","Muchir, Antoine; Musaro, Antonio; Chamberlain, Jeffrey","Skeletal muscle","2026-09-08","https://pubmed.ncbi.nlm.nih.gov/42706580/","Duchenne muscular dystrophy (DMD) is a severe X-linked neuromuscular disorder caused by mutations in the dystrophin gene that result in the absence of functional dystrophin, leading to progressive muscle degeneration, loss of ambulation, respiratory failure, cardiomyopathy, and premature mortality. Despite advances in multidisciplinary supportive care, DMD remains an incurable disease associated with substantial physical, psychosocial, and economic burdens. The monogenic nature of DMD and its well-defined molecular pathogenesis have made it a prime target for the development of precision therapies aimed at restoring dystrophin expression or modifying disease progression. This review provides an overview of the genetic and molecular mechanisms underlying DMD, summarizes its clinical manifestations and natural history, and discusses current standards of care. It further examines recent advances in disease-modifying therapeutic strategies, including exon-skipping antisense oligonucleotides, nonsense mutation readthrough agents, adeno-associated virus (AAV)-mediated micro-dystrophin gene replacement, and emerging genome-editing technologies such as CRISPR/Cas9. The review also highlights the limitations of existing treatments, including mutation specificity, variable efficacy, immune-related challenges, and uncertainties regarding long-term durability and safety. Finally, it considers future directions in therapeutic development, emphasizing the need for combination approaches, improved delivery systems, and next-generation gene-editing platforms to achieve more effective and lasting clinical outcomes. Collectively, these advances represent a paradigm shift in DMD management and offer renewed hope for improving survival and quality of life for affected individuals."
"pubmed","42706534","10.1186/s12967-026-08714-w","Enhancer-mediated DDIT4 activation by SMYD2-dependent H3K4me1 promotes pazopanib resistance in clear cell renal cell carcinoma.","Sun, Yun; Wang, Mengyao; Song, Haoran; Wu, Yi; He, Yingxia; Ma, Fumin; Liang, Yuxuan; Zhang, Lishuo; Gong, Jianan; Ren, Minghua; Zhong, Zhaohua; Zhao, Wenran; Ding, Beichen","Journal of translational medicine","2026-09-08","https://pubmed.ncbi.nlm.nih.gov/42706534/","BACKGROUND: The progression and resistance to targeted therapy, including pazopanib, frequently lead to poor prognosis in clear cell renal cell carcinoma (ccRCC) patients. However, the underlying molecular mechanisms of these processes remain unclear. METHODS: In this study, we first performed RNA-seq to identify genes that were differentially expressed in both SMYD2-knockdown and pazopanib-resistant cells, indicating their potential role in SMYD2-mediated drug resistance. We analyzed TCGA-KIRC data and 150 patient samples to identify the relationship between SMYD2 and DDIT4 expression levels, as well as the prognostic significance of DDIT4. In vitro functional assays and murine models were applied to evaluate the effects of SMYD2 and DDIT4 on tumor growth and on pazopanib resistance. CUT&Tag and chromosome conformation capture (4 C) assays were applied to identify enhancers associated with SMYD2-mediated regulation of DDIT4, while the JASPAR database was utilized to predict transcription factors involved in the enhancer regulation. CRISPR-mediated enhancer deletion and ChIP-qPCR were subsequently performed to validate the regulatory roles of the identified enhancer and the transcription factor SPI1 in DDIT4 expression. RESULTS: Our study revealed that the expression level of DDIT4 is positively correlated with SMYD2. DDIT4 is highly expressed in renal cell carcinoma and is associated with poorer survival outcomes. Further research revealed that SMYD2 regulates H3K4me1 in a DDIT4 distal enhancer (chr10:72830412-72830891), promoting the recruitment of the transcription factor SPI1, thereby activating DDIT4 expression. We found that DDIT4 promotes the proliferation, metastasis, and pazopanib resistance of ccRCC, and DDIT4 knockdown enhances drug sensitivity in both in vitro and in vivo experiments. Furthermore, the SMYD2-DDIT4 axis activates the downstream STAT3 signaling pathway, thereby promoting tumor progression. In addition, DDIT4-related prognostic features showed potential associations with patient survival and predicted drug sensitivity in computational analyses. CONCLUSIONS: Our study identifies a previously unrecognized SMYD2-enhancer-DDIT4 regulatory axis, which promotes tumor progression and pazopanib resistance in ccRCC. These findings may provide potential therapeutic implications to overcome pazopanib resistance and improve treatment outcomes in ccRCC by targeting the SMYD2-enhancer-DDIT4 axis."
"pubmed","42706481","10.1007/s11626-026-01240-5","Site-specific gene integration by recombinase-mediated cassette exchange in anhydrobiotic Pv11 cells.","Hotta, Masahiko; Yoshida, Yuki; Kikawada, Takahiro","In vitro cellular & developmental biology. Animal","2026-09-08","https://pubmed.ncbi.nlm.nih.gov/42706481/","Pv11 cells, derived from Polypedilum vanderplanki, uniquely tolerate complete desiccation (anhydrobiosis). Although a CRISPR/Cas9-based precise integration method (CRIS-PITCh) has been developed for Pv11 cells, a CRISPR-free strategy that fixes both the genomic locus and transgene copy number has not yet been established. Here, we implement recombinase-mediated cassette exchange (RMCE) in Pv11 cells and generate master cell lines that retain anhydrobiosis following genetic engineering. We first evaluated the activity of multiple site-specific recombinases in Pv11 cells using a transient two-plasmid reporter assay. Flp, Cre, and Bxb1 recombinases all excised a test cassette and activated a green fluorescent protein (GFP) reporter, whereas phiC31 integrase mediated recombination at the DNA sequence level but did not induce reporter expression under our construct configuration. To enable genomic RMCE, we inserted an FRT/FRT3-landing pad (LP) into a previously identified genomic safe-harbor locus using CRIS-PITCh and isolated clonal master cell lines by single-cell sorting. Using the established master line, Flp-based RMCE achieved site-specific cassette exchange at the LP, producing HaloTag fluorescence and drug resistance upon successful exchange. In addition, the expected post-exchange sequence was confirmed by sequencing. We further established an all-in-one RMCE vector combining the Flp recombinase and donor cassette on a single plasmid. Together, these results demonstrate locus-defined, single-copy transgene integration in anhydrobiotic Pv11 cells via RMCE and provide a standardized, CRISPR-free workflow for routine genetic manipulation in this unique cell line. This workflow facilitates both fundamental research and applied biotechnological applications using desiccation-tolerant cells."
"pubmed","42706427","10.1038/s41477-026-02385-7","Cell-based CRISPRa screen identifies a papillae-specific receptor kinase mediating broad-spectrum fungal resistance in rice.","Wang, Feng-Zhu; Bao, Ying; Qiu, Jiehua; Chen, Mo-Xian; Jiang, He; Li, Zhenxiang; Xiong, Xiangyu; Jiang, Xianya; Kou, Yanjun; Li, Jian-Feng","Nature plants","2026-09-08","https://pubmed.ncbi.nlm.nih.gov/42706427/","Gain-of-function screens enable the discovery of gene functions and candidate targets for molecular breeding. Here we developed a protoplast-based dCas9-TV-mediated CRISPR activation screen in rice and identified OsTV1, an epidermal papillae-specific receptor kinase, as a positive regulator of fungal resistance. OsTV1 overexpression enhanced silicon deposition, leaf rigidity and basal defence gene expression, conferring broad-spectrum fungal resistance without compromising growth. This study establishes a high-throughput gain-of-function screen adaptable for investigating diverse cellular processes in plants and provides insights into the roles of silicon in rice defence."
"pubmed","42706407","10.1038/s41576-026-01002-9","Programmable enzymes for targeted gene insertion.","Lampe, George D; King, Rebeca T; Sternberg, Samuel H","Nature reviews. Genetics","2026-09-08","https://pubmed.ncbi.nlm.nih.gov/42706407/","Genome editing technologies have advanced from nuclease-based reagents that generate programmed DNA double-strand breaks, which can cause deleterious effects, to next-generation reagents that perform controlled DNA modification through double-strand break-independent mechanisms, such as base editing and prime editing. Although these approaches enable precise small-scale sequence changes, methods for programmable insertion of large DNA cargos have been limited. The ability to write entire genes or large regions into the genome could transform the treatment of genetically heterogeneous disorders, for which numerous pathogenic variants underlie a common disease and mutation-specific editing strategies are impractical. Recent advances in computational genome mining have accelerated the discovery of naturally occurring enzymes with novel biochemical and functional properties, including recombinases and transposases capable of large-scale modifications. Moreover, directed evolution, rational engineering and expanded homologue discovery are enabling the repurposing and optimization of these systems for genome engineering. Here we review recent technology development efforts that harness diverse enzymes for kilobase-scale genome engineering, with a particular focus on CRISPR-associated transposase systems."
"pubmed","42706248","10.1038/s41419-026-09192-0","The skin-specific long non-coding RNA TEDAR orchestrates late epidermal differentiation via an ERK-KLF4 cytoplasmic regulatory axis.","Das Mahapatra, Kunal; Arslan, Ozge; Luo, Longlong; Kelemen, Evelyn; Kalarikkal, Sreeram Peringattu; Pasquali, Lorenzo; Ziegler, Christian; Graf, Johannes; Hemmer, Nicole; Sugars, Rachael; Kretz, Markus; Sonkoly, Eniko; Pivarcsi, Andor","Cell death & disease","2026-09-08","https://pubmed.ncbi.nlm.nih.gov/42706248/","The formation of a functional skin barrier depends on terminal keratinocyte differentiation, yet the contribution of long non-coding RNAs to this process remains incompletely understood. Here, using transcriptome analysis of more than 15,000 RNA-seq samples across 54 human tissues, we identify TEDAR (Terminal Epidermal Differentiation-Associated RNA), a highly skin-enriched lncRNA. Single-molecule RNA in situ hybridization revealed that TEDAR is confined to the uppermost granular layer of the epidermis, representing an exceptionally spatially restricted expression pattern. Functional studies demonstrated that CRISPR-mediated activation of TEDAR promotes keratinocyte differentiation even in the absence of external cues, while its depletion impaired late epidermal differentiation. In three-dimensional skin equivalents, TEDAR depletion severely compromises stratum corneum formation, highlighting its importance for proper epidermal barrier assembly. Mechanistically, TEDAR associates with ERK1/2-containing complexes and restrains ERK phosphorylation, thereby facilitating the nuclear accumulation of KLF4, a key regulator of epidermal differentiation. KLF4 depletion attenuated TEDAR-induced expression of several late differentiation genes, supporting a functional TEDAR-ERK-KLF4 axis. Clinically, TEDAR expression was reduced in cutaneous squamous cell carcinoma (cSCC) and chronic inflammatory skin diseases, including psoriasis and atopic dermatitis. Moreover, IL-22 suppressed TEDAR via STAT3 signalling in epidermal models. These findings identify TEDAR as an important regulator of terminal epidermal differentiation and suggest that its suppression may contribute to disturbed differentiation in inflammatory and neoplastic skin diseases."
"pubmed","42706241","10.1038/s41467-026-76046-w","Nuclear localization of the glutaminyl-tRNA synthetase QARS reveals its role in DNA damage response in ovarian cancer.","Serafini, Martina; Di Fazio, Francesca; Kieffer, Yann; Djerroudi, Lounes; Dec, Leonie; Richard, Michael; Aubert, Yann; Marchesoni-Acland, Franco; Diaz-Munoz, Manuel D; Vincent-Salomon, Anne; Vagner, Stephan; Loew, Damarys; Ceccaldi, Raphael; Mechta-Grigoriou, Fatima; Mieulet, Virginie","Nature communications","2026-09-08","https://pubmed.ncbi.nlm.nih.gov/42706241/","Uncovering novel mechanisms controlling DNA damage response (DDR) is essential to better understand the molecular features of high-grade serous ovarian cancers (HGSOC), which remain a clinical challenge. Here, we demonstrate that the glutaminyl-tRNA-synthetase QARS is a key player in DDR. We show that QARS is regulated at translational level by the MAPK pathway in HGSOC and controls homologous recombination (HR) through a translation-independent mechanism. Analyses combining RNA sequencing, immunohistochemistry, proteomic data and functional assays from HGSOC patient cohorts and relevant cellular models reveal that QARS promotes DNA repair via the HR pathway. Interestingly, we uncover that QARS is located in the nucleus and is enriched at chromatin upon DNA damage. Nuclear QARS controls HR by interacting with the nuclear autoantigen SP100, a major component of PML-nuclear bodies (PML-NB), that are regulatory hubs for DNA repair proteins. Our data highlight nuclear functions and mechanisms for QARS involving SP100, PML-NB and MRE11 that enhance HR in HGSOC."
"pubmed","42706237","10.1038/s41413-026-00581-x","Single-cell multi-omics defines H3K27me3 remodelling in intervertebral disc degeneration with implications for regenerative intervention.","Poramba-Liyanage, Deepani W; Tong, Xiaole; Riemers, Frank M; Meij, Bjorn P; Dilek, Yeter; Cleypool, Cindy G J; Kamali, S Amir; Le Maitre, Christine L; Camus, Anne; Chan, Danny; van Oudenaarden, Alexander; Zeller, Peter; Tryfonidou, Marianna A","Bone research","2026-09-08","https://pubmed.ncbi.nlm.nih.gov/42706237/","Utilizing key developmental cues and refining their orchestrating role in degeneration represents a promising strategy for understanding and treating intervertebral disc (IVD) degeneration, a major cause of chronic lower back pain. Here, we focus on notochordal cells (NCs), which originate from the embryonic notochord and reside in the developing nucleus pulposus. These distinctly vacuolated cells exhibit robust regenerative effects and hold promise for new therapeutic approaches. Dogs, like humans, suffer from the consequences of IVD degeneration. As the IVD matures and degenerates, NCs are replaced by smaller non-vacuolated NP cells (NPCs). The dog was employed as a model to capture, at the single-cell level, the heterogeneity of resident cells by studying the nucleus pulposus tissue at three stages (i.e., juvenile, young adult and degenerate adult). Here, we integrated transcriptomic data with repressive histone H3 lysine 27 trimethylation (H3K27me3) profiles at the single-cell level to assess changes in chromatin states and gene expression across this IVD degeneration-associated cell phenotypic transition. H3K27me3 enrichment on key genes involved in IVD development and homeostasis, such as Brachyury (TBXT), aligns with the observed attenuation during ageing and degeneration seen in both dog and human IVDs. This study further demonstrates that eliminating repressive histone marks, together with CRISPR-mediated gene transactivation, enhances TBXT gene expression in human NPCs derived from degenerated aged discs. Our findings underscore how extensive insights gained through single-cell omics can lead to the identification of crucial cellular cues that may enable degenerate NPCs to regain a healthier phenotype."
"pubmed","42706228","10.1038/s41467-026-76443-1","Oxidative stress triggers RNAPII arrest through PARylation and DNA damage.","Thomas, Quentin A; Wu, Liyang; Lesage, Emma; Iversen, Henriette K M; Lopez Martinez, David; Kompocholi, Smaragda; Liu, Haiyue; Nieto Moreno, Nicolas; Gregersen, Lea H","Nature communications","2026-09-08","https://pubmed.ncbi.nlm.nih.gov/42706228/","UV or gamma irradiation, as well as certain chemicals, generate DNA damage that disrupts transcription through a variety of well-characterised mechanisms. In contrast, the transcriptional response to oxidative stress remains poorly understood. Here, we describe a rapid and widespread shutdown of transcription following oxidative DNA base damage. By monitoring RNAPII occupancy and elongation dynamics, we demonstrate that oxidative stress temporarily halts RNAPII pause release and arrests the progression of elongation complexes within the gene body. We present evidence that this occurs in a unique and transient manner, characterised by abrupt arrest of elongating RNAPII dead in its tracks, followed by rapid transcriptional recovery as DNA lesions are repaired. We find that the restriction of initiation and early elongation complexes is regulated by PARylation, whereas recovery of RNAPII arrested within the gene body requires DNA repair mediated by the base excision repair (BER) and single-strand break repair (SSBR) pathways."
"pubmed","42706214","10.1093/cvr/cvag199","Sirtuin 1 modulation unlocks the therapeutic potential of sodium-glucose co-transporter 2 inhibitors (SGLT2i) in calcific aortic valve stenosis.","Valerio, Vincenza; Massaiu, Ilaria; Franchi, Matteo; Rimbert, Antoine; Begue-Racape, Zoe; Chiesa, Mattia; Myasoedova, Veronika A; Rusconi, Valentina; Bertolini, Francesca; De Giorgi, Donato; Bonomi, Alice; Pirola, Sergio; Zanobini, Marco; Di Pietro, Paola; Carrizzo, Albino; Ciccarelli, Michele; Capoulade, Romain; Genovese, Stefano; Poggio, Paolo","Cardiovascular research","2026-09-07","https://pubmed.ncbi.nlm.nih.gov/42706214/","BACKGROUND: Calcific aortic valve stenosis (AS) affects 3% of older adults and lacks medical treatment. The deacetylase Sirtuin 1 (SIRT1) could be involved in many pathways linked to AS progression. Sodium-glucose co-transporter 2 inhibitors (SGLT2i), glucose-lowering agents, have been shown to reduce cardiovascular events (likely via SIRT1), but their possible benefits in AS are unknown. Our study aims to uncover the role of SIRT1 in AS progression and assess the benefit of SGLT2i to slow down the aortic valve fibro-calcification processes. METHODS: RNA-seq data of human aortic valve specimens were collected from the ARChS4 database. SIRT1 knockdown (SIRT1 KD) and overexpressing (SIRT1 Over) valve interstitial cells (VIC) were generated by CRISPR/Cas9. Real-time PCR, immunofluorescence, and calcification assays were used to characterise mutant VICs. Conditioned medium experiments were implemented to evaluate SGLT2i effect on cellular cross-talk and calcification. Diabetic patients' data from the Lombardy regional healthcare database, treated with sulphonylureas (SU; no effect on SIRT1) and SGLT2i (acting on SIRT1), were selected and matched 1:1 by age, sex, and multisource comorbidity score. Cumulative incidence of hospitalisation for non-rheumatic aortic valve disease was assessed by Kaplan-Meier and Fine and Gray models were used to estimate subdistribution hazard ratios. RESULTS: RNA-seq showed that SIRT1 could be an upstream regulator of multiple AS-related pathways. Functional studies on mutant VICs revealed that SIRT1 directly regulates antioxidant processes, extracellular-matrix remodelling, and calcification by modulating key transcription factors. Moreover, calcification assays further support this role, revealing an increased calcification in SIRT1 KD VICs and a concomitant decrease in VIC SIRT1 Over when compared to wild type. Then, exploring SGLT2i impact on calcification, we showed that VICs cultured in SGLT2i-treated-endothelial medium exhibited reduced calcification associated with endothelial-increased nitric oxide levels, while SIRT1 inhibition enhanced VIC calcification. The real-world data analysis revealed that SGLT2i-treated group had a lower incidence of hospitalised patients for non-rheumatic aortic valve disease compared to SU-treated group. CONCLUSIONS: Our data identify SIRT1 as an upstream regulator of fibro-calcific processes in AS and suggest that SGLT2i may slow the aortic valve degeneration through SIRT1 modulation. These findings support SGLT2i as a potential therapeutic strategy for AS prevention and care."
"pubmed","42706176","10.3760/cma.j.cn121090-20260122-00046","[Exploring the feasibility and limitations of using large language model to interpret bibliometric findings: a case study in hemophilia gene therapy].","Bai, Y; Bo, H W; Xue, F; Wang, Y; Zhang, J; Song, Z","Zhonghua xue ye xue za zhi = Zhonghua xueyexue zazhi","2026-09-07","https://pubmed.ncbi.nlm.nih.gov/42706176/","Objective: To evaluate the feasibility and limitations of using a large language model to assist in the interpretation of bibliometric findings. Methods: This study retrieved 1599 English-language articles on hemophilia gene therapy published between 1970 and 2024 from the Web of Science Core Collection, comprising 1019 articles from the United States, 174 from China, and 172 from the United Kingdom. VOSviewer was used for keyword co-occurrence and clustering analyses of the global and country-specific datasets, whereas CiteSpace was used for keyword co-occurrence, clustering, and burst-detection analyses of the global dataset. Structured data exported from the two tools were interpreted with DeepSeek-R1-0528 to summarize research hotspots and their temporal evolution. Two domain experts independently interpreted the global data and reviewed the country-specific interpretations generated using DeepSeek. Additional literature searches on CRISPR/Cas9, stem-cell-based approaches, and in utero gene therapy were conducted to cross-validate the national research characteristics inferred by the model. Results: DeepSeek summarized global hemophilia gene therapy research into four major themes: the design and in vivo expression regulation of gene therapy vectors; Adeno-associated virus vector delivery strategies and breakthroughs in immunogenicity; the clinical translation and real-world application of gene therapy; the mechanisms of immune tolerance induction and inhibitor formation. Based on seven major CiteSpace clusters and the temporal and burst information of the keywords, DeepSeek further outlined four stages of development: early exploration of vectors and animal models, optimization of delivery and therapeutic strategies, clinical validation, and increasing attention to clinical application and patient benefits. The core research themes and overall developmental trajectory for the global dataset identified using DeepSeek were broadly consistent with expert interpretations, and the model rapidly generated well-structured summaries. However, expert calibration remained necessary for professional terminology, stage delineation, and historical milestone recognition. In country-specific datasets, DeepSeek demonstrated risks of conceptual conflation, overgeneralization of emerging research directions, and inappropriate cross-country comparisons according to within-country keyword frequencies or cluster strengths. Additional searches revealed that the relative prominence or absence of a keyword within a national dataset could not be directly interpreted as international leadership or a lack of research activity. Conclusions: Large language models can assist in interpreting global bibliometric findings and improve the efficiency of identifying research hotspots and outlining developmental trajectories; however, they cannot replace domain experts. Interpretations of emerging research directions and cross-country differences require expert review and calibration using globally comparable data obtained under a unified search strategy."
"pubmed","42705697","10.1136/gutjnl-2025-337414","S1P-TREM2 axis protects immunosuppressive neutrophils from ferroptosis to promote tumour progression in hepatocellular carcinoma.","Ma, Jun; Wu, Tong; Chen, Diyu; Zhu, Can; Huang, Shanhe; Du, Keyi; Peng, Chuanhui; Chen, Junru; Chen, Yunhao; Xie, Haiyang; Zhang, Feng; Chen, Jianzhong; Zheng, Shusen; Wu, Jian","Gut","2026-09-07","https://pubmed.ncbi.nlm.nih.gov/42705697/","BACKGROUND: Neutrophils are increasingly recognised as immunosuppressive drivers of hepatocellular carcinoma (HCC), yet their persistence in the oxidative, lipid-rich tumour microenvironment remains poorly understood. OBJECTIVE: To elucidate the metabolic and molecular programmes that enable tumour-associated neutrophils (TANs) to resist ferroptosis and sustain immunosuppression in HCC. DESIGN: We employed human HCC samples, multiple murine HCC models, transcriptomic and lipidomic profiling, genetic loss-of-function systems and therapeutic interventions. Ferroptosis sensitivity, lipid metabolic rewiring and immunological consequences of TANs were systematically evaluated across models and validated in patient datasets and biospecimens. RESULTS: TANs in human HCC and mouse models exhibit pronounced lipid accumulation and oxidative stress compared with peripheral neutrophils. Multi-omic profiling revealed that TANs are enriched for lipid-binding gene programmes and undergo rewiring towards sphingolipid and unsaturated fatty acid metabolism. We identified triggering receptor expressed on myeloid cells 2 (TREM2) as a key lipid-sensing receptor selectively expressed in TANs. Functional deletion of TREM2 reprogrammed the tumour immune microenvironment, restoring CD8(+) T cell activity and suppressing HCC progression. Mechanistically, tumour-derived sphingosine-1-phosphate (S1P) activates TREM2, triggering nuclear factor erythroid 2-related factor 2 (NRF2)-mediated transcription of glutathione peroxidase 4 (GPX4) and solute carrier family 7 member 11 (SLC7A11), thereby promoting ferroptosis resistance. TREM2 expression is transcriptionally induced by granulocyte-macrophage colony-stimulating factor-signal transducer and activator of transcription 3 (GM-CSF-STAT3) signalling. Genetic deletion of TREM2, clustered regularly interspaced short palindromic repeats/CRISPR-associated protein 9 (CRISPR/Cas9)-mediated knockout of sphingosine kinase 1/2 (SPHK1/2) in tumour cells, or pharmacological inhibition of S1P synthesis disrupts this protective lipid-immune circuit, sensitises TANs to ferroptosis and restricts tumour growth. Therapeutically, a peptide-based TREM2 inhibitor reprogrammes TANs, restores CD8(+) T cell function and enhances anti-programmed cell death protein 1 (PD-1) immunotherapy efficacy. Clinically, TREM2(+) polymorphonuclear myeloid-derived suppressor cells (PMN-MDSCs) are enriched in HCC tumours, correlate with SPHK1/2 expression and T cell dysfunction and associate with poor patient prognosis. CONCLUSION: Our study uncovers the S1P-TREM2-NRF2 axis as a critical metabolic-immune circuit that preserves neutrophil survival and immunosuppressive function in HCC. Targeting this lipid-dependent ferroptosis resistance pathway offers a promising therapeutic strategy to overcome immunotherapy resistance in liver cancer."
"pubmed","42705625","10.1111/ppl.71095","Carotenoids in Stress Tolerance: Current Understanding and Future Prospects.","Sharma, Shriya; Subramanyam, Rajagopal","Physiologia plantarum","2026-09-07","https://pubmed.ncbi.nlm.nih.gov/42705625/","Carotenoids are ubiquitous isoprenoid metabolites whose biological significance extends far beyond their classical roles as antioxidants and light-harvesting pigments. Across the tree of life, these molecules exhibit remarkable structural and functional diversity, enabling organisms to fine-tune photoprotection, redox homeostasis, membrane organization, and stress-responsive signaling. In this review, we provide a conceptual synthesis of carotenoid diversity and function across organisms, with emphasis on how carotenoid composition and accumulation are dynamically regulated under environmental and biotic stresses. We highlight stress-induced carotenoid plasticity, manifested as selective accumulation, rerouting of pathways, and the production of signaling apocarotenoids as a central adaptive strategy across photosynthetic organisms. Finally, we discuss emerging evidence and competing hypotheses regarding the mechanistic diversity of non-photochemical quenching and the evolving yet debated role of carotenoids in energy-dependent quenching. Together, this review emphasizes carotenoids as dynamic metabolic regulators that integrate many facets of photosynthetic performance, stress responses and signaling."
"pubmed","42705098","10.1016/j.compbiolchem.2026.109328","CRISPGen: A deep generative framework for multi-objective CRISPR/Cas9 guide RNA design via Conditional Latent Diffusion and Dual-Critic Reinforcement Learning.","Malekpouri, Mohammad; Lotfi, Somayeh","Computational biology and chemistry","2026-09-07","https://pubmed.ncbi.nlm.nih.gov/42705098/","MOTIVATION: The CRISPR-Cas9 system offers transformative potential for precision genome editing, yet its clinical translation remains constrained by the risk of unintended off-target double-strand breaks. While current discriminative models excel at evaluating pre-specified candidate guides, resolving the fundamental antagonism between on-target cleavage efficiency and off-target specificity within a fixed sequence search space remains a major challenge. RESULTS: We present CRISPGen, a unified deep generative framework that reframes sgRNA design as a multi-objective constrained sequence synthesis problem. It integrates (i) DNABERT-2 genomic-language embeddings, (ii) a conditional latent diffusion generator conditioned on a user-specified on-target efficiency target, and (iii) a dual-critic reinforcement-learning (RL) stage that couples a frozen on-target efficiency critic with a cross-attention off-target discriminator (validation Pearson R=0.8157) trained on a unified corpus of experimental off-target events from six detection platforms. Across 1000 generated sgRNAs, CRISPGen reduces the mean off-target discriminator score by 99.7% relative to the pre-RL baseline and, under an exhaustive whole-genome screen of all 302,631,056 NGG PAM sites in GRCh38, yields zero perfect-match and only 55 one-mismatch genomic hits. We further show, transparently, that the internal on-target critic saturates under RL optimization - an instance of Goodhart's Law - and therefore assess on-target viability using an independent external CRISPRon screen (mean 47.10/100). Repeating the RL fine-tuning stage under three random seeds (with the diffusion generator, DNABERT-2 embeddings, and off-target discriminator held fixed) yields a stable operating point across seeds. Full diversity, per-mismatch, and reproducibility statistics are reported in the Results. AVAILABILITY: Source code is available at https://github.com/malekpouri/CRISPGen; the pre-trained checkpoints and the 3,000,000-sequence library are hosted on Hugging Face (https://huggingface.co/malekpouri/CRISPGen-Checkpoints) and archived on Zenodo under DOI 10.5281/zenodo.21428641."
"pubmed","42705047","10.1016/j.ctarc.2026.101426","Diosgenin enhances 5-fluorouracil sensitivity in drug-resistant colorectal cancer cells via inhibition of ATR/Chk1-mediated DNA damage response.","Azizzadeh, Bita; Mihanfar, Ainaz; Majidinia, Maryam","Cancer treatment and research communications","2026-09-07","https://pubmed.ncbi.nlm.nih.gov/42705047/","BACKGROUND AND OBJECTIVE: Drug resistance to 5-fluorouracil (5-FU) is one of the major challenges in the treatment of colorectal cancer, which is largely associated with the activation of DNA damage response (DDR) pathways, especially the ATR-CHK1 axis, and increased activity of drug efflux pumps. The aim of this study was to investigate the effect of diosgenin, a natural anticancer compound, alone and in combination with an ATR inhibitor (VE-822), on sensitizing 5-FU-resistant colorectal cancer cells and to elucidate the molecular mechanisms involved in this process. METHODS: In this in vitro study, human colorectal cancer cell line Caco-2 and a 5-FU-resistant line (Caco-2/5-FU) were used. Cell viability and proliferation were assessed by MTT and trypan blue assays, and the ability of long-term cell proliferation was examined by colony formation assay. The expression of genes associated with drug resistance (MDR1/P-gp, ABCG2, ABCC1, YB-1), DNA damage response pathway (ATR, CHK1, H2AX) and apoptosis (Bax, Bcl-2, Caspase-3, PARP-1) was measured by qRT-PCR. The level of DNA damage was assessed by examining the gamma-H2AX protein with Western blot. The function of the P-gp pump was measured by the rhodamine 123 accumulation assay and the level of apoptosis was measured by the DNA fragment detection ELISA kit. The cells were treated with diosgenin, VE-822, 5-FU and their double and triple combinations. RESULTS: The results showed that the IC50 of 5-FU in resistant Caco-2/5-FU cells was significantly higher than in sensitive cells, indicating the development of a drug resistance phenotype. Diosgenin alone was able to significantly reduce the viability of both sensitive and resistant cells, although resistant cells showed a lower response. Inhibition of ATR with VE-822 significantly reduced cell viability, and the combination of diosgenin with VE-822 in the presence of 5-FU produced a stronger combined effect and significantly reduced the IC50. Trypan blue and colony formation assays showed a severe reduction in cell survival and long-term proliferation in the combination treatment. Molecularly, the combination treatment significantly inhibited the expression and function of P-gp and reduced the expression of MDR1, ABCG2, ABCC1 and YB-1 genes. The expression of ATR and CHK1, as well as gamma-H2AX protein expression levels was also significantly reduced. The Bax/Bcl-2 ratio was increased, and the expression of Caspase-3 and PARP-1 was significantly increased. ELISA results also confirmed a significant increase in apoptosis, especially in the triple treatment of diosgenin+VE-822+5-FU. CONCLUSION: The findings of this study suggest that diosgenin may contribute to reducing 5-FU resistance by affecting ATR/CHK1-associated DNA damage response mechanisms, weakening DNA repair mechanisms, and suppressing drug efflux pumps. The combination of diosgenin with an ATR inhibitor may have a strong combined effect in inducing DNA damage, inhibiting drug resistance, and promoting apoptosis-associated molecular changes. This combination approach may represent a potential chemosensitizing approach for further investigation in colorectal cancer; however, additional validation in diverse models and in vivo studies is required."
"pubmed","42704980","10.1016/j.phrs.2026.108438","A closed-loop paradigm for precision oncology: Integrating dynamic monitoring, organoid models, and explainable AI.","Liu, Yanan; Wang, Yaping; Huang, Xiaoxia; Li, Yang; Zhu, Aibei; Wang, Mengyuan; Yao, Hangping; Liang, Li-Guo","Pharmacological research","2026-09-07","https://pubmed.ncbi.nlm.nih.gov/42704980/","BACKGROUND: Precision oncology faces three systemic bottlenecks: static molecular snapshots fail to capture tumor dynamics, patient‑derived organoids lack physiological reconstruction of the tumor microenvironment (TME), and artificial intelligence (AI) remains a ""black box"" in clinical decision‑making. This review aims to propose an integrated closed‑loop framework that addresses these challenges by combining dynamic multi‑omics monitoring, next‑generation bioengineered models, and explainable AI. MAIN BODY: This review synthesizes recent advances in microfluidics, organoid technology, CRISPR screening, and multimodal data integration and, more importantly, proposes a closed-loop framework that distinguishes itself from existing approaches by explicitly linking dynamic monitoring, functional organoid testing, and explainable AI into an iterative decision cycle. Liquid biopsy enables longitudinal tracking of tumor evolution, while vascularized organoids and organ‑on‑chip systems reconstruct key TME features such as oxygen gradients, shear stress, and immune‑stromal interactions. These models serve as ""therapeutic sandboxes"" for functional drug testing and resistance mechanism elucidation. Concurrently, explainable AI (XAI) techniques-including feature perturbation, knowledge graph embedding, and dynamic Bayesian networks-provide interpretable predictions of treatment response. We outline a closed‑loop paradigm where dynamic monitoring data inform organoid‑based assays, XAI translates experimental evidence into clinical decisions, and real‑world outcomes continuously refine the models. Technical challenges such as multi‑scale data integration, vascularization fidelity, and AI transparency are discussed, along with emerging solutions including federated learning, 3D bioprinting, and standardized quality control pathways. CONCLUSIONS: Integrating dynamic monitoring, physiologically relevant organoid models, and explainable AI establishes a convergent precision oncology ecosystem that shifts the field from static biopsy‑based decisions toward adaptive, closed‑loop personalized therapy. This paradigm holds promise for overcoming tumor heterogeneity, predicting drug resistance, and improving clinical outcomes, while also providing a roadmap for future translational research and regulatory harmonization."
"pubmed","42704951","10.1016/j.vetmic.2026.111209","Phage therapy for mastitis in dairy cows: Multipathogen targeting strategies, clinical translation challenges, and future directions.","Bian, Yingjie; Lou, Jianye; Zhang, Haoyi; Xu, Huiling; Zhang, Lukun; Liu, Yongxia","Veterinary microbiology","2026-09-07","https://pubmed.ncbi.nlm.nih.gov/42704951/","Bovine mastitis is one of the most economically burdensome diseases in the global livestock industry. With the growing threat of antimicrobial resistance and the implementation of policies aimed at reducing or prohibiting antibiotic use, the development of novel antimicrobial strategies is urgently needed. Phage therapy, as a biological approach capable of precisely lysing pathogenic bacteria, holds promise as an alternative to antibiotics. This review systematically examines the scientific foundations of phage therapy, covering the phage life cycle, host recognition mechanisms, and the ability to degrade biofilms via depolymerases. It highlights the development strategies of phage cocktails, phage-based combination therapies, and preliminary evidence from preclinical models (e.g., mice) and limited bovine trials demonstrating the potential of phages in reducing bacterial load and alleviating inflammation. Key challenges are also discussed, including insufficient understanding of phage-host interactions within the complex mammary microenvironment, bottlenecks in phage preparation and formulation, the emergence of bacterial resistance, and the absence of a regulatory framework. Finally, this review outlines future research directions, emphasizing the potential of interdisciplinary strategies that integrate artificial intelligence-driven phage screening and rational design, nanomaterials, CRISPR-based gene editing, and novel delivery systems. By systematically summarizing concrete case studies and lessons learned from the clinical translation of phage therapy for bovine mastitis, with a particular focus on formulation engineering and delivery strategies applicable to livestock settings, this review provides a practical roadmap for advancing phage therapy from the laboratory to the farm."
"pubmed","42704709","10.1530/ERC-26-0026","Dickkopf-1 (DKK1) controls papillary and follicular thyroid cancer growth.","Fiorentino, Gloria; Latiano, Beatrice; Rinella, Letizia; Grange, Cristina; Cedrino, Massimo; Bosco, Ornella; Pighi, Chiara; Perin, Laura; Arvat, Emanuela; Catalano, Maria Graziella","Endocrine-related cancer","2026-09-07","https://pubmed.ncbi.nlm.nih.gov/42704709/","Thyroid cancer, the most frequent endocrine tumor, has a good prognosis. However, the survival rate of patients with recurrent or metastatic forms that become resistant to conventional treatments, drops to less than 20% at 10 years, with a mean life expectancy of 3-5 years. The molecular mechanisms that drive the advancement of these forms are still largely unknown, and, therefore, the identification of disease progression biomarkers is of great clinical relevance. Dickkopf-1 (DKK1) is a regulator of the Wnt signaling cascade that controls several biological processes including cell proliferation, differentiation and migration. DKK1 has been associated with progression and poor prognosis in different types of tumors; however, its role in thyroid cancer is still not well defined, and a better characterization is needed. The present study investigated the role of DKK1 in the growth of papillary and follicular thyroid cancers, in in vitro and in vivo models. In vitro, DKK1 silencing, through siRNA, and deletion, via CRISPR/Cas9 editing, were performed in different papillary and follicular thyroid cancer cell lines. Both silencing and deletion reduced cell growth and migration, with the involvement of beta-catenin-dependent Wnt and PI3K/mTOR pathways. In vivo xenograft tumor models, DKK1 deletion reduced tumor growth. In conclusion, our findings support the key role of DKK1 in the growth of differentiated thyroid cancers both in vitro and in vivo."
"pubmed","42704632","10.1093/mtomcs/mfag027","Specificity and Regulatory Mechanism of Metal Ions in Cas12a Enzymatic Cleavage Activity.","Guo, Yizhen; Tan, Xiangshi","Metallomics : integrated biometal science","2026-09-07","https://pubmed.ncbi.nlm.nih.gov/42704632/","Metal ions play key roles in both physiological and pathological processes. The activity of nearly all nucleases depends on metal ions as cofactors. CRISPR-Cas system is widely used in gene editing and nucleic acid detection, and its ongoing development and frontier research have attracted significant attention. This study aims to explore and elucidate the effects of various metal ions on Cas12a-catalysed cleavage reactions including their specificity and regulatory mechanisms. Here, we found that certain metal ions significantly affected both the cleavage activity and the reaction specificity of Cas12a. Metal ions mediate enzyme-substrate binding by increasing the affinity between Cas12a and single-stranded DNA (ssDNA). In particular, unlike other metal ions, Mn2+ can achieve cleavage of ssDNA by only activating the catalytic domain without requiring the entire Cas12a. Structural alignment and site-directed mutagenesis of the active site revealed the structural basis of Cas12a catalysis and elucidated how metal ions influence its catalytic reaction in terms of specificity and regulatory mechanism. These results provide a theoretical foundation and offer innovative perspectives for the application of Cas12a-based enzyme technology."
"pubmed","42704489","10.1007/s10142-026-02040-6","NFS1 activates PI3K/AKT/mTOR signaling to upregulate GPX4 expression and enhance ferroptosis resistance in osteosarcoma.","Man, Yu-Nan; Li, Jing-Tang; Zhang, Tao; Xu, Ying-Peng; Liu, Ya-Yun","Functional & integrative genomics","2026-09-07","https://pubmed.ncbi.nlm.nih.gov/42704489/","Osteosarcoma continues to exhibit poor survival outcomes due to chemoresistance and metastasis, with metabolic reprogramming and ferroptosis resistance being key features of tumor heterogeneity, yet their upstream regulators remain poorly defined. NFS1, a cysteine desulfurase essential for iron-sulfur cluster biogenesis, protects multiple cancers from ferroptosis, but its role in osteosarcoma is unknown. In this study, we performed a transcriptomic meta-analysis and found that NFS1 expression was significantly upregulated in osteosarcoma tissues, with further elevation in metastatic lesions, and high NFS1 expression correlated with poor overall survival. Genome‑wide CRISPR screening data revealed a marked NFS1 dependency in osteosarcoma cell lines. Functionally, NFS1 promoted cell proliferation, migration, and invasion, whereas its knockdown suppressed these phenotypes. Using single‑cell RNA sequencing data from 27 osteosarcoma specimens, we applied a multi‑algorithm glycolytic scoring framework and observed NFS1 enrichment in highly glycolytic malignant cells, along with an association with PI3K/AKT/mTOR pathway activation. Mechanistically, NFS1 selectively enhanced PI3K, AKT, and mTOR phosphorylation without altering total protein levels, and upregulated GPX4, a central ferroptosis suppressor, leading to elevated ferroptosis resistance scores in NFS1‑high malignant cells. Collectively, these findings identify a previously unrecognized NFS1-PI3K/AKT/mTOR-GPX4 regulatory axis in osteosarcoma, linking metabolic reprogramming to ferroptosis resistance, and suggest that NFS1 functions as an oncogenic driver, as well as a promising prognostic biomarker and therapeutic target in osteosarcoma."
"pubmed","42704429","10.1007/s00449-026-03419-2","Metabolic engineering of Escherichia coli for methanol-assisted resveratrol biosynthesis.","Nguyen, Huy Quang; Nguyen, Hoa An Thi; Vu, Dung Thi; Chu, Luan Luong","Bioprocess and biosystems engineering","2026-09-07","https://pubmed.ncbi.nlm.nih.gov/42704429/","Resveratrol is a high-value stilbenoid with diverse pharmaceutical and nutraceutical applications. However, its microbial production remains limited by insufficient precursor availability and inefficient carbon utilization. In this study, Escherichia coli was sequentially engineered to establish a methanol-assisted platform for resveratrol biosynthesis. The heterologous pathway was reconstructed by co-expressing Populus tomentosa 4-coumarate: CoA ligase (Pt4CL) and Arachis hypogaea stilbene synthase (AhSTS), followed by introduction of the matBC operon from Streptomyces coelicolor to enhance intracellular malonyl-CoA supply. A synthetic methylotrophic pathway comprising methanol dehydrogenase (mdh2) from Bacillus methanolicus together with 3-hexulose-6-phosphate synthase (hxlA) and 6-phospho-3-hexuloisomerase (hxlB) from Bacillus subtilis was subsequently introduced, and CRISPR interference (CRISPRi) targeting frmA was implemented to modulate formaldehyde metabolism and facilitate methanol utilization. Optimization of heterologous protein expression increased resveratrol production from 7.3 +/- 0.2 to 14.1 +/- 0.3 mg/L, while matBC-mediated precursor engineering further increased the titer to 20.2 +/- 0.4 mg/L. Under glucose-methanol co-feeding conditions, the engineered strain produced approximately 23 +/- 0.28 mg/L resveratrol in shake-flask cultivation. Scale-up in a 5-L bioreactor yielded 26.42 +/- 0.31 mg/L (132.1 +/- 2.4 mg/L total resveratrol) with a PCA conversion efficiency exceeding 95%, complete glucose consumption, and approximately 40.3% methanol utilization after 36 h of cultivation. To our knowledge, this is the first report of methanol-assisted resveratrol biosynthesis in engineered E. coli. These results demonstrate the potential of integrating synthetic methylotrophy, precursor engineering, and CRISPRi-mediated carbon redistribution to establish a methanol-assisted platform for microbial resveratrol production. This work provides a proof-of-concept framework for future development of microbial production systems utilizing renewable C(1) feedstocks."
"pubmed","42704419","10.1007/s13555-026-01908-6","The Circadian Skin: Chronobiology as a New Frontier in Dermatological Therapy.","Haykal, Diala","Dermatology and therapy","2026-09-07","https://pubmed.ncbi.nlm.nih.gov/42704419/","The skin is a temporally dynamic organ governed by intrinsic molecular clocks operating across multiple cell types. Circadian regulation influences epidermal renewal, barrier function, pigmentation, immune activity, DNA damage responses, and wound repair. This narrative review critically summarizes current mechanistic, translational, and clinical evidence linking the cutaneous circadian clock to skin physiology and selected dermatological diseases and evaluates the emerging concept of chronodermatology. A targeted literature search of PubMed/MEDLINE and reference lists of relevant articles was used to identify foundational and recent studies addressing cutaneous clock mechanisms, melanoma, atopic dermatitis, psoriasis, wound healing, photobiology, and chronotherapeutic strategies. Evidence was strongest for intrinsic circadian oscillation in skin cells, time-dependent epidermal and DNA-repair biology, and rhythmic wound-healing processes; however, many proposed therapeutic applications remain supported primarily by preclinical, observational, or early translational data. Chronodermatology therefore represents a promising framework for investigating treatment timing and individualized temporal biology, but prospective human trials are required before routine time-specific prescribing, photoprotection, or clock-targeted therapy can be recommended."
"pubmed","42704380","10.1007/s11033-026-12665-2","A cost-effective and rapid TE-based DNA extraction for near point-of-care detection of Babesia spp. by RPA/CRISPR-Cas12a.","Paenkaew, Suphaporn; Sinthao, Onnicha; Thapthim, Thanawin; Mahakkaprateep, Simita; Cheukaw, Apisit; Keawmanee, Suphatra; Euppayo, Thippaporn; Tungtrakanpoung, Rongdej; Teapunvong, Worapan; Nganvongpanit, Korakot; Buddhachat, Kittisak","Molecular biology reports","2026-09-07","https://pubmed.ncbi.nlm.nih.gov/42704380/","BACKGROUND: Babesia spp. infects a wide range of mammals, including domestic animals, wildlife, and humans, highlighting the need for rapid diagnostics. This study developed a near point-of-care method combining rapid DNA extraction, recombinase polymerase amplification (RPA), and CRISPR-Cas12a for Babesia detection. METHODS AND RESULTS: The workflow includes three steps: DNA extraction, RPA amplification, and CRISPR-Cas12a signal detection. Five blood DNA extraction methods were evaluated: DNeasy kit, boiling, Tris-EDTA (TE) buffer, methanol-based, and Chelex(R)100. The commercial kit, boiling method, and TE buffer extraction yielded positive results using RPA/CRISPR-Cas12a based on the cytochrome c oxidase subunit I (COI) gene. The TE buffer extraction and boiling methods were further optimized by RPA/CRISPR-Cas12a assay using Babesia-specific primers based on the 18S rRNA gene. All these extraction methods produced results comparable to the commercial kit. The TE buffer extraction was selected due to its simplicity and speed. The RPA/CRISPR-Cas12a assay specifically detected Babesia spp., including B. vogeli, B. gibsoni, and B. ovata. The limit of detection using TE-extracted DNA was 104 copies per reaction, lower than that achieved with the commercial kit (103 copies per reaction). Evaluation of rapid DNA extraction for Babesia spp. detection by the RPA/CRISPR-Cas12a assay using seven bovine and eight canine blood samples showed complete concordance between the TE buffer extraction and the commercial kit, with six positive samples detected. CONCLUSIONS: The TE buffer extraction offered a low-cost, simple, and equipment-minimal approach suitable for combination with RPA/CRISPR-Cas12a diagnostics, enabling rapid detection of Babesia spp. in resource-limited or field settings."
"pubmed","42704368","10.1084/jem.20252080","TNFR1 expression on cancer cells mediates immune escape and an immunosuppressive microenvironment.","Bolanos, Elixabet; Canas-Zabala, Lorena; Olivera, Irene; Ruiz Guillamon, David; Vercher, Enric; Gomis, Gabriel; de Andrea, Carlos E; Alexandru, Raluca; Azpilikueta, Arantza; Soria, Nekane; Salinas, Dayanna; Molero-Glez, Paula; Luri-Rey, Carlos; Arrieta-Aranzueque, Saioa; Manzanal, Almudena; Garcia-Dominguez, Mario; Alignani, Diego; Segui, Bruno; Molina, Angie; Teijeira, Alvaro; Berraondo, Pedro; Melero, Ignacio","The Journal of experimental medicine","2026-09-07","https://pubmed.ncbi.nlm.nih.gov/42704368/","TNFalpha is a proinflammatory cytokine that can mediate immunosuppressive effects in cancer. Tumors in which we silenced TNFR1 by CRISPR/Cas9 showed that TNFR1KO variants poorly engrafted in immunocompetent hosts, while engraftment in immunodeficient or CD8 T lymphocyte-depleted mice was preserved. The mechanism was mediated by secondary chemotactic inflammatory mediators elicited by TNFalpha in the malignant cells themselves. As a result, TNFR1KO variants recruited drastically fewer myeloid-derived suppressor cells (MDSCs) into the tumor microenvironment, thus explaining the immune escape of the WT variants. Interestingly, small amounts of TNFR1-sufficient tumor cells co-engrafted with the TNFR1KO variants rescued tumorigenicity in the same tumor lesion but not in distantly implanted TNFR1KO tumors. Secondary mediators chiefly include CXCR1/2-acting chemokines, prostaglandin E2 and TNFalpha itself. Knocking down TNFR1 in a human tumor cell line rendered comparable MDSC-recruiting results when xenografted. Analyses of scRNA-seq and spatial transcriptomics datasets from human solid tumors corroborate the role of TNFR1 on tumor cells in the induction of secondary pro-tumor inflammatory mediators."
"pubmed","42704295","10.1111/cas.70513","WDR12 Promotes Glucose Metabolism via PFKFB4 Upregulation in Gastric Cancer.","Zhang, Rutong; Liu, Dehua; Feng, Xiaoxi; Cheng, Aoxing; Yang, Zhenye; Zhang, Kaiguang","Cancer science","2026-09-07","https://pubmed.ncbi.nlm.nih.gov/42704295/","Metabolic reprogramming is a hallmark of gastric cancer (GC); however, the role of transcriptional regulators in modulating glycolysis remains incompletely understood. By integrating proteomic, transcriptomic, and CRISPR-based functional screening datasets, we identified WDR12, a WD40-family protein that is upregulated in GC and associated with poor patient survival. WDR12 silencing suppressed GC cell proliferation and tumor growth in vitro and in vivo and markedly reduced glycolytic flux. Mechanistically, WDR12 interacts with TDP43 and promotes its occupancy at the PFKFB4 promoter, thereby increasing PFKFB4 transcription. Restoration of PFKFB4 expression partially rescued the metabolic and proliferative defects caused by WDR12 knockdown. Together, these findings implicate WDR12 in GC metabolic reprogramming and suggest a potential metabolic vulnerability associated with WDR12-dependent regulation of PFKFB4 through TDP43."
"pubmed","42704200","10.1002/1878-0261.70331","Regulation of the lncRNA NEAT1 by p53-DeltaNp63 crosstalk modulates the DNA damage response and therapeutic efficacy in HNSCC.","De Domenico, Sara; La Banca, Veronica; D'Amico, Silvia; Scalera, Stefano; Nicolai, Sara; Peschiaroli, Angelo","Molecular oncology","2026-09-07","https://pubmed.ncbi.nlm.nih.gov/42704200/","Head and neck squamous cell carcinomas (HNSCCs) are characterized by recurrent genetic alterations, including the inactivation of the tumor suppressor TP53 gene and dysregulation of the TP63 gene. The TP63 gene encodes multiple isoforms, among which the N-terminal truncated isoform DeltaNp63 is fundamental for the integrity of stratified epithelial tissues. We previously demonstrated that DeltaNp63 represses the expression of the lncRNA NEAT1. Here, we investigated the functional crosstalk between p53 and DeltaNp63 in modulating NEAT1 expression following genotoxic stress. We found that upon genotoxic insults, p53 activation and the concomitant downregulation of DeltaNp63 promote NEAT1 transcription. In p53-proficient HNSCC cells, NEAT1 targeting leads to increased DNA damage, highlighting its potential role in maintaining genomic stability and facilitating efficient DNA repair. Importantly, we showed that histone deacetylase inhibitors (HDACis) upregulate NEAT1 expression independently of p53, and NEAT1 silencing enhances HDACis-induced DNA damage. Overall, our findings establish NEAT1 as an early regulator of the DNA damage response in HNSCCs and suggest that combining NEAT1 targeting with HDAC inhibition may potentiate therapeutic efficacy, particularly in TP53-mutant HNSCCs."
"pubmed","42703694","10.1111/jfd.70278","A CRISPR-Based Rapid Detection Assay for Crayfish Plague (Aphanomyces astaci) From Environmental Samples.","Heine, Christopher; Plewnia, Amadeus; Strand, David; Gupta, Simran; Krehenwinkel, Henrik; McFarlane, Gus R","Journal of fish diseases","2026-09-07","https://pubmed.ncbi.nlm.nih.gov/42703694/","Crayfish plague, caused by Aphanomyces astaci (Aa), is an infectious disease invasive in Europe, where its rapid spread has resulted in sharp declines of native crayfish species. Monitoring currently relies on a highly sensitive, but costly and time-consuming qPCR approach. Here, we designed a simplified, rapid and cost-efficient molecular assay for on-site detection of Aa. The novel rapid assay employs a combination of isothermal recombinase polymerase amplification and CRISPR-Cas12a-based detection that can be coupled with fluorescence or lateral flow visualisation. We demonstrate that the novel assay can detect A. astaci from tissue and environmental DNA with higher sensitivity than the available qPCR assay and readily distinguishes Aa from its non-pathogenic sister taxon A. fennicus. We tested two genomic marker sites for Aa that discriminate closely related oomycetes and incorporate field-deployable lateral flow and fluorescence readouts. Our work will make crayfish plague monitoring broadly accessible to practitioners and non-academic stakeholders as a tool to curb further Aa-driven loss of Europe's imperilled freshwater crustaceans and strengthen preparedness against future incursions of the pathogen in other regions."
"pubmed","42703308","10.21037/jgo-2026-0535","FANCI promotes esophageal squamous cell carcinoma progression and cell cycle regulation and interacts with FANCD2.","Hua, Beibei; Ye, Tao; Huang, Huijie; Wang, Weiwei; Chang, Xuezhi; Wang, Ruozheng","Journal of gastrointestinal oncology","2026-09-07","https://pubmed.ncbi.nlm.nih.gov/42703308/","BACKGROUND: Esophageal squamous cell carcinoma (ESCC) is an aggressive malignancy with poor clinical outcomes, and reliable molecular biomarkers and therapeutic targets remain limited. Fanconi anemia group I protein (FANCI) is a core component of the Fanconi anemia (FA) pathway, but its expression pattern, clinical significance, and functional role in ESCC have not been comprehensively defined. This study aimed to investigate FANCI expression and prognostic value in ESCC, assess its effects on malignant cellular phenotypes and tumor growth, and explore its potential mechanistic relationship with Fanconi anemia group D2 protein (FANCD2) and cell-cycle regulation. METHODS: Multi-cohort analyses were performed using The Cancer Genome Atlas (TCGA) and Gene Expression Omnibus (GEO) datasets, together with ESCC single-cell RNA sequencing (RNA-seq) data. FANCI functions were assessed by bidirectional gain- and loss-of-function experiments in vitro (proliferation, colony formation, migration, invasion, apoptosis, and cell-cycle assays) and by xenograft models in vivo. Mechanistic studies included protein-protein interaction (PPI) analyses, co-immunoprecipitation (Co-IP), and immunofluorescence (IF) colocalization. RESULTS: FANCI was consistently upregulated in ESCC across bulk transcriptomic datasets and was further supported by quantitative polymerase chain reaction (qPCR), Western blotting, and immunohistochemistry (IHC). FANCI discriminated ESCC from normal tissues in TCGA-ESCC and was independently validated in GSE53624 [area under the curve (AUC) =0.940 and 0.975, respectively]. FANCI was associated with poorer overall survival (OS) and shorter disease-free interval (DFI), and these findings were validated in an independent GEO cohort. Functionally, FANCI promoted ESCC cell proliferation, migration, and invasion, while inhibiting apoptosis; FANCI knockdown suppressed tumor growth in vivo and induced G2/M cell-cycle arrest. Mechanistically, FANCI physically interacted with FANCD2, colocalized with FANCD2 in the nucleus, and was associated with altered FANCD2 protein abundance, consistent with cell-cycle and DNA repair-related programs. Single-cell analysis indicated that FANCI was enriched in epithelial cells and associated with higher activity of malignant functional programs. In TCGA-ESCC, FANCI-high tumors showed distinct mutation profiles, a trend toward increased tumor mutation burden (TMB), and altered immune-associated signatures. CONCLUSIONS: FANCI is upregulated in ESCC and is associated with diagnostic and prognostic value. It promotes malignant phenotypes and tumor growth, potentially through a FANCI-FANCD2-linked cell-cycle/DNA repair program, supporting FANCI as a candidate biomarker and therapeutic target in ESCC."
"pubmed","42703025","10.1111/1751-7915.70437","One-Pot RPA-CRISPR/Cas12a Assay With Visual Readout for the Ultra-Specific Detection of Monkeypox Virus Clade I.","Li, Boyi; Liu, Luyao; Jin, Kaikai; Huang, Zanheng; Zhang, Tianyi; Gao, Rong; Chen, Huanxin; Niu, Lijuan; Fan, Changqi; Zhang, Haili; Huang, Pei; Wang, Hualei","Microbial biotechnology","2026-09-07","https://pubmed.ncbi.nlm.nih.gov/42703025/","In 2024, Monkeypox virus (MPXV) clade I has triggered outbreaks in several countries world-wide. MPXV clade I demonstrates enhanced virulence and transmissibility, with a case fatality rate reaching 10%. In response, we have developed a one-pot detection assay specifically targeting MPXV clade I, combining recombinase polymerase amplification (RPA) and the CRISPR/Cas12a system. The assay can be completed within 40 min and achieved a 95% limit of detection (LOD95) of 27.16 copies/muL. No cross-reactivity was observed with MPXV clade II or other tested viral templates, including Vaccinia virus (Tiantan strain). A preliminary room-temperature evaluation showed that the assay retained detectable performance at 25 degrees C, supporting its potential use in equipment-limited settings. The assay also showed good intra-assay and inter-assay repeatability for recombinant plasmid templates, with all coefficient of variation (CV) values below 10%. In simulated clinical samples, the RPA-CRISPR/Cas12a assay detected more low-concentration plasmid-spiked samples than quantitative polymerase chain reaction (qPCR). These results indicate that the established assay is specific, sensitive, repeatable, and easy to perform, providing a practical tool for field-based screening and decentralized detection of MPXV clade I."
"pubmed","42702653","10.1007/s00216-026-06786-7","Recent advances in CRISPR/Cas12a-based biosensors for heavy metal analysis: a review of signal readout strategies and analytical performance.","Hu, Shanshan; Liu, Jingxuan; Deng, Jiahui; Yuan, Yanhui; Peng, Shuchang; Le, Mingxia; Li, Jingxian; Xu, Kun","Analytical and bioanalytical chemistry","2026-09-07","https://pubmed.ncbi.nlm.nih.gov/42702653/","Heavy metals are environmental hazards owing to their toxicity, persistence, and bioaccumulation in living organisms. These metals often accumulate or transform into more toxic compounds, and some accumulate in the human body through the food chain, which is extremely harmful to health. Although conventional detection methods are reliable, they are often hampered by high costs and complex operations, motivating the exploration of alternative sensing strategies. CRISPR/Cas (Clustering Regularly Interspaced Short Palindromic Repeats and Related Proteins) systems have shown potential for developing sensitive assays with significant target specificity, programmability, and signal amplification capabilities. This review discusses research progress on using CRISPR/Cas12a to detect and prevent heavy metal contamination in food. This review introduces methodological innovations in various signal readout methods, including fluorescence, colorimetry, electrochemistry, and microfluidics, and critically evaluates their analytical performance, such as sensitivity, selectivity, and practical applicability in complex food matrices. Finally, this review aims to provide valuable guidance for researchers to develop next-generation diagnostic tools that meet the requirements of rapid screening and precision testing for food safety."
"pubmed","42702594","10.1038/s41467-026-76506-3","Allele-specific chromatin architecture shapes imprinted domains and coordinates a distal enhancer and antisense transcription at the mouse Mest-Copg2 domain.","Bae, Bongmin; Gu, Katherine; Loftus, Daniel; Whipple, Amanda J","Nature communications","2026-09-07","https://pubmed.ncbi.nlm.nih.gov/42702594/","Genomic imprinting results in parent-of-origin-dependent gene expression, but how three-dimensional genome organization contributes to imprinted gene regulation remains unclear. Using Capture Hi-C in mouse cortex and primary cortical neurons, we identified parental allele-specific chromatin architectures across multiple imprinted domains. These architectures largely originate from imprinting control regions and correlate with DNA methylation-sensitive CTCF binding. Active and inactive alleles of imprinted genes show distinct promoter interaction profiles and differential engagement with distal regulatory elements in both contact frequency and the epigenetic state of distal regions. A CRISPR interference screen identified a distal enhancer that regulates Mest-Copg2 imprinted expression through allele-specific chromatin interactions. In neurons, this enhancer activates Copg2 on the maternal allele, whereas on the paternal allele it drives Mest isoforms transcribed antisense to Copg2 and contributes to Copg2 repression. In summary, we show that allele-specific chromatin architecture coordinates maternal enhancer activity and paternal antisense transcription to control imprinted expression in neurons."
"pubmed","42702479","10.1016/j.aca.2026.346069","Rolling circle amplification-triggered loop-mediated isothermal amplification and in-situ fluorescence signal transduction for one-tube APE1 sensing.","Shang, Yuhui; Liang, Xinying; Liu, Yali; Chen, Jinyang","Analytica chimica acta","2026-09-06","https://pubmed.ncbi.nlm.nih.gov/42702479/","BACKGROUND: Molecular diagnostics heavily depend on accurate and sensitive biomarker sensing via efficient signal amplification and facile signal transduction. As a promising amplification strategy, isothermal polymerization delivers excellent structural stability and amplification efficiency for biomedical analysis. Different from conventional fluorophores with exogenous signal regulation, in-situ DNA-templated copper nanoparticles (CuNPs) enable an endogenous signaling strategy. It is reasonable to infer that isothermal polymerization amplification is highly compatible with DNA-templated CuNPs-mediated generative signal transduction, which effectively suppresses signal leakage and improves detection reliability and fidelity. RESULTS: We developed a one-tube method for ultrasensitive apurinic/apyrimidinic endonuclease 1 (APE1) sensing based on rolling circle amplification (RCA)-triggered loop-mediated isothermal amplification (LAMP), and fluorescent DNA-templated CuNPs-enabled in-situ signal transduction. Once the target recognition probe was specifically cleaved by APE1, linear primers were released and immediately triggered RCA. The resulting long-chain products directed the polymerization of hairpin primers into seed DNAs, which subsequently initiated LAMP under continuous catalysis by the same polymerase. The yielded abundant double-stranded DNA products, facilitating efficient fluorescence output through in-situ formation of CuNPs on AT-rich sequences. This streamlined workflow enabled simple and sensitive APE1 detection in a one-tube format with a low detection limit of 3.1 x 10(-4) U/mL. Moreover, the proposed method exhibited remarkable selectivity and robust anti-interference performance, allowing for the unambiguous differentiation between tumor cells and normal cells via cellular APE1 detection. SIGNIFICANCE: Owing to its modular design, the sensing strategy can be easily extended to detect other DNA repair enzymes by simply engineering the recognition module, demonstrating excellent sensing versatility and promising application potential in advanced molecular diagnostics. Overall, this work establishes a novel paradigm for the seamless integration of polymerization-driven signal amplification and generation-mediated signal transduction, offering fresh possibilities for simple and sensitive biosensing."
"pubmed","42702425","10.1016/j.aca.2026.345987","A cascaded signal amplification strategy combining Au@Cu(2)O core-shell nanozymes and CRISPR-Cas12a self-cycling for ultrasensitive colorimetric detection of miRNA-21.","Li, Jiaxin; Yuan, Mingjia; Cui, Xueting; Ding, Yingqiao; Yang, Mengliu; Liu, Rui; Li, Ling","Analytica chimica acta","2026-09-06","https://pubmed.ncbi.nlm.nih.gov/42702425/","As a critical biomarker for early-stage tumor diagnosis, miRNA-21 poses significant challenges for colorimetric detection due to its ultra-low physiological abundance and high sequence homology. In this study, a multi-stage cascade amplification sensing platform was engineered by integrating an entropy-driven molecular circuit with a heterogeneous nanozyme catalytic network. The platform utilizes Catalytic Hairpin Assembly (CHA) for initial signal transduction, coupled with a CRISPR-Cas12a positive feedback self-cycling system to achieve exponential signal amplification. At the signal output interface, Au@Cu(2)O core-shell nanocomposites, synthesized via epitaxial growth, exhibit significantly enhanced peroxidase-like activity through interfacial electronic coupling. Experimental results demonstrate a limit of detection (LOD) as low as 1.39 fM, with the capacity to precisely discriminate between serum samples from lung cancer patients and healthy individuals."
"pubmed","42702337","10.1016/j.imlet.2026.107238","Aire deficiency disrupts thymic architecture but preserves TCRVbeta repertoire diversity while altering thymic output.","Matos, Adriana Arruda; Araujo, Itaua Leston; Munuera, Matheus Dominato; Palma, Patricia Viana Bonini; Bonaldo, Camila; Brito, Leticia Agrelli; Mendes-da-Cruz, Daniella Areas; Savino, Wilson; Passos, Geraldo Aleixo; Donadi, Eduardo Antonio","Immunology letters","2026-09-06","https://pubmed.ncbi.nlm.nih.gov/42702337/","The autoimmune regulator (Aire) gene is essential for the establishment of central tolerance by promoting the ectopic expression of tissue-restricted antigens in medullary thymic epithelial cells (mTECs). Although Aire deficiency impairs negative selection, its impact on thymic architecture, output, and early T cell development remains incompletely understood. Here, we used a murine Aire-deficient model carrying a CRISPR-Cas9-induced deletion within exon 6, disrupting the SAND domain, to investigate the consequences of Aire loss on thymic structure and function. Aire-deficient mice exhibited focal alopecia and marked disorganization of the thymic medulla. T cell receptor excision circle (TREC) analyses revealed altered peripheral TREC dynamics and a reduced sj/betaTREC ratio, indicating altered thymic output and impaired intrathymic precursor expansion. Complementary flow-cytometric analysis showed a significant reduction in the proportion of CD4(+)CD8(+) double-positive thymocytes in heterozygous mutants, supporting altered intrathymic maturation. Serum IL-27, IL-28B, and IL-31 were decreased in homozygous mutants, whereas IL-22 and IL-23 remained unchanged. Despite these alterations, TCRVbeta repertoire sequencing revealed no significant differences in rearrangements, clonality, or V/J gene usage. Together, these findings indicate that Aire deficiency disrupts thymic architecture and output, while preserving overall TCR repertoire diversity."
"pubmed","42702301","10.1016/j.trsl.2026.09.002","Pharmacological inhibition of CBP sensitizes breast cancer to DNA-damaging agents by compromising DNA repair and cell cycle pathways.","Ramadan, Wafaa S; Talaat, Iman M; Al-Azawi, Aya Mudhafar; Ibrahim, Nadine; Al-Sherief, Sara; Salih, Shahenaz S; Mohamed, Rawia; Sharaf, Basma M; Semreen, Mohammad H; Hersi, Fatema; Omar, Hany A; El-Awady, Raafat","Translational research : the journal of laboratory and clinical medicine","2026-09-06","https://pubmed.ncbi.nlm.nih.gov/42702301/","Chemotherapy remains central to breast cancer treatment, particularly for aggressive subtypes like triple-negative breast cancer. Despite its widespread use, the toxicity of chemotherapeutic agents and frequent resistance limit clinical success. Epigenetic therapy offers a promising translational approach due to its reversible modulation of gene expression via histone and non-histone modifications that regulate key signaling pathways, including those involved in DNA repair. CREB-binding protein (CBP), a key histone acetyltransferase, is involved in ATM activation, a central component of the DNA damage response. The loss of CBP was found to sensitize breast cancer cells to chemo- and radiotherapy, thereby identifying CBP as a potential therapeutic vulnerability. In the present study, we investigated the proteomic consequences of pharmacological inhibition of CBP in breast cancer cells using two domain-specific inhibitors, C646 (HAT domain) and inobrodib (bromodomain), and assessed their translational potential in combination with doxorubicin. Using in vitro and in vivo breast cancer models, we showed that CBP inhibition disrupts DNA repair and cell-cycle regulatory pathways, thereby enhancing doxorubicin-induced cytotoxicity and apoptosis. Interestingly, the combination groups displayed the most pronounced effects on tumor growth and showed elevated levels of cleaved caspase-3, while suppression of ki67 expression and H3K27 acetylation. Additionally, the combination of CBP inhibitors with doxorubicin did not affect the body weight or the organ indices. These findings support a rational epigenetic-chemotherapy combination approach and provide preliminary preclinical evidence for further investigation of CBP-targeted strategies to improve chemotherapy efficacy while mitigating toxicity."
"pubmed","42701979","10.1007/s00239-026-10344-1","Regulatory Evolution and the Genetic Basis of Human Brain Expansion.","Hettiarachchi, Nilmini","Journal of molecular evolution","2026-09-06","https://pubmed.ncbi.nlm.nih.gov/42701979/","The evolution of the human brain is characterized by profound changes in structure and function, despite relatively limited divergence in protein-coding genes compared to other primates. This paradox has led to increasing recognition of gene regulatory elements (GREs) as primary drivers of evolutionary innovation. In this review, we synthesize current knowledge on the role of conserved noncoding elements (CNEs), human accelerated regions (HARs), and transposable element (TE)-derived sequences in shaping gene regulatory networks (GRNs) underlying brain development. Comparative analyses across humans and closely related primates, including the chimpanzee, gorilla, and orangutan, reveal that while core regulatory architectures are highly conserved, subtle changes in regulatory elements drive species-specific gene expression patterns. We highlight how CNEs provide a stable regulatory framework, whereas HARs and TE-derived elements introduce lineage-specific modifications that fine-tune neurodevelopmental processes. Advances in functional genomics, including CRISPR-based perturbations, massively parallel reporter assays, and single-cell multi-omics, have enabled direct interrogation of regulatory function, linking sequence variation to cellular phenotypes. Furthermore, we discuss how regulatory evolution contributes to both cognitive innovation and susceptibility to neurological disorders. Despite significant progress, challenges remain in establishing causal relationships between regulatory variation and phenotypic outcomes. Future integration of multi-omics data and comparative models will be essential for resolving these complexities. Together, this review provides a comprehensive framework for understanding the molecular basis of primate brain evolution through the lens of gene regulation."
"pubmed","42701765","10.1002/agm2.70107","Insights Into the Mechanisms of Biological Aging That Guide Translational and Clinical Research.","Fang, Evandro Fei; Nilsen, Hilde; Scheibye-Knudsen, Morten; Bohr, Vilhelm A; Kang, Lin","Aging medicine (Milton (N.S.W))","2026-09-06","https://pubmed.ncbi.nlm.nih.gov/42701765/","Understanding the molecular mechanisms of aging guides the development of prevention, intervention, and treatment strategies to reduce the incidence of common age-associated diseases. Over the past decades, the proposed key features (hallmarks) of aging cells have directly or indirectly provided us clues, furthering our understanding of the causes of disease and assisting with the development of therapeutic strategies for diseases such as rare premature aging diseases like Werner syndrome and ataxia telangiectasia (A-T), as well as the common age-related diseases like dementia and sarcopenia. In this editorial, we take a closer look at three of these hallmarks including genomic instability, defective macroautophagy, and mitochondrial dysfunction, and the applications of these concepts in understanding the progress of complex diseases. Mounting studies from the laboratory, supported by emerging clinical evidence, point to the reduction of the oxidized form of nicotinamide adenine dinucleotide (NAD(+)) as a commonality between many of these hallmarks of aging. Intriguingly, stimulating mitochondrial autophagy (mitophagy) via improvement of NAD(+) availability appears to be a promising and effective therapeutic strategy for many diseases relating to aging. Future studies on the hallmarks of aging should address their internal linkages and clinical interventions."
"pubmed","42701444","10.1016/j.bioflm.2026.100394","Plasmid encoded mrk gene cluster promotes biofilm formation, environmental persistence, and invasiveness in Salmonella Thompson.","Liu, Ke; Feng, Liya; Ouyang, Lu; Li, Xinpeng; Shi, Xiaohong; Chen, Liang; Hao, Mingju","Biofilm","2026-09-06","https://pubmed.ncbi.nlm.nih.gov/42701444/","Biofilm formation is a fundamental survival strategy that enables bacterial persistence across diverse environments and hosts. While the mrk gene cluster encoding type 3 fimbriae is a well-established determinant of biofilm formation in Klebsiella pneumoniae, its presence and functional significance in Salmonella enterica remains poorly defined. In this study, we identified a plasmid-encoded mrkABCDF gene cluster carried on a highly conjugative IncX1 plasmid in a clinical Salmonella Thompson isolate. Using CRISPR/Cas9-mediated knockout of the mrk-containing Tn6011 transposon, plasmid curing, targeted gene deletion, and genetic complementation, we systematically dissected the contribution of mrkABCDF genes to biofilm development and associated phenotypes. Loss of the mrk gene cluster resulted in a profound reduction in biofilm biomass and a concomitant increase in bacterial motility. Type 3 fimbriae were detected exclusively on the surface of mrk-positive cells, confirming their structural role in surface attachment. The mrk operon was strongly expressed from an IS1-associated promoter, bypassing canonical MrkH-dependent regulation. Functionally, mrk expression enhanced bacterial tolerance to desiccation and oxidative stresses, and reduced susceptibility to macrophage phagocytosis. In vivo, mrk-positive strains exhibited enhanced gastrointestinal colonization and tissue invasion. Notably, carbapenems exhibited exceptional efficacy in inhibiting mrk-mediated biofilm formation, indicating their superior potential for treating biofilm-associated infections. Our findings demonstrate that plasmid-encoded mrkABCDF genes can act as key architectural and functional determinants of biofilm formation in Salmonella enterica. The horizontal dissemination of mrk-carrying IncX1 plasmids may promote the emergence of biofilm-adapted Salmonella lineages with enhanced environmental persistence and host colonization potential."
"pubmed","42701247","10.1021/jacs.6c13005","An Enzymatic in situ Self-Assembly Radiosensitizer for Hypoxic Tumor Radio-Immunotherapy via Low-Power X-ray-Induced Pyroptosis.","Tian, Yuyang; Miao, Yinxing; Zhao, Pengke; Wang, Lian; He, Xiangdong; Chen, Huiyu; Feng, Zhiyuan; Gong, Jinglang; Sun, Xiaolian; Zhang, Jingjing; Xie, Ran; Feng, Min; Ye, Deju","Journal of the American Chemical Society","2026-09-06","https://pubmed.ncbi.nlm.nih.gov/42701247/","X-ray-induced cell pyroptosis represents a promising strategy for enhancing antitumor immunity. However, existing clinical radiosensitizers are hindered by inadequate tumor targeting and inefficiency in triggering pyroptosis, limiting the full potential of radioimmunotherapy. Herein, we introduce P-Ni-RGD, an enzymatically triggered in situ self-assembly radiosensitizer, as a pyroptosis inducer to improve cancer radioimmunotherapy. P-Ni-RGD incorporates an alkaline phosphatase (ALP)-responsive self-assembly scaffold, a cyclic RGD ligand, and a nitroimidazole (Ni) oxygen-mimetic radiosensitizer. Following systemic administration, P-Ni-RGD self-assembles into nanoparticles within the tumor microenvironment, specifically in response to ALP activation, enhancing tumor accumulation and enabling tumor-targeted delivery of the radiosensitizer and targeting ligand. In situ self-assembly results in the modulation of near-infrared fluorescence and photoacoustic bimodal imaging signals. Guided by these imaging modalities, low-dose X-ray irradiation (2 Gy) of orthotopic breast 4T1 tumors induces reactive oxygen species and promotes nitroreductase-mediated reduction of Ni to reactive intermediates within tumor cells. This cascade triggers the labeling of DNA repair proteins, upregulates key molecules involved in oxidative stress and DNA damage response, disrupts redox homeostasis, amplifies oxidative DNA damage, and impairs DNA repair. Accumulating DNA damage activates the AIM2 inflammasome, culminating in gasdermin D (GSDMD) dependent pyroptosis. This mechanism not only disrupts tumor cell viability but also provokes a potent antitumor immune response, significantly inhibiting primary and distant 4T1 tumors and prolonging survival. Our findings highlight the promise of combining enzymatic in situ self-assembly with low-dose X-rays to induce tumor-specific pyroptosis, offering an approach to enhance radiotherapeutic outcomes in hypoxic tumors."
"pubmed","42701218","10.1021/jacs.6c05500","Decoding TnsC Filament Assembly in CRISPR-Associated Transposons Using Interpretable Deep Learning and Molecular Simulations.","Pindi, Chinmai; Ahsan, Mohd; Sinha, Souvik; Kellogg, Elizabeth H; Palermo, Giulia","Journal of the American Chemical Society","2026-09-06","https://pubmed.ncbi.nlm.nih.gov/42701218/","CRISPR-associated transposons (CASTs) enable programmable DNA integration, yet how the TnsC regulator forms processive filaments on DNA to coordinate RNA-guided transposition in type V-K CAST systems remains unknown. Here, we integrate large-scale molecular simulations, interpretable deep learning using graph attention networks (GATs), and causal inference analyses to define the molecular determinants of TnsC filament nucleation and elongation. We show that TnsC nucleates by inducing localized DNA deformation that propagates along extended filaments, with Granger causality revealing that TnsC motions precede and predict DNA deformation. Interpretable GAT models demonstrate that elongation is determined during early recognition between incoming and DNA-bound subunits, followed by structural reorganization that regenerates the recruitment interface and enables processive assembly. These results elucidate the molecular mechanism of processive TnsC filament assembly and explain why isolated TnsC filaments preferentially elongate in the 5' --> 3' direction, while accessory transposition factors can reshape the interaction landscape and alter filament growth polarity. Together, these findings advance our understanding of CAST function and inform the engineering of programmable DNA integration platforms. Beyond CAST systems, this work introduces an interpretable GAT approach as a general and transferable deep learning strategy for uncovering molecular mechanisms in biological systems, while demonstrating the power of causal inference for dissecting directional relationships in molecular dynamics."
"pubmed","42701085","10.1016/j.jdermsci.2026.08.004","Identification of superoxide dismutase 3 as a critical factor for dermal stem cell maintenance.","Zhou, Chunyu; Yamada, Takaaki; Kawamura, Tomoaki; Ishii, Yoshie; Okuno, Ryosuke; Hasebe, Yuichi; Iwata, Yohei; Arima, Masaru; Hasegawa, Seiji; Sugiura, Kazumitsu; Akamatsu, Hirohiko","Journal of dermatological science","2026-09-06","https://pubmed.ncbi.nlm.nih.gov/42701085/","BACKGROUND: Dermal stem cells (DSCs) act as fibroblast progenitors essential for maintaining skin structure and wound healing. However, the molecular mechanisms governing DSC maintenance remain unclear. OBJECTIVE: This study aimed to elucidate the factors involved in DSC maintenance. METHODS: Age-related changes in CD271-positive DSC count were determined by immunohistochemical staining. Primary dermal cells derived from participants categorized as either DSC-rich or DSC-poor underwent proteomic analysis. The expression of superoxide dismutase 3 (SOD3) in the dermis and DSCs was evaluated using immunostaining and quantitative RT-PCR (qRT-PCR). Additionally, a knockdown experiment was conducted to clarify SOD3 involvement in DSC maintenance. RESULTS: DSC count decreased with age. In proteomic analysis, DSC-rich dermal cells displayed high SOD3 expression. Furthermore, DSCs had significantly higher SOD3 expression than nonstem cells, contributing to higher SOD3 levels in DSC-rich dermis. Inducing the differentiation of DSCs into fibroblasts decreased SOD3 gene expression. SOD3 knockdown in DSCs increased reactive oxygen species (ROS) levels and DNA damage, causing downregulation of DNA repair genes and stem cell marker genes and upregulation of fibroblast marker genes. However, treatment with recombinant SOD3 protein or ascorbic acid resolved these phenotypes. CONCLUSION: SOD3 is a protein essential for maintaining DSCs. The findings of this study offer a new perspective on the molecular mechanisms underlying skin aging and suggest SOD3 as a potential therapeutic target."
"pubmed","42700952","10.1016/j.parint.2026.103382","Glycosomal ABC transporter 3 (GAT3) is associated with antileishmanial drug susceptibility in Leishmania infantum.","Costa-Silva, Hellida Marina; Lima, Davi Alvarenga; Souza, Lisandra Chieza; Ribeiro, Juliana Martins; Murta, Silvane Maria Fonseca","Parasitology international","2026-09-06","https://pubmed.ncbi.nlm.nih.gov/42700952/","Leishmaniasis remains a major public health challenge due to the limited therapeutic options available and the increasing emergence of drug-resistant parasites. Membrane transporters play essential roles in parasite physiology and drug susceptibility; however, the biological functions of glycosomal ATP-binding cassette (ABC) transporters remain poorly understood in Leishmania. In this study, we investigated the role of glycosomal ABC transporter 3 (GAT3) in Leishmania infantum by generating knockout mutants using CRISPR-Cas9-mediated gene editing. Successful deletion of GAT3 was confirmed in two independent knockout clones, which were subsequently characterized with respect to growth, drug susceptibility, oxidative stress tolerance, and infectivity in THP-1-derived macrophages. GAT3 deletion resulted in a modest reduction in promastigote proliferation. Notably, GAT3-knockout promastigotes displayed a 2.3-fold increase in resistance to trivalent antimony and a 3.4-fold increase in resistance to miltefosine compared with control parasites. This phenotype was accompanied by decreased transcript levels of aquaglyceroporin 1 (AQP1) and the miltefosine transporter (MT), two membrane transporters known to mediate the uptake of these antileishmanial drugs. In contrast, GAT3 deletion did not alter susceptibility to amphotericin B or tolerance to hydrogen peroxide-induced oxidative stress. Furthermore, loss of GAT3 had no detectable effect on macrophage infectivity. Collectively, our findings demonstrate that GAT3 is a non-essential glycosomal ABC transporter that contributes to antileishmanial drug susceptibility in L. infantum. The association between GAT3 deletion and reduced expression of AQP1 and MT suggests a previously unrecognized link between glycosomal transport processes and pathways involved in drug uptake and resistance, expanding current knowledge of glycosomal transporter function in Leishmania."
"pubmed","42700916","10.1016/j.antiviral.2026.106529","Application of emerging technologies in the antiviral field.","Zhang, Xiaoyan; Zhang, Lele; Guo, Tengda; Du, Wenjuan; Wang, Shen; Li, Yongtao","Antiviral research","2026-09-06","https://pubmed.ncbi.nlm.nih.gov/42700916/","Viral diseases pose a serious threat to global public health, agriculture, and biosecurity. Conventional antiviral strategies are often limited by an incomplete understanding of disease mechanisms, poor targeting precision, and slow response times. Emerging technologies are now reshaping the landscape of antiviral research. This review examines the roles of four key frontiers, including organoid models, gene editing, AI-driven molecular design, and synthetic biology. Organoids provide physiologically relevant platforms that model virus-host interactions and disease progression. Viral infections remain a major challenge to human and animal health, agriculture, and biosecurity. Progress in antiviral research is constrained by the complexity of viral pathogenesis, the diversity and rapid evolution of viruses, and the limited translational relevance of some traditional model systems. Recent advances in organoid technology, gene editing, artificial intelligence, and synthetic biology are expanding the toolkit available for antiviral research and development. In this review, we discuss how these four technological frontiers contribute to disease modeling, target discovery, molecular design, and translational innovation. Organoids, in particular, provide physiologically relevant systems for investigating viral infection, tissue tropism, host responses, and pathogenesis. Gene editing tools, such as CRISPR, enable precise manipulation of host and viral genomes, facilitating the development of resistant organisms and next-generation vaccine platforms. AI technologies, including AlphaFold for structure prediction and platforms for de novo protein design, address long-standing bottlenecks in structural biology and offer powerful means to engineer antiviral proteins, antibodies, and vaccine antigens. Synthetic biology, guided by the Design-Build-Test-Learn cycle, integrates computational design, genetic assembly, and functional validation into a cohesive pipeline. Together, these technologies form a synergistic workflow that spans disease modeling, target discovery, molecular design, construction, testing, and iterative optimization. This integrated approach is shifting antiviral development from traditional empirical methods toward more precise, intelligent strategies. The review also highlights ongoing challenges in integration and scalability, stressing that high-quality biological datasets and stronger interdisciplinary collaboration are essential for realizing translational potential. By presenting a cohesive view of these converging methodologies, this review offers a framework to guide the intelligent evolution of antiviral strategies in both human and animal health."
"pubmed","42700890","10.1016/j.plantsci.2026.113406","BpCYCD3;1 regulates organ growth by activating the cell cycle module in white birch.","Yue, Linan; Wang, Xinyu; Zheng, Zhimin","Plant science : an international journal of experimental plant biology","2026-09-06","https://pubmed.ncbi.nlm.nih.gov/42700890/","Cyclin D proteins are key regulators of cell cycle progression and plant growth. Here, we identified BpCYCD3;1, a CYCD3 family member in birch, and investigated its function. Phylogenetic and sequence analyses showed that BpCYCD3;1 is evolutionarily conserved and contains canonical cell cycle-related domains. Promoter and expression analyses suggested responsiveness to environmental and hormonal signals, with preferential expression in leaves. BpCYCD3;1 overexpression promoted leaf expansion and and biomass accumulation, whereas CRISPR/Cas9 knockout reduced vegetative growth. Cytological analyses revealed increased cell density and epidermal cell number in overexpression lines, indicating enhanced cell proliferation. At the molecular level, BpCYCD3;1 upregulated G1/S transition regulators and DNA replication-related genes. Yeast two-hybrid and docking analyses suggested interaction between BpCYCD3;1 and CDKA;1, as well as the interaction between RBR and E2F transcription factors, and binding of E2FA/E2FB to downstream promoters. Together, these results indicate that BpCYCD3;1 promotes vegetative growth by activating the CDKA-RBR-E2F regulatory module, providing a potential target for improving tree growth and biomass production."
"pubmed","42700825","10.1016/j.freeradbiomed.2026.09.002","Misfolding of cystathionine beta-synthase impairs mitochondrial homeostasis and cellular bioenergetics.","Mijatovic, Ela; Philipp, Thilo M; Zuhra, Karim; Petrosino, Maria; Kieronska-Rudek, Anna; Kitanovic, Ana; Collard, Renata; Santos, Sidneia S; Kleele, Tatjana; Szabo, Csaba; Majtan, Tomas","Free radical biology & medicine","2026-09-06","https://pubmed.ncbi.nlm.nih.gov/42700825/","Homocystinuria (HCU) is an inborn error of metabolism and a conformational disorder chiefly caused by missense mutations in the cystathionine beta-synthase (CBS) gene. These mutations often cause CBS destabilization, misfolding and dysfunction resulting in CBS deficiency and pathological accumulation of homocysteine. Morphological changes in mitochondria were described in HCU patients and mouse models; however, their functional significance has remained unknown. Here, we characterized the impact of CBS deficiency due to expression of the most common HCU-causing variant CBS I278T on mitochondrial function using three cellular models of HCU: mouse hepatocytes, human fibroblasts and newly developed CRISPR/Cas9-modified HEK293 cells. We found that the expression of the CBS I278T variant resulted in the unfolded protein response, oxidative stress and impaired cellular energy metabolism in all three cellular models of HCU. Mitochondrial respiration and ATP production were substantially impaired. Bioenergetic deficit correlated morphologically with mitochondrial swelling and loss of cristae and functionally with decreased membrane potential and cytosolic mitochondrial DNA release. Impaired clearance of damaged, non-functional mitochondria was caused by compromised mitophagy activation and dysfunctional lysosomes. Methionine restriction substantially reduced plasma total homocysteine and rescued mitochondrial function of hepatocytes isolated from treated Tg-I278T HCU mice. Importantly, CBS-knockout HEK293 cells showed normal proteostasis and mitochondrial function indicating that CBS I278T misfolding is the main cause and trigger of the described pathological phenotype. These findings provide the first mechanistic insight into the impaired cellular bioenergetics in HCU."
"pubmed","42700775","10.1016/j.jviromet.2026.115465","Rapid point-of-care lateral flow assay for differentiation of capripoxviruses using RPA-CRISPR-Cas12a.","Manjunatha Reddy, Gundallahalli Bayyappa; Vignesh, Manivasagam; Megha, Naragund V; Brindhaa, Ravindran; Uzma, Jabeen; Shivasharanappa, Nayakvadi","Journal of virological methods","2026-09-06","https://pubmed.ncbi.nlm.nih.gov/42700775/","The Capripoxviruses (CaPVs) are highly contagious viruses that includes sheeppox virus, goatpox virus, and lumpy skin disease virus infecting sheep, goats, and cattle respectively resulting in significant morbidity and mortality. This study presents a diagnostic tool based on recombinase polymerase amplification (RPA) assisted with CRISPR-Cas12a platform coupled with a lateral flow assay (LFA) that facilitate timely detection and differentiation of Capripox viruses, and support effective surveillance programs. The assay operates through the cleavage of a dual labelled oligonucleotide reporter molecule (Biotin-Fam), generating a detectable signal. The results can be interpreted either using a fluorescence-based detection system or through a lateral flow assay (LFA), where gold nanoparticles conjugated with anti-FAM antibodies enable visual signal detection. Under optimized assay conditions (50 nM LbCas12a and 1 microM reporter probe with a reaction time of 25 min), the CRISPR-Cas12a platform along with RPA (39 degrees C for 20 min) substantially enhanced analytical sensitivity, enabling reliable detection of as few as 10 copies/microL of viral DNA. The specificity of the assay was rigorously evaluated using individual targets, mixed-template samples, and 90 clinical specimens, demonstrating complete species-specific discrimination without any detectable cross-reactivity. Collectively, the developed single-gene RPA-CRISPR-Cas12a lateral flow assay (LFA) represents a rapid, highly sensitive, and specific point-of-care diagnostic platform, providing visual readout by the naked eye and offering significant potential for decentralized veterinary diagnostics and field-based disease surveillance."
"pubmed","42700616","10.1016/j.biopha.2026.119913","Mechanistic insights into Nrf2- and PARP1-mediated radioresistance of glioblastoma stem cells under photon, proton, and carbon ion irradiation: An in vitro study.","Salma, Rima; Hammad, Mira; Hariri, Mehran; Sangsuwan, Traimate; Moloudi, Kave; Scherthan, Harry; Vela, Anthony; Cesario, Rute; Godoy, Paulo; Balosso, Jacques; Stenerlow, Bo; Haghdoost, Siamak","Biomedicine & pharmacotherapy = Biomedecine & pharmacotherapie","2026-09-06","https://pubmed.ncbi.nlm.nih.gov/42700616/","Glioblastoma multiforme (GBM) exhibits strong resistance to radiotherapy, partly driven by glioblastoma stem-like cells (GSCs) with enhanced redox homeostasis and DNA repair capacity. This study evaluated whether targeting Nrf2-mediated antioxidant signaling and PARP1-dependent DNA repair enhances GSC radiosensitivity to different radiation modalities. Pharmacological inhibition of Nrf2 (ML385, 6 micromol/L) or PARP1 (olaparib, 5 micromol/L) reduced tumorsphere formation to 74.5 +/- 10% and 58.56 +/- 14.5% of control levels, respectively, while combined treatment further reduced formation to 51 +/- 11% and sphere size to 29% of control. Western blotting confirmed effective pathway inhibition, with complete suppression of PARP activity and approximately 30% reduction in Nrf2 downstream proteins (SOD1, PRDX2, and NQO1). Dose-response analysis showed D(5)(0) values of 5.03 +/- 0.09 Gy (photons), 2.96 +/- 0.91 Gy (protons), and 2.04 +/- 0.47 Gy (carbon ions), corresponding to RBE(5)(0) values of 1, 1.70 +/- 0.55, and 2.46 +/- 0.57, respectively. ML385 enhanced radiosensitivity to photons and protons and showed a similar radiosensitizing trend following carbon-ion irradiation, whereas olaparib showed its strongest effect with photons and limited effects with protons and carbon ions. Combined treatment produced a greater reduction in radiation survival than either inhibitor alone under selected conditions, particularly following photon irradiation. Nrf2 inhibition reduced downstream antioxidant proteins and increased late apoptotic/necrotic fraction, while PARP1 inhibition was associated with altered DNA damage persistence. Combined inhibition further increased gamma-H2AX foci at selected time points following proton irradiation, consistent with delayed or incomplete repair of radiation-induced DNA damage. These findings support Nrf2 and PARP1 as potential regulators of GSC radioresistance and provide a rationale for further investigation of their therapeutic targeting in combination with radiotherapy."
"pubmed","42700480","10.1016/j.bios.2026.119197","Advances in cascaded CRISPR for preamplification-free nucleic acid assays.","He, Ruonan; Miao, Lu; Deng, Ruijie; Xia, Xuhan","Biosensors & bioelectronics","2026-09-06","https://pubmed.ncbi.nlm.nih.gov/42700480/","The development of rapid, sensitive, and specific nucleic acid assays is pivotal for advancing molecular detection in clinical diagnosis, food safety, and environmental monitoring. Clustered regularly interspaced short palindromic repeats (CRISPR)-associated (Cas) systems, renowned for their programmable and signal amplification capacity, have emerged as efficient tools for meeting these challenges. However, the intrinsic sensitivity of CRISPR/Cas assays relying on a single Cas effector is typically confined to the picomolar level, often necessitating complex nucleic acid preamplification. Cascaded CRISPR systems, which integrate sequential enzymatic reactions or multiple CRISPR effectors, can address this limitation by achieving nucleic acid preamplification-free signal enhancement. This review starts with the introduction of the design principles and working mechanisms of cascaded CRISPR strategies, encompassing Enzyme-Coupled cascades, Multi-effector class 2 CRISPR cascades, and Type III CRISPR-mediated cascades. Then, we highlight the deployment of these techniques across diverse bio-sensing scenarios, ranging from disease diagnosis to food and environmental surveillance. Finally, critical challenges and emerging frontiers are discussed, including integration with digital detection platforms and AI-assistant algorithms."
"pubmed","42700448","10.1002/rmv.70199","CRISPR-Engineered CAR-T Cell Therapy for Epstein-Barr Virus-Associated Nasopharyngeal Carcinoma: A Review of Emerging Therapeutic Prospects.","Allehyani, Noor; Alissa, Mohammed; Alghamdi, Abdullah; Alshehri, Mohammed A; Abusalim, Ghadah S; Alhegaili, Alaa S; Juraybi, Tawfiq N; Alsuwat, Meshari A","Reviews in medical virology","2026-09-06","https://pubmed.ncbi.nlm.nih.gov/42700448/","Epstein-Barr virus (EBV)-associated nasopharyngeal carcinoma (NPC) remains a clinically challenging malignancy, particularly in recurrent or metastatic disease where durable responses to chemoradiotherapy and immune checkpoint blockade are limited. The viral aetiology of NPC provides a strong biological rationale for immune-based treatment; however, translation of chimaeric antigen receptor (CAR) T-cell therapy into this solid tumour setting is constrained by poor tumour trafficking, antigen heterogeneity, limited surface accessibility of EBV latent antigens, T-cell exhaustion, and an immunosuppressive tumour microenvironment. This review critically evaluates the emerging therapeutic prospects of CRISPR-engineered CAR-T cell therapy for EBV-associated NPC. It synthesises evidence on EBV latency biology, NPC immune evasion, solid-tumour CAR-T limitations, and genome-engineering strategies including conventional CRISPR-Cas9, base editing, prime editing, and double-strand-break-sparing targeted integration. Particular attention is given to genotoxicity, chromosomal rearrangements, chromosome loss, bystander and off-target editing, manufacturing heterogeneity, and the regulatory and biological barriers that currently separate technical feasibility from NPC-specific clinical implementation. Available clinical evidence from checkpoint blockade, EBV-specific adoptive T-cell therapy, base-edited CAR-T cells in haematologic malignancy, and early CRISPR-edited T-cell trials supports the feasibility of immune and genetic redirection but does not establish efficacy of a clinically validated CRISPR-engineered CAR-T platform for NPC. Future development should prioritise surface-accessible antigen validation, fit-for-purpose selection of editing technology, genomic safety, scalable manufacturing, and biomarker-driven early-phase trials."
"pubmed","42700392","10.1016/j.celrep.2026.117939","Type IV-C CRISPR-Cas effector complexes recognize double-stranded DNA and switch on collateral cleavage of ssDNA and RNA.","Pittman, Conor C; Xu, Chengtao; Catchpole, Ryan J; Garrett, Sandra; Fuchs, Ryan; Chu, Xiaomeng; Makarova, Kira S; Koonin, Eugene V; Zhao, Peng; Wells, Lance; Graveley, Brenton R; Ke, Ailong; Terns, Michael P","Cell reports","2026-09-06","https://pubmed.ncbi.nlm.nih.gov/42700392/","Type IV-C CRISPR-Cas systems remain enigmatic compared to other class 1 systems. Here, we expand the type IV-C catalog, identifying two phylogenetically distinct clades primarily found in archaea (IV-C1) or bacteria (IV-C2), distinguishable by the Cas10IVc subunit architecture. We functionally and structurally characterize type IV-C1 systems from Thermococcus onnurineus (Ton) and Pyrococcus abyssi (Pab). Type IV-C complexes assemble with crRNAs derived from distinct CRISPR arrays and recognize a 5'-GGG-3' protospacer adjacent motif (PAM) to bind double-stranded DNA targets. Target recognition activates the HD domain of Cas10IVc, triggering metal-dependent collateral cleavage of single-stranded DNA and RNA. This behavior is explained by allosteric alignment of the HD active site, triggered by PAM-dependent R-loop formation, as revealed by cryo-EM. Together, our findings suggest that type IV-C systems provide immunity via non-specific cleavage of nucleic acids generated during mobile genetic element replication or transcription."
"pubmed","42700290","10.1007/s11033-026-12687-w","Binding analysis of the response regulator NarL protein to the promoter of the O(6)-methylguanine-DNA methyltransferase (ogt) gene in Salmonella Typhimurium.","Sahoo, Pravas Ranjan; Kumar, Ajay; Pashupathi, M; Sahoo, Jyochhna Rani","Molecular biology reports","2026-09-06","https://pubmed.ncbi.nlm.nih.gov/42700290/","BACKGROUND: Salmonella Typhimurium (STM) is a gram-negative bacterium that causes severe gastrointestinal disorders in both animals and humans. The regulation of DNA repair genes is critical for maintaining genomic stability of the bacteria. O(6)-methylguanine DNA methyltransferase (Ogt), plays a vital role in repairing alkylated DNA in STM; however, the transcriptional regulation of ogt gene remains poorly characterized. Furthermore, NarL is a transcriptional regulator, involved in the pathogenesis of STM under anaerobic condition. Therefore, this study investigated the interaction between NarL protein and the promoter region of the ogt gene. METHODS: In this study, narl gene was cloned in pET32a vector and NarL protein was expressed in Escherichia coli BL21 (DE3). Subsequently, the ogt gene promoter (pogt) was selected, amplified, cloned and its activity was evaluated. Electrophoretic mobility shift assay (EMSA), isothermal titration calorimetry (ITC), molecular docking were employed to elucidate the interaction between NarL protein and ogt promoter. Furthermore, the regulatory role of NarL in ogt gene expression was validated in vivo using RT-qPCR and beta-galactosidase assay. RESULTS: This study resulted that NarL protein interacts specifically with the ogt promoter, as confirmed by EMSA and ITC, with DeltaG of - 9.42 kcal mol(-)(1). Furthermore, RT-qPCR and beta-galactosidase assays demonstrated that deletion of narl significantly (P </= 0.01) decreased ogt transcript levels and promoter activity than wild Salmonella Typhimurium, whereas exogenous supplementation of recombinant NarL protein restored the expression. These findings suggest that NarL plays a potential regulatory role in ogt gene expression in response to environmental signals. CONCLUSION: These findings highlight an interaction between NarL protein and the promoter region of ogt gene in Salmonella Typhimurium, linking nitrogen metabolism with the DNA repair pathway in STM, which may contribute to the bacterial survival under nitrosative stress."
"pubmed","42700248","10.1007/s00011-026-02343-1","Theaflavin attenuates atherosclerosis by targeting GSK-3beta to suppress pyroptosis and Promote Autophagy in macrophages.","Yang, Sha; Liao, Liping; Yang, Qin; Xia, Tianqin; Qin, Shihan; Tang, Qingrui; Li, Mingzhu; Bian, Jiaojiao; Du, Yu; Yong, Xi; Fan, Xiaochun; Xu, Zhengmin","Inflammation research : official journal of the European Histamine Research Society ... [et al.]","2026-09-06","https://pubmed.ncbi.nlm.nih.gov/42700248/","OBJECTIVE AND DESIGN: This experimental study investigated theaflavin (TF) as a potential treatment for atherosclerosis (AS), focusing on its regulation of macrophage pyroptosis and autophagy via GSK-3beta. MATERIAL OR SUBJECTS: Human aortic tissues from controls and subjects with AS, twelve male ApoE(-/-) mice, and ox-LDL-induced Ana-1 mouse macrophages, including Gsdmd/Caspase-1-overexpressing and Gsdmd-deficient cells, were studied. TREATMENT: After 6 weeks of high-fat feeding, mice received TF (10 mg/kg/day, intraperitoneally) or PBS for 6 weeks; macrophages were stimulated with ox-LDL (20 mug/mL) and treated with TF for 48 h. METHODS: Oil Red O staining, immunofluorescence, Western blotting, ELISA, CRISPR/Cas9, molecular docking, cellular thermal shift assay, and co-immunoprecipitation were performed. Data were expressed as mean +/- SD and analyzed using unpaired two-tailed t-tests or ANOVA with Dunnett's test. RESULTS: TF attenuated aortic plaque formation and reduced GSDMD-N, C-CASP1, NLRP3, and IL-1beta. In vitro, TF suppressed lipid uptake in Gsdmd- or Caspase-1-overexpressing macrophages but showed no effect in Gsdmd-deficient cells. TF interacted with GSK-3beta, reduced p-GSK-3beta(Tyr216), promoted autophagy, and enhanced GSK-3beta-cathepsin B interaction. CONCLUSIONS: TF attenuates AS progression by suppressing pyroptosis-mediated foam cell formation and promoting autophagy through modulation of GSK-3beta activity."
"pubmed","42699760","10.1016/j.isci.2026.117332","The Sox2 regulatory region 42 produces enhancer RNAs that influence neuronal migration during cortical development.","Banno, Satoe; Sanosaka, Tsukasa; Tomooka, Ryo; Mizota, Noriko; Tokunaga, Akinori; Okano, Hideyuki; Kohyama, Jun","iScience","2026-09-06","https://pubmed.ncbi.nlm.nih.gov/42699760/","Precise regulation of neural progenitor states and neuronal positioning is essential for cortical development. Here, we identified Sox2 regulatory region 42 (SRR42), a regulatory region located 42 kb downstream of the Sox2 transcription start site that exhibits open chromatin, active histone modifications, and bidirectional transcription of enhancer RNAs (eRNAs). Using transgenic reporter mice, we found that SRR42 is active in neural progenitor cells in the developing cortex. CRISPR-Cas9-mediated deletion of SRR42 combined with single-cell multiome analysis revealed alterations in progenitor-state dynamics, neuronal migration, and cortical lamination without detectable changes in Sox2 expression. Furthermore, in vivo knockdown of SRR42-derived eRNAs impaired neuronal migration. These findings identify SRR42-derived RNAs as regulators of neuronal migration during cortical development and highlight enhancer-associated transcription as a functional component of neurodevelopmental gene regulation."
"pubmed","42699674","10.1039/d6ra04475a","Combating New Delhi metallo-beta-lactamase-1 (NDM-1): an integrated review of inhibitor development and next-generation therapeutic platforms.","Mohanty, Akankhya; Sahoo, Rajesh Kumar; Sanket, A Swaroop; Rout, Ellojita","RSC advances","2026-09-06","https://pubmed.ncbi.nlm.nih.gov/42699674/","New Delhi metallo-beta-lactamase-1 (NDM-1), which has emerged globally, exhibits resistance to almost all beta-lactam antibiotics, including carbapenems, posing a major challenge to modern antibiotic therapy. Deep sequencing has revealed the evolution of several new NDM variants (some of the variants are more thermostable than NDM-1) due to mutations that increase their zinc-binding and catalytic efficiency and establish a selective pressure on the enzymes. In addition to enzymatic breakdown, NDM-mediated resistance is exorbitantly exhibited via porin loss, efflux pump activity, biofilm formation, and outer membrane vesicle-mediated dissemination. Despite the urgent need for effective countermeasures, no clinically approved inhibitor of NDM-1 has been developed. This review explores the structural and functional characteristics of NDM-1, together with the epidemiology of bla (NDM-1)-harbouring bacterial pathogens. It further elaborates the catalytic basis of the broad-spectrum beta-lactam hydrolysis mechanism, attributed to the presence of dinuclear Zn(ii); the conserved alphabeta/betaalpha metallo-beta-lactamase fold, and flexible active-site loops that govern substrate recognition are also highlighted. In addition, this review provides details on the known inhibitor classes, including thiol-based compounds, hydroxamates, bicyclic boronates, repurposed drugs, and natural products, and discusses the challenges related to pharmacokinetics, toxicity, and variant-specific effectiveness. Other emerging approaches, such as CRISPR-Cas systems for targeted gene editing, nanoparticle-based delivery platforms, and artificial intelligence-driven drug discovery, are also explored as promising options for future therapy development."
"pubmed","42699634","10.5603/rpor.112754","Clinical stage-dependent expression of MRE11 and its association with laryngeal cancer progression.","Pechacova, Zdenka; Lohynska, Radka; Spurkova, Zuzana; Sedivec, Vratislav; Svajdler, Marian; Drbohlavova, Tereza; Tesarova, Petra; Pala, Miloslav","Reports of practical oncology and radiotherapy : journal of Greatpoland Cancer Center in Poznan and Polish Society of Radiation Oncology","2026-09-06","https://pubmed.ncbi.nlm.nih.gov/42699634/","BACKGROUND: Radiotherapy is a mainstay of treatment for laryngeal cancer. MRE11, a core component of the MRN complex, contributes to radioresistance and also has a signalling function. This study examines the association between MRE11 expression and tumour progression in patients with laryngeal cancer treated at Bulovka University Hospital in Prague. MATERIALS AND METHODS: This retrospective study included 108 patients with laryngeal cancer treated with radiotherapy. Immunohistochemical analysis was performed on pretreatment biopsy samples to evaluate the expression of selected DNA repair proteins and statistically assess their impact on treatment outcomes. RESULTS: Of the proteins studied, MRE11 showed the strongest statistical association, with significantly higher expression in early clinical stages I-II and lower expression in stages III-IV (p < 0.001). Higher MRE11 expression was associated with better overall survival (p < 0.001) and longer progression-free survival (p = 0.025). No significant relationship was observed between analysed protein expression and treatment toxicity. CONCLUSIONS: In our cohort of patients with laryngeal carcinoma treated with radiotherapy, elevated immunohistochemical expression of MRE11 was associated with less advanced disease and improved treatment outcomes, in contrast to findings in other head and neck cancers. This discrepancy may reflect the context-dependent function of MRE11. Further research is needed to clarify the prognostic role of MRE11 and its potential use in guiding personalised treatment."
"pubmed","42699430","10.1097/BS9.0000000000000296","LPCAT3 is essential for leukemia progression and represents a therapeutic vulnerability in AML.","Cao, Mutian; Cong, Lizhen; He, Yifei; Hao, Mingyue; Ling, Yuanyi; Li, Wanting; Zhang, Mingyue; Yuan, Weiping; Chu, Yajing","Blood science (Baltimore, Md.)","2026-09-06","https://pubmed.ncbi.nlm.nih.gov/42699430/","Acute myeloid leukemia (AML) is a group of genetically and clinically heterogeneous malignancies characterized by clonal expansion of immature myeloid progenitors and profound disruption of normal hematopoiesis. Emerging evidence suggests that alterations in cellular homeostasis shape cancer progression. However, the mechanisms underlying AML progression remain largely unclear. Here, we identify lysophosphatidylcholine acyltransferase 3 (LPCAT3), a key enzyme of the Lands' cycle, as a critical regulator of AML progression. Analysis of public transcriptomic datasets and patient-derived CD34(+) cells revealed robust LPCAT3 overexpression in AML and an association between high LPCAT3 levels and inferior overall AML patient survival. Suppression of LPCAT3 by shRNA or CRISPR-Cas9 in MOLM-13 and THP-1 cells markedly impaired proliferation, induced apoptosis, and caused G0/G1 cell-cycle arrest. Conversely, enforced overexpression promoted cell survival. In xenograft murine models, LPCAT3 depletion reduced leukemic burden. RNA-seq following LPCAT3 loss showed that genes differentially expressed were significantly enriched in granulocyte chemotaxis-related pathways, suggesting a role of LPCAT3 in modulation of leukemic differentiation programs and microenvironmental interactions. Collectively, these data established that LPCAT3 as a previously unrecognized mediator of AML cell fitness and as a potential therapeutic target."
"pubmed","42699102","10.1016/j.ijpx.2026.100643","Targeted Nanoparticle Delivery CRISPR/Cas9: overcoming biological barriers, enhancing stability, and improving therapeutic precision.","Sriwidodo, Sriwidodo; Suhandi, Cecep; Sagitasa, Salsa; Davinali, Belva Annora Alfita; Maksum, Iman Permana; Safuan, Sabreena","International journal of pharmaceutics: X","2026-09-06","https://pubmed.ncbi.nlm.nih.gov/42699102/","Clustered regularly interspaced short palindromic repeats (CRISPR)/CRISPR-associated protein 9 (Cas9) has emerged as a promising gene-editing platform for genetic disorders; however, its in vivo application remains limited by low delivery efficiency and biological barriers. Many CRISPR payloads fail to reach target sites due to extracellular degradation, immune clearance, and intracellular trafficking limitations. This review examines the interplay between biological barriers and nanoparticle engineering strategies for CRISPR/Cas9 delivery. A barrier-oriented engineering approach is proposed as a central framework, encompassing ligand-based surface modification for enhanced targeting and uptake, improved circulation stability via PEGylation and biomimetic coatings, and optimized payload release through endosomal escape strategies. Stimulus-responsive nanoparticle systems further enable spatiotemporal control over payload release. Nuclear targeting strategies, including optimization of nuclear localization signals (NLS) and exploitation of endogenous trafficking pathways, are highlighted as key factors for improving genome-level editing efficiency. Despite these advances, major challenges-including limited intracellular delivery efficiency, insufficient targeting precision, and safety concerns-continue to hinder clinical translation. Future directions highlight artificial intelligence-driven nanoparticle design, personalized delivery systems, and next-generation CRISPR platforms. Overall, an integrated, barrier-oriented engineering strategy is essential for advancing CRISPR/Cas9 delivery toward clinical applications, ultimately advancing global good health and well-being."
"pubmed","42698906","10.1016/j.synbio.2026.08.006","Strategy for enhanced production of A40926B0 in Nonomuraea gerenzanensis using an efficient CRISPR/AsCas12f1 system.","Wang, Xiaoru; Zhai, Hongmei; Gu, Dandan; Wang, Yongchao; Gao, Jiali; Du, Luxi; Zhuo, Liuxu; Li, Xiaobing; Wang, Yu","Synthetic and systems biotechnology","2026-09-06","https://pubmed.ncbi.nlm.nih.gov/42698906/","The global emergence of vancomycin-resistant Gram-positive pathogens underscores the urgent need for efficient production of novel lipoglycopeptide antibiotics. Dalbavancin, a last-resort therapeutic agent, relies on its key biosynthetic precursor A40926B0, whose industrial manufacture is severely limited by the low yield of wild-type Nonomuraea gerenzanensis and inefficient genetic tools for this rare actinomycete. Here, we developed a high-efficiency CRISPR/AsCas12f1 genome editing system and applied systematic metabolic engineering to boost A40926B0 biosynthesis. First, conjugation conditions were optimized to elevate the transfer efficiency in N. gerenzanensis D11. The hypercompact AsCas12f1 nuclease showed markedly lower cytotoxicity than SpCas9 and enabled 100% gene deletion efficiency with preferred PAMs (TTTG, CTTG, GTTG). Second, we strengthened the shikimate pathway via multiple genetic strategies: overexpressing feedback-resistant DAHP synthase (aroG (fbr) ) and chorismate mutase/prephenate dehydrogenase (tyrA (fbr) ), as well as knocking out pheA. This manipulation blocks the phenylalanine synthetic branch and redirects metabolic flux toward the l-tyrosine branch. Third, we engineered the branched-chain fatty acid (BCFA) pathway via promoter replacement of bkdA2B2C2, LipAB, fabF and deletion of acdH to enhance isododecanoyl side-chain supply. The combinatorial engineering yielded strain B-13, which produced 1740 mg/L A40926B0 in shake flasks. Finally, 50-L fed-batch fermentation with continuous maltodextrin feeding further increased the titer to 1817 mg/L, the highest reported titer to date. This work establishes a robust CRISPR editing tool for N. gerenzanensis and provides valuable engineering references for precursor-oriented strain improvement targeting lipoglycopeptide antibiotics, offering insights for the industrial scale production of A40926B0."
"pubmed","42698869","10.3389/fcell.2026.1931336","Induced pluripotent stem cell reprogramming: methodological evolution and challenges in clinical translation.","Chen, Mengmeng; Zuo, Ning; Wang, Qi; Zhao, Hongyang; Dai, Pengdan; Liang, Shaoshuai; Zhu, Wei; Zhang, Haoyun; Iqbal, Muhammad Omer; Dong, Dingcai; Zhang, Bingqiang","Frontiers in cell and developmental biology","2026-09-06","https://pubmed.ncbi.nlm.nih.gov/42698869/","Cell reprogramming can transform somatic cells into induced pluripotent stem cells providing a platform for patient-specific disease modeling, drug screening and regenerative medicine research. Since the advent of OKSM-mediated reprogramming, the system of technical approaches has evolved continuously - from integrated viral vectors to non-integrated episomal systems and, more recently, chemical reprogramming and CRISPR approaches. The simultaneous advances in single-cell multi-omics, biomaterials engineering, and artificial intelligence have further refined the controllability and precision of the reprogramming process. Despite these innovations, problems persist that hinder clinical translation: incomplete epigenetic resetting, ongoing clonal heterogeneity, genomic instability in long-term culture, and the lack of standardized Good Manufacturing Practice protocols for large-scale manufacturing. This review summarizes the trajectory of iPSC reprogramming technologies, with special emphasis on the translational applicability of each modality. We evaluated viral and nonviral delivery systems, chemical reprogramming, strategies that aid gene editing, and emerging engineering platforms, including microfluidics, smart biomaterials, and artificial-intelligence-driven process optimization. We further identify the core ""translational triltrilas"", namely, the inherent tradeoffs between security, homogeneity, and scalability, and propose a comprehensive strategy to overcome these bottlenecks. By linking basic mechanistic understandings with industrial and regulatory considerations, this review aims to provide a route for transitioning iPSC technology from a laboratory tool to a clinically viable manufacturing platform."
"pubmed","42698844","10.3892/ol.2026.15834","Characterization of ZIC5 expression in esophageal squamous cell carcinoma and its association with patient survival.","Yang, Bo; Wang, Baige; Deng, Haiquan; Luo, Yong; Wu, Shenghao; Yin, Huaxin; Zhang, Hongdian; Zhang, Yuncheng; Zhang, Zhen","Oncology letters","2026-09-06","https://pubmed.ncbi.nlm.nih.gov/42698844/","Esophageal squamous cell carcinoma (ESCC) is a prevalent malignancy known for its aggressive nature and poor prognosis. The present study aimed to investigate the expression levels and clinical importance of the Zic family member 5 (ZIC5) gene in ESCC. Gene expression data and survival information obtained from The Cancer Genome Atlas and Gene Expression Omnibus were utilized. In 176 patients with surgically resected ESCC, immunohistochemical analysis was conducted to validate the expression of ZIC5 protein in cancerous and adjacent tissues. The findings of the present study revealed a significant upregulation of ZIC5 in ESCC compared with normal tissues (P<0.05), which was further corroborated by immunohistochemistry exhibiting a notable association between ZIC5 expression and clinical parameters such as tumor size, invasion depth, lymph node metastasis and TNM staging (P<0.05). Survival analysis further indicated that high ZIC5 expression was an independent prognostic factor for poor outcomes in patients with ESCC (hazard ratio=1.519; 95% CI: 1.017-2.269; P<0.05). In addition, bioinformatic analyses predicted that hsa-microRNA-212-5p may regulate ZIC5 mRNA and gene enrichment analysis suggested that ZIC5 may facilitate ESCC progression through involvement in the cell cycle and DNA repair pathways. In conclusion, ZIC5 is highly expressed in ESCC and associated with a poor prognosis, indicating its potential as a therapeutic target and biomarker for ESCC management. Further studies are warranted to elucidate the precise mechanisms underlying the role of ZIC5 in ESCC progression."
"pubmed","42698704","10.1016/j.isci.2026.117335","Coincidence of L1 retrotransposition and DNA repair deficiency elicits synthetic lethality in S-phase mature neurons.","Takahashi, Fumio; Yamamura, Takashi; Oki, Shinji","iScience","2026-09-06","https://pubmed.ncbi.nlm.nih.gov/42698704/","Neurodegeneration involves the entangled processes of cell-autonomous and non-cell-autonomous neuronal cell death, which leads to a collapse in the integrity of the neural network and causes behavioral symptoms. Here, we demonstrate that aberrant cell cycle re-entry (CCR) is prominent in mature neurons and that the replication fork acts as a target site for long interspersed nuclear element-1 (L1) retrotransposition during neurodegeneration. The fatal susceptibility of S-phase neurons in 5xFAD mice is attributed to a DNA repair deficiency in response to L1-mediated replication stress. Impaired sirtuin 6 expression seems to allow stochastic L1 activation and enhanced retrotransposition. Reduced estrogen/prolactin signaling correlates well with reduced Brca1 expression that is thought to protect neurons from replication stress. Importantly, L1-mediated pathogenesis correlates well with conventional Alzheimer's disease pathology. In summary, the combination of enhanced L1 retrotransposition and DNA repair deficiency elicited synthetic lethality in S-phase neurons, highlighting a previously unknown pathogenic mechanism of neurodegeneration."
"pubmed","42698639","10.3389/fbioe.2026.1877497","Systemic removal of host restriction factors enables rapid, scalable virus production for cell culture-based vaccine development.","Xu, Zhengmei; Jeon, Jaemyeong; Oh, Jinsoo; Shin, Youngki; Park, Se-Ho","Frontiers in bioengineering and biotechnology","2026-09-06","https://pubmed.ncbi.nlm.nih.gov/42698639/","The efficiency of cell culture-based vaccine production is fundamentally constrained by the antiviral defenses of host cells, creating a major bottleneck for rapid and large-scale vaccine manufacturing. Key antiviral proteins-such as RNase L, PKR, and JAK1 act as intrinsic brakes on viral replication, limiting efficient propagation of many clinically relevant viruses. To overcome this challenge, we generated HEK293T, Vero, and MDCK cell lines with targeted knockouts of multiple antiviral genes. Notably, these engineered cells maintained normal growth and viability while supporting markedly increased viral yields. Multi-gene deletions enhance the replication of both enveloped viruses, including influenza A virus, pseudotyped lentivirus, and porcine epidemic diarrhea virus (PEDV), and non-enveloped viruses such as coxsackievirus. The magnitude of enhancement scaled proportionally with the number of genes disrupted. By systematically removing host restriction factors, this platform provides a versatile and powerful strategy for accelerating viral propagation, offering a strong foundation for more efficient development and large-scale production of cell culture-based anti-viral vaccines."
"pubmed","42698624","10.3389/fcell.2026.1918694","An isogenic hiPSC-derived keratinocyte model reveals CXCL10/CXCL11 inflammatory dysregulation in epidermolysis bullosa simplex.","Saidani, Manoubia; Martineau, Sabrina; Mahmoud, Marwa; Domingues, Sophie; Doyen, Manon; El Kassar, Lina; Hadj-Rabia, Smail; Bodemer, Christine; Allouche, Jennifer; Baldeschi, Christine; Holic, Nathalie","Frontiers in cell and developmental biology","2026-09-06","https://pubmed.ncbi.nlm.nih.gov/42698624/","Epidermolysis bullosa simplex (EBS) is a genetic skin disorder driven by dominant pathogenic variants in KRT5 or KRT14 genes, leading to cytoskeletal fragility in basal keratinocytes and intraepidermal blistering. No curative therapies are currently available, and the link between keratin mutations and disease mechanisms remains incompletely understood. To further investigate the inflammatory component of EBS, we used a model of hiPSC-derived keratinocytes carrying dominant KRT5 variants, alongside a genetically corrected isogenic counterpart. This approach established a direct link between the KRT5 variants and keratin aggregation, impaired proliferation, and an inflammatory phenotype. The inflammatory signature was confirmed by increased expression of IL1A and IL1B, consistent with previous observations in EBS, while CXCL10 and CXCL11 emerged as newly identified dysregulated chemokines. Their consistent increase across independent cell lines, elevated secretion, and normalization in the CRISPR-corrected isogenic cells indicate that KRT5 variants trigger a keratinocyte-intrinsic CXCL10/CXCL11 inflammatory response. Pharmacological inhibition of the IFN-gamma-JAK1/2-STAT1 pathway suppressed their secretion, supporting JAK inhibition as a potential therapeutic strategy to modulate EBS-associated inflammatory dysregulation. In conclusion, this study shows that beyond structural defects, KRT5 variants establish a keratinocyte-intrinsic inflammatory phenotype in which the CXCL10 and CXCL11 axis emerges as a key disease-associated signature and a promising therapeutic target."
"pubmed","42698516","10.3389/fvets.2026.1917943","Development of an ERA-CRISPR/Cas12a-based visual diagnostic assay for bovine babesiosis.","Li, Yongchang; Feng, Xiujuan; Fu, Xianyue; Kalim, Fakiha; Li, Shiyun; Zafar, Iqra; Rizk, Mohamed Abdo; Cui, Zeyun; Chahan, Bayin; Li, Yinke; Ning, Dongpo; Guo, Qingyong","Frontiers in veterinary science","2026-09-06","https://pubmed.ncbi.nlm.nih.gov/42698516/","Bovine babesiosis, caused by Babesia bovis, is a tick-borne hemoparasitic disease causing substantial economic losses to cattle industries worldwide. Current diagnostic methods, particularly microscopy, lack sensitivity for subclinical infections, while molecular assays require sophisticated equipment unsuitable for field use. To address this gap, we developed a novel diagnostic assay integrating enzymatic recombinase amplification (ERA) with CRISPR-Cas12a-mediated trans-cleavage, targeting the B. bovis spherical body protein 2 (SBP2) gene. The assay enables visual readout via UV/blue light fluorescence and lateral flow strips. Following systematic optimization of primers, crRNA, reaction temperature, and reporter concentration, the ERA-CRISPR/Cas12a system achieved complete amplification within 20 min at 37  degrees C and demonstrated a detection limit of 10 copies/muL with high specificity for B. bovis. comparable diagnostic performance with conventional PCR within the tested sample panel. The fluorescence readout achieved a detection limit of 10(1) copies/muL, while the lateral-flow strip format exhibited a detection limit of 104 copies/muL. The entire procedure, from DNA extraction (approximately 30 min) to final result readout (ERA: 20 min; CRISPR-Cas12a: 20 min), can be completed within approximately 70 min. This detection method supports two types of visual detection: portable blue light and test strips, and is suitable for on-site environments with limited resources. This work provides a practical diagnostic tool for rapid, accurate detection of bovine babesiosis, with potential applicability to other veterinary pathogens."
"pubmed","42698021","10.1038/s44319-026-00913-2","Vimentin loss inhibits DNA damage responses and promotes cancer cell survival.","Infante, Elvira; Terriac, Emmanuel; Gelin, Matthieu; Roca, Vanessa; Jabre, Saline; Siegfried, Hugo; Pereira, David; Varet, Hugo; Khalilian, Sara; Asnacios, Atef; van Bodegraven, Emma J; Etienne-Manneville, Sandrine","EMBO reports","2026-09-05","https://pubmed.ncbi.nlm.nih.gov/42698021/","Vimentin intermediate filaments are a hallmark of aggressive tumours and are widely linked to invasion and EMT, yet how vimentin-dependent mechanics shape genome maintenance and therapy response is unclear. Here we show that vimentin, particularly under compressive load, promotes DNA repair competence. In contrast, vimentin-negative cells show impaired DNA damage sensing and downstream signaling, ultimately leading to decreased apoptosis and promoting cell survival under genotoxic stress at the expense of genomic stability. Using controlled cell compression together with genetic and pharmacological perturbations, we find that loss of vimentin in glioblastoma cells limits the expression and activity of core repair pathways because of induced nuclear mechanical compression. Relieving nuclear compression restores DNA damage accumulation and repair kinetics. Functionally, suppression of DNA damage responses enhances survival after clinically relevant DNA-damaging treatments, including temozolomide, X-Ray radiation and cell invasion through tight spaces. These findings invert the prevailing view that vimentin's contribution to tumour progression stems from enhanced migration and identify a mechanochemical vimentin-nucleus axis that tunes DNA damage responses to favor therapy tolerance and genome evolution."
"pubmed","42697969","10.1038/d41586-026-02740-w","CRISPR therapy cuts cholesterol for at least 12 months.","","Nature","2026-09-05","https://pubmed.ncbi.nlm.nih.gov/42697969/",""
"pubmed","42697774","10.1016/j.biocel.2026.107023","Corrigendum to 'Structure-function study of deinococcal serine/threonine protein kinase implicates its kinase activity and DNA repair protein phosphorylation roles in radioresistance of Deinococcus radiodurans' [Int. J. Biochem. Cell Biol. 45 (2013) 2541-2552].","Rajpurohit, Yogendra S; Misra, Hari S","The international journal of biochemistry & cell biology","2026-09-04","https://pubmed.ncbi.nlm.nih.gov/42697774/",""
"pubmed","42697730","10.1523/ENEURO.0479-25.2026","Electrophysiological profiling of exocytosis during early-stage development of the zebrafish lateral line.","Wang, Jiali; Landajuela, Ane; Santos-Sacchi, Joseph; Karatekin, Erdem; Zenisek, David","eNeuro","2026-09-04","https://pubmed.ncbi.nlm.nih.gov/42697730/","Hair cells of the zebrafish lateral line have proven to be a good model for studying hair cell function in a system that is easily genetically manipulated, rapidly develops and is experimentally accessible. However, characterization of potential developmental changes, and possible differences along lateral line position are lacking. Here, we used in vivo patch clamp to investigate the exocytic properties of neuromast hair cells over early development across body location. Long depolarizations led to steady increases in membrane capacitance, presumably due to exocytosis of vesicles localized to ribbon synapses. The magnitude and kinetics of capacitance changes did not vary significantly across the L1 to L6 position of neuromasts along lateral line, but the magnitudes were found to be significantly smaller in hair cells found in the tail region across all developmental time points. For each region, we found no significant changes in capacitance responses between 3 and 7 days after fertilization. Hair cell capacitance responses were greatly reduced in animals injected with CRISPR/Cas9 with gRNAs targeted to otoferlin b. These results confirm the essential role of otoferlin b in neuromast hair cell function, and they demonstrate the fidelity of CRISPR/Cas9 to rapidly mediate genetic removal of critical genes to study their impact on synaptic release.Significance Statement The zebrafish lateral line is a well-established model system for studying hair cell function. In our manuscript, we systematically investigate these properties and find that properties remain consistent across developmental time, despite ongoing maturation of the synapse and discover key differences in hair cell responses in the tail region relative to those along the body. Moreover, we establish that disruption of Otoferlin B by CRISPR/Cas9 dramatically reduces exocytosis. These studies provide important new information that are important for establishing a baseline for investigating the impact of genetic manipulations on hair cell function."
"pubmed","42697673","10.1016/j.pestbp.2026.107304","Field-derived insights into rice bakanae management: A novel transcription factor RARF1 regulates resistance to respiration-inhibiting fungicides in Fusarium fujikuroi.","Choi, Sungyu; Kim, Geonwoo; Son, Doeun; Choi, Jae-Ha; Park, Soyoon; Choi, Hyo-Won; Sang, Hyunkyu","Pesticide biochemistry and physiology","2026-09-04","https://pubmed.ncbi.nlm.nih.gov/42697673/","A comprehensive survey of field-isolated Fusarium fujikuroi populations was conducted to evaluate their sensitivity to the quinone outside inhibitor (QoI) orysastrobin. The assessment revealed widespread insensitivity to this fungicide, whereas canonical resistance-conferring mutations in the target cytochrome b (cytb) gene were absent in the representative isolates examined. To clarify the non-target site resistance (NTSR) mechanisms driving this phenomenon, we identified a novel Zn(2)Cys(6) transcription factor, FFUJ_00276 (designated as RARF1, Respiration Associated Regulatory Factor 1), which was transcriptionally induced upon orysastrobin exposure. Functional characterization via CRISPR-Cpf1-mediated gene deletion demonstrated that Deltararf1 mutants exhibited increased susceptibility to both QoI and succinate dehydrogenase inhibitor (SDHI) fungicides. In planta assays indicated that while RARF1 is dispensable for fungal pathogenicity, it is required to sustain orysastrobin resistance during host infection. Comparative transcriptomic analysis revealed that the loss of RARF1 resulted in the coordinated downregulation of genes governing ribosome biogenesis and mitochondrial oxidative phosphorylation. Simultaneously, orysastrobin treatment triggered the upregulation of multiple ATP-binding cassette (ABC) and major facilitator superfamily (MFS) transporters. These results establish RARF1 as a key regulatory component governing fundamental cellular bioenergetics under fungicidal stress. Importantly, this study provides a pioneering framework for exploring QoI NTSR mechanisms and highlights RARF1 as a promising molecular target for managing resistance in F. fujikuroi."
"pubmed","42697672","10.1016/j.pestbp.2026.107303","Development of an RPA-CRISPR/Cas12a-based rapid visual detection method for two insecticide resistance-associated mutations in Aphis gossypii: A302S in the ace1 gene and M918L in the para gene.","Kang, Rujing; Qian, Yucheng; Zuo, Yuanchi; Li, Ren; Zhang, Lei","Pesticide biochemistry and physiology","2026-09-04","https://pubmed.ncbi.nlm.nih.gov/42697672/","The resistance of Aphis gossypii to pyrethroids and organophosphate/carbamate insecticides has become increasingly severe. The para M918L and ace1 A302S target-site mutations are the key mechanisms conferring resistance to these two types of insecticides, respectively. However, rapid and field-deployable methods for detecting these mutations are still lacking. In this study, the genotype and allele frequencies of eight field populations collected in 2023 were investigated, and a rapid visual detection method based on RPA-CRISPR/Cas12a was developed. By optimizing the concentration of the reaction components, specific recognition of both mutations was achieved. The optimized assay could be completed within 1 h under a single-temperature condition of 37  degrees C, with fluorescence signals directly visualized using a portable 440-460 nm blue-light illuminator without PCR thermocyclers, fluorescence readers or sequencing platforms. Validation using the tested field samples showed complete concordance with Sanger sequencing. In addition, Sanger sequencing further showed that no homozygous susceptible genotype was detected at the para M918 locus across all populations, whereas the 302S allele frequency at the ace1 A302S locus exhibited significant geographic variation, ranging from 0% to 100%. The RPA-CRISPR-based visual detection method developed in this study is rapid, accurate, and does not require expensive instrumentation. Together with previously developed neonicotinoid resistance detection techniques, it forms a comprehensive monitoring system for multiple resistance in A. gossypii, providing a practical tool for rapid field diagnosis and more informed insecticide selection."
"pubmed","42697664","10.1016/j.pestbp.2026.107295","Functional characterization of PxUGT33W1 with abamectin response and reproduction in Plutella xylostella.","Li, Bingxue; Xie, Chao; Yan, Minghui; Chen, Bingwei; Zeng, Xiangdong; Zhang, Xiyue; Yu, Guangyu; Luo, Mengxue; Zhang, Shaoling; You, Minsheng; You, Shijun; Xiong, Lei","Pesticide biochemistry and physiology","2026-09-04","https://pubmed.ncbi.nlm.nih.gov/42697664/","UDP-glycosyltransferases (UGTs) are key Phase II detoxification enzymes involved in insect xenobiotic metabolism; however, the functional contribution of individual UGT genes to abamectin response in Plutella xylostella remains poorly understood. In this study, we characterized a candidate gene, PxUGT33W1, using a combination of molecular, cellular, and genetic approaches. PxUGT33W1 exhibited broad expression across developmental stages and tissues, with elevated transcript levels in the midgut, epidermis, and reproductive organs. Its expression was significantly induced following abamectin exposure in a time-dependent manner, suggesting a stress-responsive pattern. Heterologous expression of PxUGT33W1 in Sf9 cells was associated with increased cellular survival under abamectin treatment, although whether this effect reflects direct enzymatic activity remains to be determined. CRISPR/Cas9-mediated knockout of PxUGT33W1 was associated with a 3.1-fold increase in larval susceptibility to abamectin, accompanied by a significant reduction in overall UGT activity toward alpha-naphthol. Furthermore, the knockout strain exhibited reduced fecundity, along with altered expression of vitellogenin (Vg), vitellogenin receptor (VgR), and juvenile hormone signaling-related genes. Collectively, these findings suggest that PxUGT33W1 may contribute to variation in abamectin susceptibility and reproductive performance in P. xylostella. However, direct biochemical evidence for abamectin metabolism by PxUGT33W1, such as its glycosylation, and the mechanistic basis of the observed phenotypes remain to be established."
"pubmed","42697663","10.1016/j.pestbp.2026.107294","Knockout of SfVipR2 confers Vip3Aa resistance in Spodoptera frugiperda with evidence of genetic complementation among non-allelic mutations of SfVipR1, SfVipR2, and SfCHS2.","Pang, Xinru; Zhang, Zheng; Qin, Duo; Bachler, Andreas; Yang, Yihua; Wu, Yidong","Pesticide biochemistry and physiology","2026-09-04","https://pubmed.ncbi.nlm.nih.gov/42697663/","The Vip3Aa protein from Bacillus thuringiensis is widely deployed in transgenic crops to control lepidopteran pests, including the fall armyworm Spodoptera frugiperda, a highly invasive, polyphagous pest of global importance. Loss-of-function mutations in SfVipR1 (a thyroglobulin-like gene) and SfCHS2 (chitin synthase 2) have previously been confirmed to confer high-level, recessive resistance to Vip3Aa in S. frugiperda. A second thyroglobulin-like gene (HaVipR2) has recently been recognized as an important determinant of Vip3Aa resistance in Helicoverpa armigera. In this study, we first confirmed that knockout of SfVipR2 using CRISPR/Cas9 gene editing also confers high-level, recessive resistance to Vip3Aa. Then, three isogenic knockout strains (SfVipR1-KO established previously; and SfVipR2-KO and SfCHS2-KO, newly generated; all in the YJ-19 genetic background) were used to investigate functional relationships among SfVipR1, SfVipR2, and SfCHS2. Reciprocal crosses between any pair of these resistant strains yielded fully susceptible hybrid progeny, demonstrating complete genetic complementation and no epistasis among the non-allelic mutations. Disruption of any of these genes can result in high-level resistance to Vip3Aa, indicating a substantial resistance risk in S. frugiperda and underscoring the need for resistance management tactics such as establishing an adequate proportion of non-Bt host refuges and deploying pyramided crops expressing Vip proteins and Bt proteins with a different mode of action than Vip3Aa (e.g., Cry proteins)."
"pubmed","42697651","10.1016/j.pestbp.2026.107282","CRISPR/Cas9-mediated knockout of CsRDL1 decreases the susceptibility of Chilo suppressalis to cyproflanilide.","Zhou, Jungang; Zang, Ziren; Gao, Hongshuai; Sun, Jinjun; Xu, Lina; Gao, Qiao; He, Hualiang; Ding, Wenbing; Qiu, Lin; Li, Youzhi","Pesticide biochemistry and physiology","2026-09-04","https://pubmed.ncbi.nlm.nih.gov/42697651/","The novel meta-diamide insecticide cyproflanilide represents a promising tool for pest control, yet its precise molecular target remains uncharacterized. The RDL1 encodes a subunit of insect ionotropic GABA receptors (GABAr), which is targeted by meta-diamide pesticides. This study investigated the functional role of the resistance to dieldrin 1 (RDL1) subunit in Chilo suppressalis, a major rice pest, by generating a homozygous CsRDL1 knockout strain (CsRDL1(-/-), lacking 101 bp) via CRISPR/Cas9-mediated gene editing. Bioassay results showed that the CsRDL1(-/-) strain exhibited a 2.67-fold increase in tolerance to cyproflanilide and a 3.08-fold increase to broflanilide, whereas its susceptibility to abamectin and emamectin benzoate, which also act on the CsRDL1 subunit, remained unchanged. These results indicate that knockout of CsRDL1 decreased susceptibility to cyproflanilide and broflanilide, and that the mode of action of these meta-diamides differs from that of abamectin and emamectin benzoate. Meanwhile, the CsRDL1(-/-) strain exhibited significant changes in key biological traits: 3rd-6th instar larval duration shortened by 9.45%, fecundity (eggs per female) reduced by 29.49%, and both pupal duration and female adult longevity were significantly shortened relative to the wild-type population. These findings provide in vivo evidence that CsRDL1 contributes to cyproflanilide susceptibility and plays important roles in development and reproduction in C. suppressalis. This study lays a foundation for further mechanistic studies on the interaction between cyproflanilide and CsRDL1 subunit, and offers insights for the development of insecticides targeting this subunit."
"pubmed","42697642","10.1016/j.pestbp.2026.107264","Field resistance monitoring and nAChR alpha6 target validation support spinetoram as a candidate insecticide for rotation in Nilaparvata lugens resistance management.","Ye, Wen-Nan; Xing, Qi; Chen, Rong-Yu; Zhang, Yan-Chao; Wu, Shun-Fan; Gao, Cong-Fen","Pesticide biochemistry and physiology","2026-09-04","https://pubmed.ncbi.nlm.nih.gov/42697642/","The brown planthopper (BPH), Nilaparvata lugens (Stal), is a major pest threatening rice production in Asia. Severe resistance to commonly used insecticides has become a major challenge for its effective control, highlighting the need for alternative insecticides. In this study, we evaluated the susceptibility of field populations of N. lugens to spinetoram and functionally validated the nicotinic acetylcholine receptor (nAChR) alpha6 subunit, Nlalpha6, as a molecular determinant of spinosyn susceptibility. Resistance monitoring showed that field populations remained highly susceptible to spinetoram despite exhibiting moderate to high resistance to several commonly used insecticides. A homozygous Nlalpha6 knockout strain generated using CRISPR/Cas9 developed high-level resistance to spinosad and spinetoram, with resistance ratios of 554.1 and 357.1, respectively, but did not show broad cross-resistance to nine other nAChR-targeting insecticides. Co-segregation analysis further confirmed tight linkage between Nlalpha6 loss of function and spinosyn resistance. Inheritance analysis showed that spinetoram resistance mediated by Nlalpha6 knockout was autosomal and completely recessive. Transcriptome analysis revealed that Nlalpha6 deficiency was associated with reduced expression of immune defense genes, enrichment of functions related to axonemes and neural processes, and coordinated activation of energy metabolism pathways, suggesting that Nlalpha6 disruption may alter neural homeostasis and energy demand. These results demonstrate that Nlalpha6 is a key subunit mediating spinosyn susceptibility in N. lugens and support spinetoram as a candidate rotation insecticide for resistance management."
"pubmed","42697556","10.1093/jxb/erag438","Maize terpene synthase 8 (ZmTPS8) produces a blend of sesquiterpenes and contributes to defense against pests and pathogens.","Sorg, Ariel; Liu, Hui; Tang, Hoang V; Mendoza, Jorrel; Tran, Kaylee; Mourad, Nadia; Li, Qin-Bao; Tucker, Ethan; Romano, Joseph; Wright, Erin; Willie, Kristen; Wilson, Jennifer R; Ohlson, Erik W; Betts, Alyssa K; Ludwick, Dalton C; Mu, Qi; Basset, Gilles J; Hunter, Charles T; Resende, Marcio F R; Block, Anna K","Journal of experimental botany","2026-09-04","https://pubmed.ncbi.nlm.nih.gov/42697556/","Maize (Zea mays) produces terpenoid-based chemical defenses through a large family of terpene synthases, but the contributions of individual enzymes to specific compounds and stress resistance remain difficult to predict. Maize terpene synthase 8 (ZmTPS8) produces multiple sesquiterpenes in heterologous systems, but its in planta function remains unknown. We integrated a metabolite genome-wide association study (mGWAS), CRISPR/Cas9 generated tps8 loss-of-function mutants, metabolite profiling, and biotic stress assays to define ZmTPS8's role in terpene synthesis and biotic stress responses. The mGWAS identified ZmTPS8 as the primary locus associated with herbivore-induced emission of the sesquiterpene volatile germacrene D. Consistently, ZmTPS8 expression was induced by foliar and root herbivory, and tps8 mutants exhibited reduced emission of germacrene D, alpha-copaene, and delta-cadinene during Spodoptera frugiperda feeding. Loss of ZmTPS8 increased S. frugiperda larval growth but did not affect the belowground herbivore Diabrotica virgifera virgifera. ZmTPS8 also contributed to resistance against sugarcane mosaic virus, and the fungal pathogen Fusarium verticillioides, affecting terpenoid profiles, global metabolism, and fungal toxin production, but had no impact on Cochliobolus heterostrophus or Pythium spp. susceptibility. Together, these results demonstrate that ZmTPS8 contributes to maize defense in a threat-dependent manner, shaping volatile emissions and defense outcomes."
"pubmed","42697518","10.1016/j.fsi.2026.111706","Molecular characterization and functional analysis of septin 8a in rohu (Labeo rohita): insights into immune regulation and developmental roles revealed by CRISPR/Cas9-mediated F0 mutagenesis.","Parida, Lopamudra; Swain, Rajeeb K; Sahoo, Pramoda Kumar","Fish & shellfish immunology","2026-09-04","https://pubmed.ncbi.nlm.nih.gov/42697518/","Septins are conserved GTP-binding cytoskeletal proteins that regulate cytokinesis, membrane dynamics, and innate immunity. Here, we report the first molecular and functional characterization of septin 8a in rohu (Labeo rohita), an economically important Indian major carp. The full-length septin 8a cDNA encodes a 420-amino acid protein containing conserved GTP-binding motifs (G1-G5) belonging to the SEPT6 subgroup with a predicted molecular weight of  approximately 48.98 kDa, hydrophilic character and intracellular localization consistent with cytoskeletal scaffolding. Developmental expression analysis revealed peak transcript abundance at fertilization, suggesting maternal deposition and an early embryogenic role. Tissue profiling showed the highest constitutive expression in gills, kidney, and spleen. The challenge experiments with Aeromonas hydrophila, Argulus siamensis, and the viral mimic poly I:C demonstrated a broad pathogen-induced upregulation, particularly in immune tissues. Administration of generated recombinant septin 8a in vivo activated pro-inflammatory cytokines, antimicrobial enzymes, antioxidant genes, and the MX gene, and conferred 55% relative percent survival against A. hydrophila challenge. Indirect ELISA revealed progressive increase in protein levels within liver and kidney tissues during infection. CRISPR/Cas9-mediated F0 mutagenesis in zebrafish caused developmental delay, morphological abnormalities, and a survival rate of 26%, emphasizing its role during early development. Successful mutagenesis in rohu embryos validated cross-species sgRNA efficacy. Following bacterial challenge, exon 2-edited F0 crispants showed the highest mortality (80%) relative to wild-type controls (53.33%), whereas the mortality in exon 4-edited rohu did not differ from controls. These findings establish septin 8a as a multifunctional immune regulator and developmental factor with potential applications in aquaculture disease management."
"pubmed","42697350","10.1016/j.actatropica.2026.108312","Comet assay analysis of multigenerational genomic instability (F0-F2) in Aedes aegypti exposed to gamma radiation in Sterile Insect Technique.","da Silva, Edvane Borges; de Santana, Samuel Lima; Amaral, Ademir; Santos, Maria Alice Varjal de Melo; Rhode, Claudia; Moura, Marcela Maria Pereira de Lemos Pinto; Magnata, Simey de Souza Leao Pereira; Araujo, Liderlanio de Almeida; Netto, Andre Maciel","Acta tropica","2026-09-04","https://pubmed.ncbi.nlm.nih.gov/42697350/","The use of irradiation in the Sterile Insect Technique (SIT) is a sustainable and environmentally friendly strategy for controlling Aedes aegypti populations by the release of sterile males. However, the potential toxic effects of radiation on mosquito genetic material, as well as the heritability of such damage, remain insufficiently understood. In this study, we evaluated gamma radiation-induced DNA damage (20, 30, 40, and 50 Gy) in male pupae (F0 generation) and assessed the persistence of these effects in subsequent generations (F1 and F2) using the comet assay in hemocytes. In the parental generation, a significant dose-response relationship was observed, with increasing radiation doses associated with higher damage index and damage frequency (p < 0.05). In the F1 generation, both larvae and adults exhibited significantly greater DNA damage than the control group, particularly at doses of 30 and 40 Gy, supporting the inheritance of radiation-induced genomic instability. In the F2 generation, genotoxic effects were attenuated, although residual damage remained detectable in adults, suggesting partial recovery of genomic stability, possibly influenced by DNA repair mechanisms and/or selective pressures. No viable offspring were obtained at 50 Gy, confirming the sterilizing efficacy of higher doses. Integration of comet assay results with micronucleus data and reproductive parameters reinforces the association between DNA damage, mutagenic effects, and reduced fertility. These findings indicate that radiation-induced genotoxic effects may persist beyond the irradiated generation but tend to decline across generations. Overall, this study provides insights into the balance between achieving sterility and preserving biological quality in SIT programs, contributing to optimizing radiation doses and enhancing the safety and efficacy of vector control strategies."
"pubmed","42697299","10.1016/j.ijbiomac.2026.154352","Low-temperature-tolerant Cas12a enables instrument-free detection of fungal pathogens at mushroom cultivation temperatures.","Kong, Fan''ge; Zhang, Yuchong; Zhang, Xin; Zhang, He; Li, Yu; Wang, Jiasi; Wang, Di","International journal of biological macromolecules","2026-09-04","https://pubmed.ncbi.nlm.nih.gov/42697299/","Reliable molecular diagnosis at the point of care remains challenging owning to its dependence on specialized instrumentation and temperature control. However, clustered regularly interspaced short palindromic repeats (CRISPR) and the associated Cas12a protein have shown promise for point-of-care detection. Therefore, an engineered Cas12a variant from Lachnospiraceae bacterium, namely L.b. Cas12a Ultra, was developed. It exhibited markedly enhanced functional stability and low-temperature tolerance, maintaining robust activity across typical mushroom cultivation temperatures (21  degrees C-29  degrees C), compared with wild-type LbaCas12a. By combing this low-temperature-tolerance Cas12a with recombinase-aided amplification (RAA), an instrument-free nucleic acid detection system, termed RAA-CUTE, was established targeting the mushroom cobweb disease pathogen Cladobotryum. This system operates within the typical temperature range for mushroom cultivation. Visualization of RAA-CUTE is achieved using lateral-flow assay strips and fluorescent probes. The method shows high specificity and selectivity in complex sample matrices, with a detection limit of 10 fM and minimal background interference. It also effectively discriminates closely related species through specially designed CRISPR crRNAs, as confirmed in validation assays. This single-tube detection platform provides a sensitive, specific, and field-deployable solution for molecular diagnostics in settings with constrained temperature control and instrumentation, making it a promising tool for on-site crop disease surveillance."
"pubmed","42697177","10.1016/j.prp.2026.156666","Pan-cancer landscape of APEX1 expression and genomic alterations: Associations with clinical outcomes and functional validation in lung cancer.","Kong, Wen-Ping; Ye, Yan; Ren, Yuan-Hui; Lai, Li-Ting","Pathology, research and practice","2026-09-04","https://pubmed.ncbi.nlm.nih.gov/42697177/","This pan-cancer study systematically evaluated APEX1 expression, genomic alteration status, and prognostic value across 13,270 tumors and 2544 normal tissues from TCGA and GTEx. APEX1 overexpression was prominent in bladder, breast, and colon adenocarcinomas and correlated with advanced tumor stages and survival outcomes in a cancer-type-specific manner, with unfavorable associations in selected tumor contexts and an opposite favorable association in KIRC. Low-frequency APEX1 genomic alterations require cautious interpretation and may be associated with adverse outcomes in selected tumor contexts. Statistical methods including t-tests, ANOVA, Cox regression, Benjamini-Hochberg false-discovery rate correction for cohort-wise OS analyses, and log-rank tests were used to correlate APEX1 expression or alteration status with survival outcomes. The findings suggest that APEX1 expression and low-frequency genomic alterations are associated with tumor progression and worse patient outcomes in selected cancer contexts. This study supports APEX1 as a candidate prognostic indicator requiring further validation and suggests its potential value for future clinical stratification research. The pan-cancer approach improves contextual breadth, and the large sample size adds robustness. The observed relevance of APEX1 across malignancies supports further evaluation of its value for risk stratification and treatment planning. Future prospective studies are needed to validate its clinical utility. This work contributes to the growing field of DNA repair-related biomarkers and may inform future studies of APEX1-targeted therapeutic strategies."
"pubmed","42697162","10.1016/j.scr.2026.104092","Two iPSC lines with frameshift mutations in FTSJ1 as models for X-linked non-syndromic intellectual disability.","Edwards, S; Rhode, J; Hagenau, L; Hossain, M F; Sura, T; Tzvetkova, A; Nowack, B; Jensen, L R; Kuss, A W","Stem cell research","2026-09-04","https://pubmed.ncbi.nlm.nih.gov/42697162/","CRISPR/Cas9 was used to introduce two different FTSJ1 frameshift mutations into an existing human male iPSC line (UMGWi004-B). No additional genomic or chromosomal changes were detected. The modified iPSC express different stem cell markers and can be induced to differentiate into cells from all three germ layers. FTSJ1 is ubiquitously expressed and mutations in this X-chromosomal gene are involved in an intellectual developmental disorder (OMIM: #309549). These cells can be used to model the disease at the cellular and organoid level in their original state or after differentiation into cell types of interest."
"pubmed","42696954","10.1016/j.talanta.2026.130574","A single-tube dual-channel CRISPR platform for genotyping of waterfowl reoviruses.","Zhang, Jiahao; Liu, Guocheng; Yu, Shumin; Chen, Zhen; Yuan, Zonghao; Zhang, Jie; Hu, Jingdong; Diao, Youxiang; Tang, Yi; He, Dalin","Talanta","2026-09-04","https://pubmed.ncbi.nlm.nih.gov/42696954/","Waterfowl reovirus (WRVs) includes two genotypes, Genotype I (Muscovy duck reovirus, MDRV) and Genotype II (novel duck reovirus, NDRV). They have the same clinical manifestations, but different pathogenicity, and can co-infect individual hosts, resulting in diagnostic ambiguity that cannot be solved by single-target detection. Here, we report a single-tube dual-channel platform coupling recombinase polymerase amplification (RPA) with orthogonal CRISPR effectors: LbCas12a targeting the conserved S4 gene of MDRV via a ROX-labeled ssDNA reporter, and LwaCas13a targeting the S1 gene of NDRV via a FAM-labeled ssRNA reporter. The integrated format enables simultaneous genotypic differentiation within 30 min at isothermal temperatures, producing exclusive ROX-channel signal for MDRV, exclusive FAM-channel signal for NDRV, and concurrent dual-channel signal for co-infected samples, with no cross-channel interference (p > 0.05). The assay achieved a limit of detection of 1 copy/muL for both targets with no cross-reactivity against four co-circulating waterfowl pathogens. An ImageJ-based RGB quantification standard enables equipment-minimal visual classification of all four diagnostic outcomes. Clinical evaluation of 133 field specimens yielded complete concordance (100%) with qPCR, correctly identifying 15 MDRV-positive, 67 NDRV-positive, 8 co-infected, and 43 negative cases. This platform provides a validated, equipment-minimal tool for concurrent WRV genotyping and field surveillance."
"pubmed","42696818","10.1016/j.bios.2026.119177","Mosaic switch for PAM-free and one-pot CRISPR/Cas12a detection.","Zhang, Shiyin; Xie, Siying; Wang, Jin; Zhang, Xiaomin; Cai, Ying; Lai, Xingyan; Min, Nan; Qu, Jing; Peng, Bo; Li, Tingdong; Zhang, Jun; Yang, Dahou; Shi, Xiaolu; Xia, Ningshao; Ge, Shengxiang","Biosensors & bioelectronics","2026-09-04","https://pubmed.ncbi.nlm.nih.gov/42696818/","CRISPR/Cas12a combined with nucleic acid amplification enables highly specific and sensitive detection. However, its broader deployment is constrained by protospacer adjacent motif (PAM) dependence, multistep workflows, and limited reagent practicality. Here, we identify a PAM-independent Cas12a activator, termed mosaic DNA, which exhibits structural features intermediate between single-stranded DNA (ssDNA) and double-stranded DNA (dsDNA). Building on this finding, we develop a PAM-independent mosaic switch triggered by a solid-liquid phase transition, thereby addressing these limitations within a single platform. Distinct from previous reports, our experiments show that this activator is generated prior to the digestion of dsDNA into ssDNA by the lambda exonuclease, forming the basis of lambda exonuclease-driven Cas12a activation, a process we refer to as the mosaic switch. Mosaic switch can detect arbitrary dsDNA with sensitivity comparable to that of PAM-containing dsDNA, and maintain single-nucleotide discrimination. Lyophilizing mosaic switch reagents and encapsulating them in paraffin improve stability and usability, which also enables straightforward one-pot integration with recombinase polymerase amplification (RPA) via a solid-liquid phase transition. Applied directly to 58 extraction-free mpox clinical samples, this platform showed complete concordance (100%) with quantitative PCR. This CRISPR/Cas12a platform maintains analytical performance while broadening the range of targets, simplifying the workflow, and enhancing reagent practicality, showing great potential for clinical deployment."
"pubmed","42696756","10.1093/mmy/myag094","A new MRR1 gain-of-function mutation involved in cross-resistance to antifungal agents in the fungal priority pathogen Candida parapsilosis.","Cadeau, Manon; de Lima, Jose Rivaldo; Marcela-Sabou, Alina; Robert, Estelle; Pape, Patrice Le; Ourliac-Garnier, Isabelle; Morio, Florent","Medical mycology","2026-09-04","https://pubmed.ncbi.nlm.nih.gov/42696756/","OBJECTIVES: Candida parapsilosis is a leading cause of invasive candidiasis globally, with rising reports of fluconazole resistance threatening its clinical management. Among the mechanisms involved, gain-of-function mutations in the MRR1 gene have emerged as key drivers of antifungal resistance. We aimed to investigate a novel amino acid substitution (G982E) in the Mrr1 zinc cluster transcription factor, identified in a fluconazole-resistant C. parapsilosis isolate from a patient exposed to fluconazole. METHODS: Using CRISPR-Cas9 genome editing, we introduced the G982E variant into two fluconazole-susceptible C. parapsilosis genetic backgrounds. The antifungal susceptibility of the engineered mutants was assessed in vitro against a broad panel of systemic antifungal agents. A Galleria mellonella infection model was also used to evaluate the impact of the G982E variant on antifungal treatment efficacy and virulence in vivo. RESULTS: Acquisition of the G982E substitution dramatically altered the antifungal susceptibility profile, particularly for fluconazole for which the MIC increased to >256 microg/mL. However, the magnitude of the MIC increase varied by azole, with the greatest increase seen for fluconazole (>9-10-fold), followed by voriconazole (5-fold), isavuconazole (3-fold), but also flucytosine (1.5-fold). In contrast, susceptibility to posaconazole remained largely unchanged. In vivo, this new variant conferred fluconazole treatment failure but was associated with a significant reduction in virulence. CONCLUSIONS: The G982E is a novel Mrr1 gain-of-function mutation driving high-level fluconazole resistance in C. parapsilosis. These findings reinforce the central role of Mrr1 in antifungal resistance, underscore the functional diversity of its mutational landscape, with potential implications for fungal fitness and transcriptional regulation."
"pubmed","42696519","10.1080/15376516.2026.2726973","Molecular insights and translational potential of ferulic acid in radiation protection.","Gnanasekaran, Tamizh Selvan","Toxicology mechanisms and methods","2026-09-04","https://pubmed.ncbi.nlm.nih.gov/42696519/","Ferulic acid, a common dietary phenolic abundant in plant cell walls, has been identified as a potential drug candidate with radiation-protective effects in experimental models. This review summarizes new developments regarding the molecular mechanisms, experimental models and translational potential of ferulic acid-induced radioprotection. Mechanistically, ferulic acid attenuates ionizing radiation-induced damage by scavenging free radicals, inhibiting lipid peroxidation, maintaining mitochondrial fitness, modulating inflammation signaling pathways and upregulating endogenous antioxidant systems partially through nuclear translocation of the Nrf2 pathway. Preclinical studies across in vitro (human and animal cell lines), ex vivo (human blood chromosomal aberration, micronucleus, and gamma-H2AX assays), and in vivo rodent models consistently show that ferulic acid reduces DNA damage and chromosomal alterations, supports cell survival pathways, and, in some conditions, enhances DNA repair, translating into improved tissue histology, hematopoietic recovery, and post-irradiation survival. Despite promising efficacy signals, there are still issues with pharmacokinetics, optimal dosing schedules, long-term safety/adverse events, and bioavailability in humans. This review discusses the priority directions for translation: (1) systematic pharmacokinetic and toxicology profiling, (2) discovery of ferulic acid derivatives and delivery systems (e.g. nanoparticles, prodrugs) that facilitate tissue targeting, and (3) rigorous clinical trials in prophylactic and post-exposure settings, with combination strategies involving established radioprotectors. Bridging preclinical mechanistic insights with rigorous clinical evaluation could position ferulic acid as a safe, low-cost, and widely accessible radioprotective adjunct suitable for both medical and occupational applications."
"pubmed","42696478","10.1021/acssensors.6c01998","Incorporating CRISPR Techniques with Electrochemical Sensors: From Signal-Off to Signal-On Assays.","Yang, Chenyang; Hu, Jianyu; Zhang, Hongquan; Le, X Chris","ACS sensors","2026-09-04","https://pubmed.ncbi.nlm.nih.gov/42696478/","Electrochemical biosensors integrating the programmable nucleic acid recognition of CRISPR systems with the low-cost and portable electrochemical transduction have emerged as powerful sensing platforms for molecular diagnostics. Early designs mainly relied on turn-off signal transduction, where target-activated CRISPR enzymes cleave probes conjugated to the electrode, resulting in the release of redox reporters from the electrode surface and the consequent signal decrease. Although conceptually straightforward, these turn-off sensors are intrinsically limited by high background, low sensitivity, and large signal variations. To address these limitations, recent efforts have increasingly shifted toward turn-on strategies, in which electrochemical signals are generated in response to target binding. This review highlights recent advances in applying CRISPR technology to electrochemical biosensing, with a focus on the design principles of CRISPR systems and molecular assembly to achieve turn-off and turn-on signal transduction. Nanomaterials, DNA nanotechnology, and amplification strategies facilitate emerging turn-on approaches for sensitive electrochemical sensing. Key challenges and research needs include improving the limit of detection, robustness, and applicability to point-of-care and on-site testing. This review emphasizes the importance of signal-transduction designs and provides perspectives for developing sensitive, specific, and practical CRISPR-based electrochemical biosensors."
"pubmed","42696150","10.1007/s00299-026-03956-w","Advances in CRISPR multiplex gene editing to map and modify stress-responsive transcription factor networks for crop improvement.","Sharma, Nitya Nandan; Kumari, Anjali; Vashisht, Ira; Sharma, Manoj Kumar","Plant cell reports","2026-09-04","https://pubmed.ncbi.nlm.nih.gov/42696150/","The development of CRISPR multiplex genome-editing (MGE) tools is rapidly transforming plant functional genomics and accelerating crop improvements. By simultaneously targeting two or more DNA loci, it allows scientists to precisely edit multiple genes at the single-nucleotide level, within the target genome. Simultaneous manipulation of multiple targets has revolutionized the functional elucidation studies, particularly the dissection of complex genetic pathways. Due to its superior precision and feasibility, CRISPR-MGE is widely accepted and has largely replaced alternative editing tools such as TALENs and ZFNs. Several CRISPR-MGE strategies, including the use of individual expression cassettes, tRNA-processing enzymes, Csy4 or ribozymes, have been successfully deployed in plants. Recent advancements, such as Cpf1, transgene-free methods, or ultra-multiplexing approaches, have further refined the technology into a powerful, efficient, and robust toolkit. MGE enables complex genome editing, including multiple-gene knockouts, base alterations, transcriptional regulation, metabolic engineering, or their combinations. Consequently, it is ideal for elucidating the function of transcription factors that are key molecular players in regulating diverse plant responses, especially in stress pathways. Several stress-responsive TFs have been functionally characterized via CRISPR-MGE, and more advanced tools are being employed. This review evaluates multiplexing tools, their diverse applications, and the current progress toward developing advanced MGE tools. Ultimately, we provide evidence to encourage the use of advanced MGE tools for functional characterization studies of stress-responsive TFs, thereby highlighting their potential to accelerate crop improvement."
"pubmed","42696079","10.1186/s43046-026-00406-2","Unlocking the potential of bacteriophage-based therapeutic gene delivery in hepatocellular carcinoma.","Mitra, Sreemoyee; Damini; Devi, Mahima; Niyogi, Sreyosi Guha; Singh, Utkarsh Pratap; Lo, Debanjan; Bishtania, Hitesh Chandra; Thakur, Shubham","Journal of the Egyptian National Cancer Institute","2026-09-04","https://pubmed.ncbi.nlm.nih.gov/42696079/","Liver cancer, mainly hepatocellular carcinoma (HCC), remains a global health burden marked by poor prognosis with limited therapeutic efficacy, and high recurrence rates. HCC remains one of the most lethal malignancies worldwide, with limited therapeutic options and high resistance to conventional treatments. Despite low therapeutic efficacy, molecular heterogeneity, treatment resistance and high recurrence rate, hepatocellular carcinoma (HCC) is still a significant health problem worldwide. These restrictions have stimulated the research of focused methods for delivering therapeutic genetic payload into cancer cells. Bacteriophages have been gaining growing attention as an emerging delivery platform due to their genetic versatility, ease of engineering, ability to be surface modified and payload targeted. In this narrative review, the therapeutic potential of engineered bacteriophages in the context of HCC therapy is critically analyzed focusing on phage display-mediated tumor targeting, phage-mediated intracellular gene delivery, TRAIL gene delivery, and CRISPR/Cas-based therapeutic strategies. It has been previously noted in the literature that phage display can be used to attach tumor-targeting ligands to the surface of a phage, which may aid in the recognition of receptors at the tumor site and promote targeted delivery to the receptor. Therapeutic application is stunted by inefficient trafficking to the cytosol, endosomal degradation, immune recognition and clearance, vector stability, manufacturing scalability and regulatory issues. In conclusion, engineered bacteriophages are a promising and versatile tool for targeted gene delivery in HCC but more mechanistic, preclinical and translational research is needed to prove their therapeutic effectiveness and clinical usefulness for this purpose."
"pubmed","42695976","10.1093/jambio/lxag218","Intra-individual genetic diversity of vaginal Lactobacillus crispatus revealed through citizen science-driven isolation and pangenome analysis.","de Kreek, Freek; Hertzberger, Rosanne; van Eeden, Fleur; Illidge, Shardelice; Teunis, Evert-Jan; Hanemaaijer, Mark; Lievens, Elke; Rienstra, Fanny; Wiedhaup, Deniz Er; Lisotto, Paola; Butler, Derek; Molenaar, Douwe; Kort, Remco","Journal of applied microbiology","2026-09-04","https://pubmed.ncbi.nlm.nih.gov/42695976/","AIMS: A vaginal microbiome dominated by Lactobacillus crispatus is associated with positive reproductive and sexual health outcomes, yet intra-individual genetic diversity within this species remains largely unexplored. This study characterised inter- and intra-individual genomic variation in L. crispatus strains isolated through a citizen science initiative and assessed implications for multi-strain probiotic development. METHODS AND RESULTS: Fifty-three women participated in this citizen science project. Self-sampling resulted in 48 shotgun metagenomes. Twenty-two participants isolated their own L. crispatus strains using selective enrichment and LAMP-based species confirmation, resulting in 53 whole-genome-sequenced isolates. L. crispatus dominated 20 of 48 metagenomes (50.1-99.6% relative abundance). Pangenome analysis revealed 3 456 gene families, of which 43.7% were core and 56.3% accessory. A 14-kb plasmid harbouring a Fic-domain toxin-antitoxin protein, but devoid of antimicrobial resistance genes, was present in 44 of 53 strains. Strains from the same individual clustered closely together yet harboured 1-123 gene differences. Intra-individual variation was observed in the pullulanase type I gene required for glycogen degradation: 40 strains were predicted to grow on glycogen, six showed genetic disruptions with unknown consequences, and seven were predicted to lack this ability entirely. Variation within individuals was also found for bacteriocin classes and CRISPR-Cas genes. CONCLUSIONS: Substantial functional diversity exists within L. crispatus, even among strains from the same individual, supporting the rationale for multi-strain vaginal probiotics. This citizen science approach enabled discovery of host-specific adaptations while ensuring participant ownership of their strains."
"pubmed","42695496","10.1002/cnr2.70680","Endogenous Bornavirus-Like Nucleoprotein 1 Regulates Cellular Processes and DNA Double-Strand Breaks in U-87 MG Glioblastoma Cells.","Liang, Jing; Zeng, Dongdong; Guo, Yujie; Jing, Cuiyuan; Tang, Lin; Luo, Zhanpeng; He, Peng","Cancer reports (Hoboken, N.J.)","2026-09-04","https://pubmed.ncbi.nlm.nih.gov/42695496/","BACKGROUND: Glioblastoma (GBM) is a common brain cancer with a poor prognosis and a high recurrence rate. DNA damage repair plays a crucial role in GBM carcinogenesis and treatment resistance. Human endogenous bornavirus-like nucleoprotein 1 (EBLN1) regulates cellular processes and genetic stability. However, the biological role of EBLN1 in GBM remains unclear. AIMS: This study aims to determine the role of EBLN1 in the regulation of cellular processes and DNA double-strand breaks (DSBs) in GBM and to investigate the underlying molecular mechanisms. METHODS AND RESULTS: U-87 MG GBM cells were infected with an shRNA-expressing lentivirus to knock down EBLN1. Then, cell proliferation and apoptosis were evaluated. The levels of DSBs, as well as the activities of two key DSB repair regulators-ataxia telangiectasia mutated (ATM) kinase and breast cancer Type 1 susceptibility protein (BRCA1)-were detected. Furthermore, after reactivating ATM, cellular processes and the levels of DSBs were re-detected to verify the mechanisms underlying EBLN1-mediated DNA repair regulation in GBM. EBLN1-silenced U-87 MG cells displayed a significant reduction in cell growth as early as the second day postinfection (p < 0.05) and a higher apoptosis ratio (p < 0.001). After EBLN1-silencing, U-87 MG cells exhibited a remarkable increase in the expression of gammaH2AX (p < 0.001) and significantly lower expression levels of ATM and BRCA1 (p < 0.001). After reactivation of ATM in EBLN1-silenced U-87 MG cells, DSB levels in the treated cells were significantly decreased (p < 0.001). Meanwhile, cell proliferation was significantly increased (p < 0.001), while apoptosis was markedly suppressed (p < 0.001). CONCLUSION: This study uncovers a novel molecular mechanism that EBLN1 regulates cellular processes via modulating DNA double-strand break repair in glioblastoma cells, providing a new perspective for understanding the pathogenesis of GBM."
"pubmed","42695441","10.1002/jbm.a.70144","Artificial Intelligence in Biomaterials: Revolutionizing Design and Manufacturing.","Liu, Yichen; Wang, Zhiting; Wei, Haojie; Ding, Xili; Fan, Yubo","Journal of biomedical materials research. Part A","2026-09-04","https://pubmed.ncbi.nlm.nih.gov/42695441/","Biomaterials are indispensable to modern healthcare, yet their development remains hindered by traditional trial-and-error approaches that are costly, time-intensive, and inefficient. Artificial intelligence (AI) offers a powerful alternative, but most existing reviews treat AI merely as a computational tool for property prediction rather than as a systemic driver of innovation across the entire biomaterials' lifecycle. This review bridges that gap by providing a holistic, end-to-end perspective that integrates AI-driven design, intelligent manufacturing, and clinical translation into a unified framework. We systematically examine how AI-powered predictive modeling and structure-function optimization are reshaping the discovery of polymers, proteins, drug carriers, and tissue scaffolds, while also driving breakthroughs in 3D bioprinting, laser processing, composite manufacturing, and genetically programmed bio-fabrication. Recognizing that computational promise does not automatically translate into clinical reality, we critically evaluate persistent barriers such as data scarcity, poor data quality, the interpretability-accuracy trade-off, and regulatory uncertainties, and discuss strategies to overcome them through Explainable AI and rigorous validation protocols. Looking forward, we explore the convergence of AI with quantum computing and CRISPR (Clustered Regularly Interspaced Short Palindromic Repeats) gene editing, which together could enable a new generation of multifunctional, responsive biomaterials. By synthesizing advances across the full lifecycle and offering a structured framework for selecting AI methodologies tailored to specific biomaterials challenges, this review aims to serve as both a comprehensive resource and a strategic roadmap for translating computational innovation into tangible clinical impact."
"pubmed","42695407","10.3892/ijmm.2026.5976","Research progress on lysine acetylation (Review).","Zhang, Minghui; Zhang, Yuqi; Yin, Haoxin; Yan, Junyuan; Dong, Yingling; Zhao, Xin; Cui, Tianyi; Lv, Bin; Gao, Xiumei","International journal of molecular medicine","2026-09-04","https://pubmed.ncbi.nlm.nih.gov/42695407/","Lysine acetylation is recognized as a critical and reversible post‑translational modification that is essential for numerous cellular functions and biological processes. The dynamic interplay between lysine acetylation and deacetylation to regulates a wide spectrum of processes, including histone modification, gene expression, cell cycle progression, DNA repair and signal transduction. Emerging evidence has demonstrated that the dysregulation of lysine acetylation is strongly associated with multiple diseases, including cancer, cardiovascular diseases, chronic inflammatory diseases and neurological diseases. These alterations can modify gene expression and disrupt cellular homeostasis. The present review aimed to highlight the biological functions of lysine acetyltransferases and lysine deacetylases, their contributions to disease pathogenesis, and the interplay the crosstalk of lysine acetylation with other post‑translational modifications. Drawing on the latest research findings, the therapeutic potential of targeting acetylation pathways is discussed, with the aim of providing new insight into the development of innovative treatment strategies and clinical applications."
"pubmed","42695403","10.3892/mmr.2026.14004","Resurrection biology: Melatonin as a modulator of anastasis (Review).","Georgiou, Alexandros; Reiter, Russel J; Zoumpourlis, Vassilis; Spandidos, Demetrios A","Molecular medicine reports","2026-09-04","https://pubmed.ncbi.nlm.nih.gov/42695403/","Although apoptosis is regarded as an irreversible and terminal process, recent research has identified anastasis as a cellular mechanism that enables cell recovery even after the activation of executioner caspases. While important in supporting tissue homeostasis following mild or transient injury, anastasis presents significant challenges in oncology, as cancer cells may exploit this phenomenon to evade chemotherapy, subsequently acquiring aggressive traits such as genomic instability, stem‑like properties, and increased metastatic capacity. N‑acetyl‑5‑methoxytryptamine (melatonin), recognized for its antioxidant activity and role as a mitochondrial regulator, has been associated with several biological processes that overlap with pathways involved in anastasis, including mitochondrial bioenergetics, redox homeostasis, and DNA repair mechanisms. However, direct evidence supporting a role for melatonin in regulating anastasis remains limited. The present review consolidated current insights into the molecular regulation of anastasis, examining its biphasic transcriptional profile and oncogenic consequences, while exploring the mechanistic links between melatonin biology and pathways relevant to apoptotic recovery and evaluating the therapeutic prospects of melatonin in targeting anastasis as a strategy to mitigate tumor recurrence and improve clinical outcomes."
"pubmed","42695329","10.1111/ppl.71097","Establishment of a CRISPR-Cas9 Library for Indica Rice and Identification of OsOPR5 (LOC_Os06g11210) as a Regulator of Root Architecture.","Chowdhury, Sankhadeep; Nayak, Suprava Priyadarsini; Pattanayak, Rajashree; Sardar, Shaswati; Majhi, Ashis; Yadav, Banita; Dasari, Abhilash; Mandlik, Rushil; Sonah, Humira; Deshmukh, Rupesh; Gupta, Ishaan; Bauer, Petra; Ram, Hasthi","Physiologia plantarum","2026-09-04","https://pubmed.ncbi.nlm.nih.gov/42695329/","Functional characterization of a large number of rice genes remains a major challenge despite the availability of genome sequences and large-scale transcriptomic datasets. CRISPR-Cas9 library is a powerful approach for high-throughput targeted mutagenesis; however, its application in indica rice cultivars remains limited due to low transformation and regeneration efficiencies. In this study, we developed a CRISPR-Cas9 library targeting 12,000 rice genes and evaluated its utility for functional genomics in the indica cultivar MTU-1010. Sanger sequencing and NGS analysis of the plasmid library revealed high sgRNA coverage and more than 80% accuracy. Transformation of the developed library into the indica cultivar MTU-1010 resulted in a high target editing efficiency, with 90% of analyzed transgenic plants carrying mutations at the intended target site. Functional analysis of one homozygous mutant identified a previously uncharacterized role for OsOPR5 (LOC_Os06g11210), a member of the 12-oxophytodienoate reductase family in root architecture. The opr5 mutants exhibited significant reductions in lateral root number, seminal and crown root number, and root length, demonstrating that OsOPR5 positively regulates root system architecture in rice. Notably, endogenous jasmonic acid (JA) and JA-isoleucine levels were not significantly altered in the mutant, suggesting potential functional specialization or redundancy among rice OPR family members for JA accumulation. The root system architecture is a key determinant of water and nutrient acquisition; our results suggest that OsOPR5 may play an important role in adaptation under adverse environmental conditions. Collectively, this study establishes an efficient genome-editing platform for indica rice and identifies OsOPR5 as a novel regulator of root development."
"pubmed","42695281","10.1093/nar/gkag860","Navigating the base excision repair pathway in chromatin-focus on oxidative DNA damage.","Caron, Pierre; Hans, Fabienne; Timmins, Joanna","Nucleic acids research","2026-09-04","https://pubmed.ncbi.nlm.nih.gov/42695281/","Chromatin environment influences all nuclear processes, including DNA repair. Conversely, DNA damage itself triggers chromatin modifications and remodeling, which are essential for efficient DNA repair and its coordination with transcription, replication, and epigenetic regulation to preserve genome function. While chromatin dynamics associated with double-strand break repair and nucleotide excision repair are well understood, those accompanying base excision repair (BER) remain comparatively poorly characterized. Yet, BER is responsible for eliminating a wide spectrum of chemically diverse and non-helix-distorting base modifications, arising from both endogenous and exogenous sources, and is implicated in numerous pathologies. This review examines how BER operates in the context of chromatin, with a focus on its interplay with other repair factors, chromatin modifications, and remodeling. It also explores the diversity of BER substrates, the blurred distinction between base lesions and programmed modifications, and the intricate link between BER, transcriptional regulation, and epigenetic reprogramming. Together, these insights highlight BER's pivotal role in maintaining genome stability, shaping transcriptional programs, and preventing disease."
"pubmed","42695280","10.4103/aja202639","Rhbg is dispensable for spermatogenesis but fine-tunes sperm motility trajectory during capacitation in mice.","Tan, Guang-Qing; Chen, Lu-Jie; Yang, Rui; Dong, Yue; Zhang, Jin-Tao; Liu, Ming-Xi; Yang, Xiao-Yu","Asian journal of andrology","2026-09-04","https://pubmed.ncbi.nlm.nih.gov/42695280/","Rhesus (Rh) family B glycoprotein (RHBG) is a conserved ammonium transporter of the Rhesus family with established roles in systemic acid-base regulation. Although Rh family members are expressed in the male reproductive tract, the physiological role of RHBG in spermatogenesis and sperm function remains unclear. To investigate its role in male reproduction, Rhbg-/- mice were generated using clustered regularly interspaced short palindromic repeats/CRISPR-associated protein 9 (CRISPR/Cas9)-mediated gene editing, and male fertility and reproductive phenotypes were assessed by breeding assays, histological analyses of the testes and epididymides, sperm morphology evaluation, computer-assisted sperm analysis during capacitation, and transmission electron microscopy of flagellar ultrastructure. Rhbg-/- male mice showed largely preserved fertility and produced offspring numbers comparable to those of wild-type controls, although a modest reduction in litter size was observed. Consistently, testicular architecture, spermatogenesis, and epididymal morphology were normal, and transmission electron microscopy confirmed intact flagellar ultrastructure. Computer-assisted sperm analysis further showed normal progressive motility under both basal and capacitating conditions. However, under hyperactivation-associated conditions, Rhbg-/- sperm exhibited a mild reduction in total motility, accompanied by subtle decreases in straight-line velocity and straightness. In addition, a slight increase in tail-coiling abnormalities was observed, whereas overall sperm morphology remained largely normal. Together, these findings indicate that Rhbg is not essential for spermatogenesis or male fertility in mice, but its absence causes minor, context-dependent alterations in sperm trajectory efficiency during capacitation without affecting core motility or ultrastructural integrity. Thus, RHBG may contribute to the fine regulation of sperm motility behavior rather than acting as a major determinant of reproductive capacity."
"pubmed","42695004","10.1093/ismeco/ycag209","Genetic access to the obligate cyanobacterial endosymbiont Nostoc azollae within the Azolla fern host.","Sarasa-Buisan, Cristina; Gungor, Erbil; Flores, Enrique; Lindblad, Peter; Nierzwicki-Bauer, Sandra; Schluepmann, Henriette","ISME communications","2026-09-04","https://pubmed.ncbi.nlm.nih.gov/42695004/","Eukaryote-associated microbes are ubiquitous, but their essential roles in the development and ecology of their host is yet to be fully understood, partly because complex associations cannot be reconstituted and, in many instances, the genetic tools to elucidate those roles are not available. Here, we report the conjugative transfer of DNA into Nostoc azollae within three Azolla fern hosts. N. azollae is a filamentous, N(2)-fixing, heterocyst-forming cyanobacterium which is the predominant obligate endosymbiont of the complex microbial community associated with the floating ferns of the genus Azolla. The cyanobiont provides fixed nitrogen to its host, supporting maximum growth rates without any N-fertilizer and making Azolla symbioses both ecologically and agriculturally important. Triparental mating protocols and fluorescent reporter detection were optimized for the cyanobiont isolated from the fern, allowing the further demonstration of heterologous gene expression in N. azollae driven by several promoters, including some of a CRISPR-associated transposon system. Azolla was then treated with a cytokinin hormone to render fern shoot apexes amenable to in planta conjugation, permitting DNA transfer to, and gene expression in two distinct developmental stages of N. azollae within Azolla. These included (i) cells of filaments from the Shoot Apical Nostoc colony, the only cyanobacterial stem-cell population vertically transmitted across fern generations, and (ii) cells from differentiated filaments in early formed Azolla leaf cavities. Our approach represents a technically groundbreaking advance for the genetic engineering of cyanobacterial endosymbioses that may be useful for other symbiotic systems, opening a way to investigate these important biological entities."
"pubmed","42694879","10.7150/ijms.131007","CRISPR/Cas9-Driven Fndc5 Knockout Reveals Augmented Mitochondrial Structural and Dynamic Alterations in Diabetic Nephropathy.","Huang, Chien-Wei; Chen, Hsin-Hung; Jao, Tzu-Ming; Li, Chia-Jung; Sung, Junne-Ming; Tsai, Yau-Sheng; Chen, Jin-Shuen","International journal of medical sciences","2026-09-04","https://pubmed.ncbi.nlm.nih.gov/42694879/","FNDC5 has been implicated in glucose homeostasis and is associated with mitochondrial function. Its role in diabetes and diabetic nephropathy (DN) remains unclear. This study hypothesizes that FNDC5 deficiency predisposes the kidney to accelerated mitochondrial dysfunction in diabetes and DN. Systemic Fndc5 knockout (KO) C57BL/6 mice were generated using CRISPR/Cas9. DN were induced in six-week-old Fndc5 wild-type (WT) and KO mice using high-fat diet combined with streptozotocin injection. Weekly blood and urine analyses assessed glucose, cholesterol, triglycerides, blood urea nitrogen, creatinine, and proteinuria. At 15 weeks, kidneys and metabolic tissues including pancreas, muscle and adipose were collected for histological and molecular analyses. Results showed that while both Fndc5 WT and KO mice were successfully induced with hyperglycemia, the Fndc5 KO DN group exhibited a slightly lower cumulative glycemic burden compared with the WT DN group. Despite this milder metabolic stress, proteinuria remained comparable between the two groups. Furthermore, histological analysis revealed that Fndc5 KO DN mice displayed more severe mesangial expansion, glomerular basement membrane thickening, and podocyte effacement compared with WT DN mice. The elevated lipid peroxidation, reduced PGC-1alpha expression, and increased DNA fragmentation were also evident in Fndc5 KO DN. More swollen mitochondria with a significantly higher percentage of disrupted cristae were observed in Fndc5 KO DN mice compared with WT DN mice. This was accompanied by the upregulation of mitochondrial fission-related genes (Dnm1l and Fis1), downregulation of the fusion-related gene (Mfn1), and reduced expression of ATP synthase subunits (ATP5A1 and ATP5B). Systemic analysis of other metabolic tissues, including the pancreas and muscle and adipose tissues, revealed increased lipid peroxidation and decreased PGC-1alpha expression. These findings underscore FNDC5's role in maintaining mitochondrial integrity and cellular health under diabetic conditions, positioning FNDC5 as a potential therapeutic target."
"pubmed","42694740","10.1002/ece3.74298","Evolutionary Reorganization of Transcriptomic Architecture Across a UVB Tolerance Gradient in Fish.","Valdivieso, Camilo; Allende, Miguel Luis","Ecology and evolution","2026-09-04","https://pubmed.ncbi.nlm.nih.gov/42694740/","Environmental stressors such as ultraviolet radiation impose strong selective pressures on organisms, yet how adaptation to such stressors shapes transcriptomic responses at the network level remains poorly understood. Although stratospheric ozone is recovering globally, substantial regional variation in UV exposure persists, particularly in high-altitude environments where extreme UV levels can occur. Here, we compared three fish models representing distinct biological responses to UVB exposure: wild-type zebrafish (Danio rerio), a melanin-deficient zebrafish mutant (nacre) lacking a major protective mechanism against UVB damage, and the high-altitude Andean killifish Orestias ascotanensis, a species naturally exposed to extreme UVB radiation. Together, these models define a gradient spanning physiological protection, impaired protection, and evolutionary adaptation to UVB stress. Using RNA-seq and protein-protein interaction networks, we show that transcriptomic responses differ markedly across this gradient. Wild-type and nacre zebrafish exhibited relatively limited transcriptomic changes ( approximately 2%-2.4% of genes changing), whereas O. ascotanensis displayed a large-scale and highly coordinated response ( approximately 21.6% of genes changing) characterized by functionally specialized networks enriched in DNA repair pathways. These differences involved not only transcriptomic magnitude but also marked reorganization of transcriptomic architecture. Integration with positive selection analyses revealed that positively selected genes were concentrated within highly interconnected regions of transcriptomic networks, consistent with adaptation involving network reorganization. Furthermore, ortholog-based analyses suggest that adaptive responses involve differential reorganization of a conserved functional background. Together, our results support a model in which adaptation to environmental stress is associated with the reorganization of conserved transcriptomic networks across physiological and evolutionary contexts, providing a systems-level perspective on the molecular basis of adaptation."
"pubmed","42694431","10.3389/fcimb.2026.1939690","The gut reservoir of carbapenem-resistant Enterobacterales: from dysbiosis and colonization to infection and decolonization, with a focus on patients with hematologic malignancies - a narrative review.","Putignani, Lorenza; Marsiglia, Riccardo; Turco, Luigia; Russo, Antonio; Pane, Stefania; Fusco, Alessandra; Lopetuso, Loris; Trecarichi, Enrico Maria","Frontiers in cellular and infection microbiology","2026-09-04","https://pubmed.ncbi.nlm.nih.gov/42694431/","Carbapenem-resistant Enterobacterales (CRE) remain among the highest-priority antimicrobial-resistant pathogens worldwide, and intestinal colonization is increasingly recognized as the key precursor of invasive infections, particularly in patients with hematological malignancies. Increasing evidence indicates that disruption of the gut microbial ecosystem, reflected in reduced diversity, depletion of beneficial anaerobic taxa, intestinal barrier dysfunction, immune dysregulation, and expansion of Enterobacterales, plays a central role in the transition from colonization to infection. Consequently, restoring colonization resistance through microbiome-targeted interventions has emerged as a promising preventive strategy. This narrative review summarizes the current evidence on the epidemiology and clinical impact of CRE colonization and infection, with particular emphasis on the ecological alterations of the gut microbiome linking gut dysbiosis to epithelial barrier dysfunction, immune dysregulation, and loss of colonization resistance to CRE persistence and invasive infection. We critically discuss both conventional and emerging decolonization approaches, including selective digestive decontamination, probiotics, prebiotics and synbiotics, fecal microbiota transplantation (FMT), bacteriophage therapy, and CRISPR-Cas-based technologies, highlighting their mechanisms of action, available clinical evidence, and current limitations. Particular attention is given to patients with hematological malignancies, in whom the clinical need for effective decolonization strategies is greatest. Although FMT currently represents the most promising microbiome-based intervention, the available evidence remains heterogeneous and largely derived from small studies. Overall, durable and standardized decolonization strategies have yet to be established, underscoring the need for well-designed multicenter randomized clinical trials to define effective microbiome-directed approaches for preventing CRE-related infections in high-risk populations."
"pubmed","42694307","10.1007/s13205-026-05054-w","The mighty microproteins: from versatile cellular regulators to precision medicine therapeutics.","Azhar, Muhammad; Hassan, Faiz-Ul; Arain, Muhammad Asif","3 Biotech","2026-09-04","https://pubmed.ncbi.nlm.nih.gov/42694307/","Microproteins, are tiny proteins encoded by small open reading frame (sORF), translation of these non-canonical open reading frames (ncORFs) has been implicated in diverse biological processes and diseases. This review summarizes recent developments in the discovery, biogenesis, and functional characterization of microproteins, and their involvement in various disease, with special focus on their roles in cancer, cardiovascular, metabolic, neurodegenerative and immune-related disorders. We emphasize the regulation of key cellular pathways by microproteins, including mitochondrial homeostasis, apoptosis, metabolic reprogramming, and immune signaling, all of which affect disease initiation and progression. Emerging evidence also supports their potential as disease biomarkers and therapeutic candidates for precision medicine. Finally, the review critically discusses the current challenges including discrepancies in microprotein annotation, the limitations of ribosome profiling and proteogenomic approaches, the gap between computationally predicted and experimentally validated microproteins, and the need for rigorous orthogonal validation by means of CRISPR-based genome editing, ribosome release assays, mutational analysis, high-resolution mass spectrometry, and functional studies. Finally, we review recent development of AI-assisted ORF prediction, single-cell translatomics, spatial proteomics, and integrated multi-omics as emerging technologies reshaping. Microprotein discovery and functional annotation. Finally, we discuss the translational potential of microproteins and highlight the remaining challenges to clinical application, including peptide stability, pharmacokinetics, tissue-specific delivery, immunogenicity, and the need for rigorous preclinical and clinical validation. Together, this review provides an updated and critical overview of the rapidly evolving microprotein field and highlights future research priorities for translating these molecules into clinically useful biomarkers and precision therapeutics."
"pubmed","42694111","10.1038/s44400-026-00125-4","Regulators of interferon-responsive microglia uncovered by Genome-wide CRISPRi screening.","McQuade, Amanda; Castillo, Vincent Cele; Hagan, Venus; Liang, Weiwei; Ta, Thomas; Mishra, Reet; Teter, Olivia; Gomes, Layla; Gonzalez, Bianca; Teyssier, Noam; Leng, Kun; Kampmann, Martin","NPJ dementia","2026-09-04","https://pubmed.ncbi.nlm.nih.gov/42694111/","Microglia dynamically support brain health through the induction of specialized activation states in response to injury or disease. Activation of the interferon-responsive microglia (IRM) state has been identified across neurodevelopmental windows, age-related cognitive decline, and neurodegenerative diseases. Functionally, IRM have been linked to synaptic pruning, dead cell removal, and neuroinflammation, making this state critical to brain homeostasis. While the functional importance of this state is becoming increasingly clear, our understanding of the regulatory networks that govern IRM induction remain incomplete. To systematically identify genetic regulators of the IRM state, we conducted a genome-wide CRISPR interference screen in human iPSC-derived microglia using IFIT1 as a representative IRM marker. We identified 772 genes that modulate IRM, including canonical type I interferon signaling genes (IFNAR2, TYK2, STAT1/2, USP18) and newly described regulators. We uncovered a non-canonical role for the CCR4-NOT transcription complex subunit 10, CNOT10, in IRM activation. This work provides a comprehensive resource that can be applied to dissect the functions of interferon-responsive microglia and highlights both established and novel targets for modulating microglial interferon signaling in health and disease."
"pubmed","42694041","10.64898/2026.02.01.703124","Functional Annotation of the Major Histocompatibility Complex Locus.","Bounds, Lexi R; Barrera, Alejandro; Ter Weele, Maria; Liu, Siyan; Wu, Euphy; Li, Shengyu; Venukuttan, Revathy; Rai, Ruhi; Mu, Wancen; Iglesias, Nahid; Giusti-Rodriguez, Paola; Reddy, Timothy E; Li, Yun; Gordan, Raluca; Allen, Andrew S; Love, Michael I; Sullivan, Patrick F; Crawford, Gregory E; Gersbach, Charles A","bioRxiv : the preprint server for biology","2026-09-04","https://pubmed.ncbi.nlm.nih.gov/42694041/","The human major histocompatibility complex (MHC) locus has the greatest density of disease-associations in the human genome, including links to over 100 polygenic disorders. Its complex haplotype structure, rich gene density, and high degree of linkage disequilibrium combine to make deciphering the gene regulatory logic of the MHC locus extremely challenging. Employing complementary high-throughput CRISPR interference (CRISPRi) and activation (CRISPRa) epigenetic screens coupled with single-cell transcriptome profiling across three distinct human cell types, we identified hundreds of new connections between cis -regulatory elements (CREs) and their target genes in this locus. These CRE-gene links are largely cell type-specific and act as enhancers. Additionally, some CREs have complex features, including harboring both active and repressive histone marks, lacking chromatin accessibility, targeting multiple genes, or acting as silencers. Computational methods fail to predict a majority of these CRE-gene connections. These findings emphasize the potential for functional perturbation experiments to dissect complex loci and reveal shared and cell type-specific regulatory mechanisms relevant to genomics of complex diseases. Collectively, this study provides a unique resource for understanding the complex regulatory landscape within the MHC locus and supports the need for creating new models that encompass CRE-gene interactions, cell type-specific gene expression, and disease genetics in the noncoding genome."
"pubmed","42693910","10.1080/13880209.2026.2724161","Natural products targeting hepatitis B virus X protein and HBx-associated pathways in HBV-related hepatocellular carcinoma: mechanisms and therapeutic potential.","Nguyen, Thu Ngoc Anh; Thongsri, Piyanoot; Pewkliang, Yongyut; Chomnawang, Mullika Traidej; Thirapanmethee, Krit; Sa-Ngiamsuntorn, Khanit","Pharmaceutical biology","2026-09-04","https://pubmed.ncbi.nlm.nih.gov/42693910/","CONTEXT: Hepatocellular carcinoma (HCC), largely driven by chronic hepatitis B virus (HBV) infection, remains a major global health challenge with limited curative options in advanced stages. The hepatitis B virus X protein (HBx) is a multifunctional viral oncoprotein that plays a central role in HBV persistence and hepatocarcinogenesis by disrupting transcriptional regulation, DNA repair, apoptosis, and immune responses. OBJECTIVE: This review aims to evaluate the role of HBx in HBV‑related HCC progression and to examine the therapeutic potential of natural products that directly target HBx and indirectly modulate HBx‑driven antiviral and oncogenic pathways. METHODS: A comprehensive literature analysis was conducted focusing on studies published over the past decade, including in vitro, in vivo, and clinical evidence addressing HBx-mediated mechanisms and the pharmacological effects of bioactive natural products, including plant‑derived phytochemicals and non‑plant natural compounds. RESULTS: Accumulating evidence indicates that some natural products suppress HBV replication by reducing HBx expression, promoting HBx degradation, or limiting HBx‑dependent cccDNA transcription, whereas others primarily influence biological pathways associated with HBx‑driven hepatocarcinogenesis, including migration, invasion, fibrosis, metabolic reprogramming, and apoptosis resistance. CONCLUSION: Natural products represent a promising multi-target therapeutic strategy for HBV-related HCC by intervening in HBx-driven oncogenic processes. Future studies should focus on mechanistic validation, standardization of bioactive compounds, and well-designed clinical trials to support their translational application as adjunctive or alternative therapies."
"pubmed","42693354","10.1007/s12104-026-10277-2","The (1)H, (15)N and (13)C backbone resonance assignments of an intrinsically disordered region (467-696) of breast cancer type 1 susceptibility protein (BRCA1).","Dinh, Hoang H; Jasper, Angela M; Baudin, Antoine; Sung, Patrick; Libich, David S","Biomolecular NMR assignments","2026-09-04","https://pubmed.ncbi.nlm.nih.gov/42693354/","The tumor suppressor protein breast cancer type 1 susceptibility protein (BRCA1) plays a central role in maintaining genome stability through its involvement in DNA damage repair, transcriptional regulation, and cell-cycle control. BRCA1 functions as an obligate heterodimer with its binding partner, the BRCA1-associated RING domain protein 1 (BARD1), to coordinate accurate DNA repair. While the structured N- and C-terminal domains of BRCA1 have been well-characterized, the large central region encoded largely by exon 11 that comprises ~ 80% of the protein, is intrinsically disordered, and remains poorly structurally characterized. This intrinsically disordered region (IDR) harbors critical interaction interfaces for key proteins involved in genome maintenance, including RAD50, RAD51, MYC, and RB. Here, we report the backbone resonance assignments of a BRCA1 IDR construct spanning residues 467-696, providing a foundation for future studies aimed at understanding how the disordered central region of BRCA1 contributes to homologous recombination, interactions with BARD1, and overall BRCA1 tumor suppressor function."
"pubmed","42693236","10.1038/s12276-026-01821-0","Generation of the functionally enhanced proximal tubular cells from human iPSC-derived kidney organoids.","Kim, Sua; Nam, Sun Ah; Kim, Jin Won; Yi, Jawoon; Woo, Jin Ju; Lee, Minji; Lee, Jeongeun; Kim, Tae-Hyung; Kim, Hyunglae; Kim, Hyung Wook; Park, Jiwhan; Kim, Yong Kyun","Experimental & molecular medicine","2026-09-04","https://pubmed.ncbi.nlm.nih.gov/42693236/","Human renal proximal tubular epithelial cells (RPPTCs) are crucial for exploring the molecular and cellular mechanisms underlying the pathophysiology of kidney injuries. In this study, we generated the functionally enhanced kidney organoid-derived proximal tubule cells (FEKOPTCs) from human induced pluripotent stem cells. Heparan sulfate proteoglycans and transforming growth factor-beta receptor inhibitor enhanced the functionality of PTCs isolated from the kidney organoids of which the vascularization and maturation were improved by heparan sulfate proteoglycans and vascular endothelial growth factor. FEKOPTCs showed significantly enhanced epithelial barrier function, polarization state, and transporter function, compared with primary human RPTECs, which led to improve the function of drug uptake. Transcriptomic characterization of FEKOPTCs revealed high similarity to PTCs of native human adult kidney. FEKOPTCs-on-chip are more sensitive predictors than RPTECs-on-chip for nephrotoxicity testing. By using CRISPR-Cas9 genetic mutation of alpha-galactosidase A, the causative gene of Fabry disease, alpha-galactosidase A-mutant FEKOPTCs, recapitulated the functional phenotype of Fabry disease. When FEKOPTCs were transplanted into the kidney parenchyma of NOD-SCID mice, they reassembled and regenerated proximal tubular structures with intact lumens and functional transporters. Taken together, our results suggest that FEKOPTCs are functionally enhanced PTCs and can be applied for nephrotoxicity testing, disease modeling, and regenerative medicine."
"pubmed","42692894","10.1016/j.tibs.2026.08.004","Building CRISPR immunity: evolution and mechanisms of spacer acquisition.","Gaizauskaite, Ugne; Songailiene, Inga; Sasnauskas, Giedrius; Siksnys, Virginijus","Trends in biochemical sciences","2026-09-03","https://pubmed.ncbi.nlm.nih.gov/42692894/","CRISPR-Cas systems in prokaryotes serve as adaptive immune systems that neutralize phage infections through RNA-guided nucleases. Immunization is achieved during the adaptation stage through Cas1-Cas2 integrase-mediated insertion of short foreign DNA snippets, termed spacers, into a CRISPR array in the host genome. This review examines the evolutionary origins of Cas1-Cas2 and the mechanisms of spacer acquisition in DNA-targeting CRISPR-Cas systems. Particular emphasis is placed on the recently characterized effector-assisted adaptation pathways, in which CRISPR effector proteins, such as Cascade and Cas9, typically involved in target interference, are repurposed for prespacer capture and integration into a CRISPR array."
"pubmed","42692756","10.1016/bs.mie.2026.06.016","Evaluation of lysine modified peptides and their cell penetrating peptide conjugates with sirtuin activity inhibition properties and intracellular delivery.","Patel, Kamal D; Aricthota, Shalini; De Zoysa, Gayan Heruka; Sarojini, Vijayalekshmi; Haldar, Devyani","Methods in enzymology","2026-09-03","https://pubmed.ncbi.nlm.nih.gov/42692756/","Sirtuins are NAD(+) dependent class of histone deacetylase enzymes responsible for post-translational modifications regulating transcription, cell cycle, metabolism, DNA repair and apoptosis. Substrates of sirtuins are histones, alpha-tubulin, p65, FOXO1 etc. all of which have multiple N(E)-acetyl lysine residues taking part in catalytic reactions of sirtuins with the help of NAD(+). In this chapter, we present methods for Solid Phase Peptide Synthesis and solution phase cyclization of a series of substrate-based peptide inhibitors of sirtuins and their cyclic and CPP conjugated derivatives KP 1, Cyc KP 1, Tat KP 1, KP 2, Cyc KP 2, Tat KP 2, KP 3, Cyc KP 3 and Tat KP 3. Further, describe methods that could be used to study sirtuin inhibition activity and cytotoxicity properties of peptides and small molecules. We present data of three peptides from this family Tat KP 1, Tat KP 2 and Tat KP 3 that show promising yeast sirtuin and mammalian SIRT1 inhibition potential (IC(50) 6-12 microM) comparable to known sirtuin inhibitors suramin and splitomicin and also showed cytotoxicity against HeLa and BE(2)-C cells. Finally, the morphological studies using SEM and TEM showed membrane disruption potential and evidence of apoptosis of Tat conjugated derivatives. This study documents the one of the initial reports of Tat conjugation modification to enhance the sirtuin inhibition potential. Collectively, this chapter provides comprehensive protocols and practical guidance for the characterization and biological evaluation of sirtuin inhibitors which could be used to identify and characterize novel peptides inhibitors of sirtuins with cell penetrating properties."
"pubmed","42692685","10.1016/j.foodres.2026.120273","Single-cell transcriptomics reveals heterogeneous stress responses and Mg(2+)-mediated survival mechanisms in Lactobacillus delbrueckii subsp. bulgaricus during freeze-drying and storage.","Liu, Liang; Ren, Jing; Li, Zhongxia; Hao, Xinyue; Di, Can; Fu, Zixin; Li, Liang; Ze, Xiaolei; He, Ruikun; Zhang, Lanwei; Gong, Pimin","Food research international (Ottawa, Ont.)","2026-09-03","https://pubmed.ncbi.nlm.nih.gov/42692685/","Maintaining the viability of lactic acid bacteria during dehydration and subsequent storage remains a significant challenge. Here, we employed single-cell RNA sequencing to reveal the heterogeneous stress responses of Lactobacillus delbrueckii subsp. bulgaricus, identifying seven distinct transcriptional clusters across the liquid culture, freeze-drying, and storage phases. The dominant clusters in the freeze-drying and storage were not completely consistent, showing significant functional differentiation. Genomic stability may be important for survival during freeze-drying and storage, while intracellular energy homeostasis appears important for viability during storage. The magnesium transporter mgtB was highly expressed in clusters tolerant to freeze-drying and storage, suggesting a critical role for Mg(2+) homeostasis. Further experimental validation confirmed that Mg(2+) treatment significantly bolstered stress resistance, increasing immediate post-freeze-drying survival by over 2-fold (up to 92.90%) and post-storage survival by over 5-fold (up to 5.98%). Proteomic data indicated that Mg(2+) supplementation correlated with the maintenance of several biological functions potentially relevant to bacterial survival during freeze-drying and storage, including DNA repair, translation, and central carbon metabolism. These findings provide a map of microbial stress resistance through population heterogeneity and offer a potential strategy that may be adapted for enhancing the stability of other industrial lactic acid bacteria products."
"pubmed","42692652","10.1016/j.carbpol.2026.125795","The ss3a/be2b double mutant yields high resistant starch through cooperative regulation of starch fine structure in indica rice.","Ying, Yining; Chang, Jiayuan; Zhang, Zhongwei; Zhang, Lin; Wang, Xuexue; Yan, Chengqi; Bao, Jinsong","Carbohydrate polymers","2026-09-03","https://pubmed.ncbi.nlm.nih.gov/42692652/","Rice starch biosynthesis is governed by multiple enzymes, among which soluble starch synthase IIIa (SSIIIa) and starch branching enzyme IIb (BEIIb) play critical but distinct roles in determining starch fine structure. However, their combined effects on starch fine structure and physicochemical properties are not fully understood. Herein, we generated a double mutant ss3a/be2b in the indica variety GLA4 by crossing a radiation-induced SSIIIa mutant with a CRISPR/Cas9-generated BEIIb knockout mutant. The double mutant displayed a floury endosperm with irregular starch granules, an amylose content of 50.8% (on starch basis) and a high resistant starch content of 5.92% (on flour basis), approximately 2.7-fold that of the wild type. Its amylopectin chain-length distribution resembling that of ss3a, characterized by increased A and B2 chains and decreased B1 and B3 chains, which resulted in a mixed B- and V-type crystalline pattern and markedly decreased relative crystallinity. The gelatinization temperatures of ss3a/be2b were comparable to those of the wild type, but it showed lower gelatinization enthalpy and extremely low pasting viscosities. These findings demonstrate that SSIIIa and BEIIb cooperatively but non-redundantly regulate starch fine structure and functionality. The double mutant provides a promising genetic resource for developing high resistant starch rice with potential health benefits."
"pubmed","42692561","10.1016/bs.mcb.2026.05.010","CRISPR-Cas9 screen to identify genes regulating cell death.","Zheng, Zilong; Xu, Daichao","Methods in cell biology","2026-09-03","https://pubmed.ncbi.nlm.nih.gov/42692561/","Regulated cell death mediated by dedicated molecular machines, known as programmed cell death, plays important roles in health and disease. Understanding the mechanisms of cell death is crucial for elucidating the control of cellular homeostasis and developing therapies for related diseases. Despite extensive research efforts spanning decades, many aspects of cell death mechanisms remain elusive, highlighting the need for continued exploration. Here, we describe how to identify novel regulators involved in cell death pathways using a genome-wide screening approach."
"pubmed","42692324","10.1016/j.ab.2026.116249","A CRISPR/Cas9 multiplex nucleic acid sensing platform based on rolling circle amplification-mediated monomeric substrate generation.","Li, Wei","Analytical biochemistry","2026-09-03","https://pubmed.ncbi.nlm.nih.gov/42692324/","The multiplex detection of nucleic acid biomarkers, including circulating tumor DNAs (ctDNAs) and microRNAs (miRNAs), holds promise for improving the accuracy of molecular diagnostic techniques. In this study, we developed a CRISPR/Cas9-based sensing platform capable of simultaneously detecting multiple nucleic acid biomarkers. This approach leverages the activation of the CRISPR/Cas9 system through the generation of monomeric substrates mediated by rolling circle amplification (RCA). Specifically, upon the presence of a specific target, the RCA process is initiated, producing concatemeric DNA products. By incorporating an endonuclease and complementary reporter molecules, the RCA products are cleaved into monomeric substrates. Subsequently, Cas9/sgRNA complexes recognize and bind these monomeric substrates, activating the CRISPR/Cas9 systems, which further cleave the substrates to produce amplified fluorescence signals. Compared to conventional RCA methods, which often suffer from product aggregation, the monomeric substrate generation strategy demonstrated enhanced sensing capabilities and analytical performance, with signal intensities nearly double those observed in traditional approaches. To enable multiplex detection, three distinct sets of padlock probes, reporter molecules, and sgRNAs were designed to selectively target three different nucleic acid sequences. The platform exhibited high sensitivity and simultaneous detection of multiple ctDNAs and miRNAs, achieving limits of detection (LODs) ranging from 1.28 fM to 1.50 fM for ctDNAs and 0.61 fM to 0.97 fM for miRNAs. Additionally, analyses of clinical serum samples confirmed the method's accuracy and applicability within complex biological matrices. Collectively, this work introduces a multiplex nucleic acid biomarker detection platform with significant potential for advancing molecular sensing and clinical diagnostic applications."
"pubmed","42692283","10.1016/j.ejphar.2026.179312","Precision genome editing strategies for enduring lipid lowering in atherosclerosis.","Chowdhury, Durlav; Singh, Nirdesh; Garai, Swarnalata; Pandey, Devi Prasad; Bodakhe, Surendra H","European journal of pharmacology","2026-09-03","https://pubmed.ncbi.nlm.nih.gov/42692283/","Atherosclerosis continues to be a primary contributor to global cardiovascular mortality, influenced by intricate lipid and inflammatory mechanisms. Despite the efficacy of conventional pharmacotherapies, ongoing issues of patient non-adherence and residual risk have prompted the exploration of more enduring therapeutic alternatives. This review examines the significant transition in cardiovascular research from conventional, wide knockout models to the utilization of advanced precision genome editing methods, particularly emphasizing CRISPR-Cas9, base editing, and prime editing. These sophisticated molecular tools allow for the accurate insertion and rectification of single-nucleotide variants without causing double-strand breaks, marking a significant shift from rudimentary gene disruption to precise variant engineering. By specifically targeting essential lipid-regulating genes like proprotein convertase subtilisin/kexin type 9 (PCSK9) and angiopoietin-like 3 (ANGPTL3), precision editing presents an exceptional opportunity for lasting, one-shot lipid-lowering treatments. Additionally, we examine the advancement of preclinical modeling, emphasizing humanized models that precisely represent population genetics. This review highlights the essential obstacles to clinical translation, focusing on the optimization of delivery systems such as adeno-associated viruses (AAVs) and lipid nanoparticles (LNPs), as well as the thorough assessment of off-target effects and ethical implications."
"pubmed","42692008","10.1016/j.stemcr.2026.103061","Insulin receptor substrate 2 regulates placental syncytiotrophoblast differentiation at the maternal-fetal interface.","Grinat, Johanna; Moya-Navamuel, Maria; Blanco-Cueto, Paula; Aleman-Juanes, Claudia; Hernandez-Diaz, Nathaly; Mellado-Lopez, Maravillas; Galan, Amparo; Noon, Luke A; Burks, Deborah J; De Clercq, Katrien; Lopez-Tello, Jorge; Perez-Garcia, Vicente","Stem cell reports","2026-09-03","https://pubmed.ncbi.nlm.nih.gov/42692008/","The placental labyrinth is the primary site of maternal-fetal exchange, and its disruption contributes to placental insufficiency and fetal growth restriction (FGR). Here, we identify insulin receptor substrate 2 (IRS2) as a key regulator of mouse placental labyrinth development. Irs2 is expressed in the syncytiotrophoblast (SynT) layers of the labyrinth, where it integrates growth factor signaling during placental morphogenesis. Loss of IRS2 disrupts labyrinth organization, causing defective SynT-II differentiation, impaired trophoblast fusion, and reduced fetal vascularization. Using CRISPR-Cas9-engineered Irs2(-/-) trophoblast stem cells, we show that IRS2 deficiency impairs upregulation of the SynT-II regulators Ppargamma and Gcm1, disrupting SynT-II differentiation and sinusoidal trophoblast giant cell specification. Mechanistically, IRS2 relays insulin-like growth factor (IGF) signals through phosphatidylinositol 3-kinase (PI3K)/AKT and mitogen-activated protein kinase (MAPK) pathways to coordinate trophoblast proliferation, differentiation, and vascular morphogenesis. Human trophoblast stem cell differentiation and organoid analyses reveal IRS2 enrichment in the human syncytiotrophoblast (STB), indicating conserved expression at the human maternal-fetal interface."
"pubmed","42691986","10.1016/j.tibs.2026.07.005","CRISPR-Cas9: the molecular cutting crew.","Vishal","Trends in biochemical sciences","2026-09-03","https://pubmed.ncbi.nlm.nih.gov/42691986/",""
"pubmed","42691950","10.1016/j.cbd.2026.102011","Teleost lincRNAs: Functional roles, regulatory mechanisms, and future applications in aquaculture.","Cheshmehsangi, Elham; Abro, Asma; Khan, Muhammad Tariq; Uddin, Md Saif; Masroor, Waliullah; Cao, Quanquan","Comparative biochemistry and physiology. Part D, Genomics & proteomics","2026-09-03","https://pubmed.ncbi.nlm.nih.gov/42691950/","Long intergenic non-coding RNAs (lincRNAs) regulate gene expression across vertebrate physiological systems, yet their functional roles in teleost fish remain incompletely synthesized. This review systematically integrates current evidence through PRISMA-guided searches across PubMed, Web of Science, and Scopus, identifying ten lincRNA-focused functional studies with genetic, mechanistic, or developmental validation, complemented by twenty two supplementary contextual references. Findings span development, immunity, environmental adaptation, reproduction, regeneration, and toxicology, with each association graded as experimentally validated, bioinformatically predicted, correlational, or speculative. This synthesis offers three core contributions. First, it shows that cis-acting regulation on neighboring genes, mediated through Wnt, NF-kappaB, and AHR signaling, is the dominant validated lincRNA mechanism across teleost physiological domains. Second, it demonstrates that direct experimental validation, primarily via CRISPR-Cas9 and chromatin-capture assays, remains concentrated in zebrafish, whereas aquaculture-species associations remain largely correlational. Third, it identifies two findings that challenge current lincRNA classification: unexpected regulatory directionality at the slincR-sox9b locus, and micropeptide-encoding potential within annotated lincRNAs. Together, these contributions establish an evidence-graded foundation for future mechanistic studies and translational aquaculture applications."
"pubmed","42691507","10.1016/j.tranon.2026.102999","In vivo and FACS-based CRISPR/Cas9 screening uncovers VENTX as a crucial element in maintaining seminoma stemness.","Huang, Chaoxiong; Chen, Yiran; Zhang, Enhuan; Wang, Yifan; Liu, Yixuan; Tang, Lirui; Chen, Chuanben; Lin, Peicheng; Wang, Bingyi","Translational oncology","2026-09-03","https://pubmed.ncbi.nlm.nih.gov/42691507/","Seminoma, which is the most frequent testicular germ cell tumor, has stem cell-like features related to treatment resistance and recurrence, yet the molecular mechanisms that preserve its stemness are not well understood. This study aimed to discover the tumorigenesis and stemness regulation of seminoma. In vivo CRISPR/Cas9 knockout library screening was performed using Tcam-2 seminoma cells implanted into NSG mice to identify tumorigenesis drivers. Parallel FACS-based screening enriched CD117/CD133 double-negative cells to assess the regulators of seminoma stemness. Functional validation included clonogenicity assays, sphere formation tests, and tumor initiation experiments in vivo. RNA sequencing analyzed downstream pathways. In vivo and FACS-based CRISPR/Cas9 screening uncovers VENTX as a crucial element in maintaining seminoma stemness. Functional validation showed that VENTX knockout decreased clonogenicity, sphere formation, and CD117+/CD133+ populations in Tcam-2 cells, and also hindered tumor initiation in vivo. RNA sequencing identified a connection between VENTX and pluripotency pathways, demonstrating a downregulation of ID1/2/3 (essential differentiation inhibitors) and an imbalance in Wnt/beta-catenin and TGF-beta signaling. VENTX expression showed a significant association with DNA methylation-based stemness scores in testicular germ cell tumors. In conclusion, VENTX is a key regulator of seminoma stemness, presenting a promising target for therapy to address recurrence and resistance in seminoma."
"pubmed","42691481","10.1021/acssensors.6c01512","Development of a Colorimetric and Raman Dual-Mode Biosensor for Point-of-Care Bacterial Detection Based on CRISPR/dCas9-Mediated Self-Assembly.","Ni, Qun; Jiao, Jingran; Jiao, Ruibao; Luo, Caijie; Ye, Junfeng; Pan, Kai; Hang, Xiubing; Yao, Li; Wu, Guolin; Zhao, Qihong; Bo, Qingli; Qin, Panzhu","ACS sensors","2026-09-03","https://pubmed.ncbi.nlm.nih.gov/42691481/","Timely and reliable identification of bacterial infections in emergency settings remains a major challenge. To address this challenge, here we utilized CRISPR/dCas9-mediated self-assembly to develop a colorimetric and Raman dual-mode biosensor (referred to as dCARD) and applied it to point-of-care bacterial detection. Briefly, dCARD utilized the CRISPR/dCas9-mediated precise recognition of target amplicons to build bridges, attaching gold nanoparticle (GNP)-probe loaded with 4-aminothiophenol (4-ATP) onto the surface of GNP-streptavidin (GNP-SA). The dispersion-to-aggregation change of particles triggered a significant color change from red to purple, along with the formation of Raman hotspots. As a result, the presence of target bacteria was translated into cross-validated color and Raman signals, showcasing high reliability. This biosensor not only maintained the simplicity of visual readout but also integrated the quantitative function of a portable Raman spectrometer, allowing operators to flexibly switch signal modes in different scenarios. The specific primer-based isothermal amplification and CRISPR/dCas9-mediated precise recognition of amplicons together improved the specificity of dCARD, enabling accurate detection of the target bacteria down to about 10 CFU/mL without interference from non-target bacteria. By using a simplified preprocessing strategy, the assay time could be further reduced to less than 30 min. The robustness and programmability of dCARD were also demonstrated by detecting three common bacteria in real urine specimens. We expect this biosensor to evolve into a universal and field-deployable screening tool for bacterial infections."
"pubmed","42691240","10.1158/0008-5472.CAN-25-5315","Single-Cell Analysis Guides Organoid CRISPR Screening to Reveal NF1 as a Gatekeeper of Cervical Squamous Malignant Transformation.","Hu, Bai; Chen, Liang; Wang, Renjie; Zhou, Zhijun; Zhang, Guangmei; Ruan, Jinghan; Xi, Ling; Zhang, Yuanzhen; Li, Qingmei; Liao, Bingqing; Li, Li; Gao, Chun; Ma, Ding; Li, Min; Liao, Shujie","Cancer research","2026-09-03","https://pubmed.ncbi.nlm.nih.gov/42691240/","Cervical cancer progresses from high-grade squamous intraepithelial lesions driven by persistent HPV infection. Identifying the gatekeepers restraining malignant transformation could reveal strategies to prevent and treat cervical cancer. Here, we integrated single-cell transcriptomics, CRISPR-Cas9 screening, and organoid modeling to dissect this process. Single-cell analysis of patient samples revealed progressive activation of RAS and proliferation programs along epithelial differentiation paths. A focused CRISPR screen in HPV-positive pre-tumoroids identified NF1 as the top suppressor of malignant transition. NF1 loss accelerated carcinogenesis in organoids, compressing a 5~10-year process into 3~6 months, recapitulating basal cell expansion, dedifferentiation, and tumorigenicity. Mechanistically, NF1 loss enhanced RAS-MAPK and PI3K-AKT signaling, promoted proliferative programs, and remodeled chromatin accessibility at AP-1/E2F motifs. Conversely, NF1 restoration in cancer organoids induced apoptosis and suppressed malignant maintenance. AI-guided modeling was used to design a minimal NF1-mimetic peptide that engaged RAS-GTP to inhibit RAS signaling, reduce tumor burden in HPV16-driven mouse models, and restore local immune permissiveness without systemic activation. Together, these findings establish NF1 as a critical constraint on HPV-associated epithelial evolution and provide a time-compressed organoid model of cervical carcinogenesis, offering proof-of-concept for therapeutic RAS pathway interception via NF1 restoration."
"pubmed","42691207","10.1002/jcp.70226","Induced Pluripotent Stem Cell-Derived Small-Diameter Vascular Grafts: Scaffold Design, Immune Engineering, and Clinical Translation.","Kim, Dohee; Choo, Seohyun; Lee, Seunghun S","Journal of cellular physiology","2026-09-03","https://pubmed.ncbi.nlm.nih.gov/42691207/","Small-diameter vascular grafts (</= 6 mm) remain a critical unmet need in cardiovascular surgery, as autologous vessels are unavailable in up to 30% of patients requiring coronary or peripheral bypass. Induced pluripotent stem cells (iPSCs) have emerged as a transformative cell source for tissue-engineered vascular grafts (TEVGs), offering unlimited self-renewal, patient-specific or universal donor potential, and the capacity to generate all vascular cell lineages. Recent breakthroughs-including iPSC-derived grafts achieving 100% patency in allogeneic primate models and the first United States Food and Drug Administration (FDA) approval of an acellular tissue-engineered vessel (SYMVESS, December 2024)-signal that clinical translation is accelerating. This review provides a comprehensive synthesis of the iPSC-to-graft pipeline, encompassing vascular cell differentiation protocols, biomaterial scaffold design, immune engineering strategies for universal grafts, bioreactor maturation, preclinical evaluation, and the evolving clinical-regulatory landscape. We critically evaluate how the convergence of clustered regularly interspaced short palindromic repeats (CRISPR)-based immune editing, advanced biomaterials, and scalable manufacturing is reshaping the field toward off-the-shelf vascular grafts. Finally, we identify remaining challenges in long-term patency, thrombogenicity, and manufacturing scalability, and propose a translational roadmap for the next decade."
"pubmed","42691163","10.1126/science.aea4611","Conformational asymmetry of replicated human chromosomes.","Corsi, Flavia; Steinacker, Thomas L; Kolesnikova, Sofia; Takacs, Zsuzsanna; Batty, Paul; Mitter, Michael; Gerlich, Daniel W; Goloborodko, Anton","Science (New York, N.Y.)","2026-09-03","https://pubmed.ncbi.nlm.nih.gov/42691163/","DNA replication generates sister chromatids with identical sequence, yet its mechanism is fundamentally asymmetric: Chromatids inherit strands of opposite orientation, whereas forks synthesize new strands by distinct leading- and lagging-strand mechanisms. How this replication asymmetry affects chromosome organization is unknown. Using sister chromatid-sensitive conformation analysis, we found that human sister chromatids are consistently misaligned in the 5'-->3' direction of inherited DNA strands. This shift persisted without cohesin-mediated loop extrusion but was lost upon disruption of cohesion. Polymer modeling showed that modest directional misalignment of cohesive cohesins can explain the observed shift, and we propose two models for how such misalignment could originate from replication fork asymmetry. This register shift between sister chromatids has implications for homology search during DNA repair."
"pubmed","42691137","10.1093/g3journal/jkag211","Optimizing CRISPR/Cas9 mutagenesis in Drosophila dendritic arborization neurons to avoid cytotoxicity.","Duarte, Vinicius N; Najafi, Viana; Thompson-Peer, Katherine L","G3 (Bethesda, Md.)","2026-09-03","https://pubmed.ncbi.nlm.nih.gov/42691137/","Genetic perturbations are one of the great strengths of the model organism Drosophila melanogaster, with approaches such as classical mutagenesis and RNA interference enabling a wealth of biological discoveries. A more recent approach for altering gene expression is CRISPR/Cas9-based mutagenesis. As with any new tool, however, its use must be optimized. High expression of Cas9 has been shown to cause cytotoxicity in some cell types, including class IV dendritic arborization (da) neurons. In this study, we provide evidence that Cas9 expression causes cytotoxicity in class I da neurons, in addition to class IV da neurons, both of which are widely used to study neuronal development and regeneration. We then systematically evaluated available Cas9 transgenes designed to titrate Cas9 expression, called uCas9 transgenes. We show that the expression of these uCas9 transgenes results in little to no cytotoxicity in various classes of da neurons. Immunostaining revealed drastic reductions in Cas9 protein levels for da neurons expressing the uCas9(L) transgene. Lastly, we demonstrate that the uCas9(L) transgene effectively and specifically gene edits in both class I and class IV da neurons, lowering the expression of GFP-tagged proteins and producing loss-of-function morphological phenotypes when targeting endogenous loci. Thus, we refine the use of CRISPR mutagenesis in Drosophila da neurons through titration of Gal4/UAS-mediated Cas9 expression using existing uCas9 transgenes, a feasible and flexible approach that may be useful for other labs encountering Cas9 cytotoxicity in their own model systems."
"pubmed","42691043","10.1371/journal.pone.0355625","Synaptopodin KO rat for assessing the dendritic spine apparatus and axonal cisternal organelle in synaptic plasticity, development, and behavior.","Kuwajima, Masaaki; Ostrovskaya, Olga I; Kirk, Lyndsey M; Alario, Ashley; Yin, Weiling; Singh, Sonia; Xaymongkhol, Anna; Li, Adrienne; Prasad, Ella; Harris, Kristen M","PloS one","2026-09-03","https://pubmed.ncbi.nlm.nih.gov/42691043/","The actin-binding protein synaptopodin (Synpo) regulates the cytoskeleton and organization of the endoplasmic reticulum, thereby amplifying intracellular Ca2+ signaling. Knockout (KO) mouse models have been used to study the role of Synpo in kidney and brain functions, where it supports stress fiber formation, as well as long-term potentiation (LTP) and learning, respectively. Here, we generated Synpo KO rats using CRISPR-Cas9, and show they are viable but have reduced body weight after postnatal days 35-45, along with shorter limb bone length. Their basal kidney function is normal into early adulthood. Serial section electron microscopy from Synpo KO rat hippocampus reveals the absence of the spine apparatus in dendrites and cisternal organelle in the axon initial segment (AIS), two Synpo-dependent specializations of smooth endoplasmic reticulum. The AIS in KO was still innervated by inhibitory synapses despite the total loss of the cisternal organelle. Synpo KO rats also showed reduced LTP. Previously unknown KO effect of Synpo on body stature could have an inadvertent impact on behavioral outcomes. Furthermore, rats have a well-defined developmental onset of LTP, compared to the variable onset of LTP in mice. This, combined with known species differences in behavior, makes our KO rat model a valuable resource for assessing the role of Synpo in development, learning, synaptic plasticity, and a wide range of other biological functions."
"pubmed","42690973","10.1021/acssensors.6c01856","CRISPR/Cas- and Argonaute-Based In Vivo Nucleic-Acid Imaging Technologies: Strategies, Challenges, and Perspectives.","Qin, Yuqing; Zhang, Guojun; Hu, Yonggang","ACS sensors","2026-09-03","https://pubmed.ncbi.nlm.nih.gov/42690973/","Live-cell monitoring of sequence-specific nucleic acids is essential to understanding genome organization, RNA regulation, and disease progression. Clustered regularly interspaced short palindromic repeat (CRISPR)/CRISPR-associated protein (Cas) and Argonaute (Ago) systems provide programmable, guide-directed recognition of DNA or RNA and are increasingly used as platforms for in vivo bioimaging. This review summarizes the structural and mechanistic features of representative CRISPR and Ago effectors and discusses design strategies for sensitive, specific, and multiplexed imaging of genomic loci, extrachromosomal DNA, and endogenous RNA in living cells. We compare the analytical performance and limitations of CRISPR- and Ago-based imaging, with particular emphasis on the major technical and biological challenges affecting their accuracy, applicability, and reliability. Finally, this review offers insights into developing high-resolution and user-friendly bioimaging platforms for fundamental biology and future translational applications."
"pubmed","42690696","10.1093/molehr/gaag050","Maternal DNA repair safeguards genome stability during the oocyte-to-embryo transition.","Grejo, Mateus P; Augusto Neto, J Djaci; Dos Santos, Angelica C; Alves, Lindomar O; Macabelli, Carolina H; Pereira-Junior, Sergio A G; Cardoso, Taina F; Pandey, Anand K; Clemente, Suellen G B; Yokomizo, Deborah N; Seneda, Marcelo M; Nociti, Ricardo P; Meirelles, Flavio V; Chinnery, Patrick F; Martins, Rodrigo A P; Frappart, Pierre-Olivier; Chiaratti, Marcos R","Molecular human reproduction","2026-09-03","https://pubmed.ncbi.nlm.nih.gov/42690696/","De novo mutations are a major source of genetic variation and disease risk, yet the developmental timing and mechanisms underlying their origin require further investigation. While germ cells have traditionally been considered the primary source of these mutations, increasing evidence suggests that a substantial fraction arise after fertilization. Here, we investigated the role of maternal DNA repair in shaping mutagenesis during this critical window by using a mouse model with oocyte-specific disruption of the homologous recombination factor RAD51 and a combination of cellular and molecular analyses. Loss of maternal RAD51 led to the accumulation of DNA double-strand breaks in oocytes without impairing their growth, meiotic maturation, or fertilization competence. In contrast, embryos derived from RAD51-deficient oocytes exhibited increased DNA damage and developmental delay during early cleavage stages. Whole-genome sequencing revealed a significant increase in de novo variants in offspring, the majority displaying intermediate allele frequencies consistent with post-zygotic mosaic mutations. These findings confirm that maternal DNA repair safeguards genome stability across the oocyte-to-embryo transition and identify early embryogenesis as a major source of de novo mutations, with implications for reproductive biology and the origins of genetic diseases."
"pubmed","42690536","10.1186/s40643-026-01126-0","Engineering Thermothelomyces heterothallica for cellobionate production.","Zada, Bakht; Shapouri, Hamidreza; Wang, Jiajie; Sharma, Sumit; Kasuga, Takao; Valbuena, Noelia; Tchelet, Ronen; Emalfarb, Mark; Fan, Zhiliang","Bioresources and bioprocessing","2026-09-03","https://pubmed.ncbi.nlm.nih.gov/42690536/","In this study, a thermophilic cellulolytic filamentous fungus Thermothelomyces heterothallica was engineered for direct production of cellobionic acid (CBA) from alkali-pretreated wheat straw without the addition of external cellulases. The CBA bioproduction pathway was established through sequential disruption of genes involved in cellobiose and CBA catabolism, including eight beta-glucosidases, one cellobiose/cellobionate phosphorylase, and two putative cellobionate transporters using a ribonucleoprotein (RNP)-based CRISPR-Cas9 system. The resulting T. heterothallica strain, TH11, was able to produce cellobionate from cellobiose and pretreated wheat straw at a high yield. Further optimization of fermentation pH using 50 mM citrate buffer (pH 6.0) increased the final cellobionate concentration. Fermentation temperature optimization showed that 43  degrees C accelerated substrate conversion without significantly affecting final titers. The engineered strain, TH11 produces 64 mM of cellobionate in 5 days. The cellulose conversion was about 88%, and the yield of the cellobionate from the consumed cellulose was about 96%. The new strain provides a promising platform for direct bioconversion of lignocellulosic biomass into value-added aldonic acids without any enzyme addition."
"pubmed","42690503","10.1007/s10142-026-02037-1","Integrating genomics, multi-omics, CRISPR and speed breeding for stress-resilient vegetable legume improvement.","Indurthi, Sandeep; Kaur, Gurpreet; Dutta, Rituraj; Madhu, Saatu; Chodasani, Bhaskar; Yadav, Amul; Singh, Manpreet; Meena, Tarun Kumar; Singh, Gurjeet","Functional & integrative genomics","2026-09-03","https://pubmed.ncbi.nlm.nih.gov/42690503/","Vegetable legumes are nutritionally and ecologically important crops. However, their genetic improvement has not kept pace with the increasing challenges posed by climate change due to the polygenic nature of stress tolerance, narrow genetic diversity, and the persistent gap between molecular discoveries and field-level cultivar development. Although recent reviews have examined individual genomic tools or specific stress responses, a comprehensive synthesis integrating genomics-assisted breeding, multi-omics technologies, genome editing, and speed breeding within a unified crop improvement framework has been lacking. This review addresses that gap by critically evaluating how these complementary approaches can accelerate the development of stress-resilient vegetable legumes, including pea, common bean, cowpea, faba bean, cluster bean, yard-long bean, and hyacinth bean. This review synthesizes advances in QTL mapping, genome-wide association studies, transcriptomics, metabolomics, and CRISPR-based functional genomics that have identified key regulators and pathways underlying resistance to major biotic and abiotic stresses. Rather than considering these technologies independently, the review emphasizes their convergence into a systems-level breeding framework integrating genomic discovery, functional validation, predictive breeding, and accelerated generation advancement to improve breeding efficiency. Speed breeding, enabling up to seven to eight generations annually under optimized controlled-environment experimental conditions in cowpea, is discussed as a complementary strategy with genomic selection and genome editing. The review further identifies major translational bottlenecks, including transformation recalcitrance, limited genomic resources for underutilized vegetable legumes, inadequate multi-environment validation, and fragmented omics integration, and presents an integrated systems-breeding framework to bridge the gap between gene discovery and cultivar development."
"pubmed","42689994","10.31083/FBL45754","From an Age-Stratified Perspective: Divergent Adaptive Mechanisms of the Traumatic Brain Injury Repair Network Between Pediatric and Adult Patients.","Yu, Sixun; Pan, Liang; Yang, Tao; Chen, Xin; Ma, Yuan; Shu, Haifeng","Frontiers in bioscience (Landmark edition)","2026-09-03","https://pubmed.ncbi.nlm.nih.gov/42689994/","Traumatic brain injury (TBI) remains a leading cause of chronic neurological impairment across the lifespan, with significant disparities in clinical recovery trajectories between pediatric and adult patients. Previous research has often been confined to a binary debate over the relative repair capacity of different age groups; however, this paradigm is insufficient for exploring the age-dependent molecular mechanisms of adaptation in depth. This review proposes a ""divergent adaptation"" theoretical framework to systematically analyze age-dependent differences in the brain-derived neurotrophic factor (BDNF)-miRNA network and its microenvironmental regulation-including cerebrospinal fluid dynamics and the gut-brain axis-during TBI repair. In the pediatric brain, repair strategies primarily leverage developmental plasticity, characterized by elevated BDNF/insulin-like growth factor-1 (IGF-1) expression and the active involvement of neurogenesis-promoting miRNAs such as miR-124, which facilitate neural circuit reorganization. However, this reparative process also entails risks, including aberrant circuit formation and vascular fragility. In contrast, the adult brain employs repair strategies focused on maintaining network stability: BDNF/TrkB signaling shifts toward localized repair, while miR-129-mediated inhibition of IGF-1 and epigenetic silencing mechanisms (e.g., BDNF promoter hypermethylation) constrain regenerative capacity and favor gliotic scar formation. Furthermore, cross-system mechanisms-such as the unique cerebrospinal fluid dynamics in children and the ""developmental window effect"" of the gut-brain axis-may contribute to distinct injury response patterns across ages. From a clinical translational perspective, we emphasize that intervention strategies must be precisely tailored according to age-specific mechanisms. For pediatric patients, potential approaches include exosome-mediated delivery of neurogenic miRNAs (e.g., miR-133b) and IGF-1 potentiation therapies. For adults, more suitable strategies may involve electroacupuncture-mediated modulation of the BDNF-miRNA axis or CRISPR/dCas9-based reversal of epigenetic silencing. Additionally, natural compounds such as curcumin, which confer synergistic anti-inflammatory effects via the BDNF/miRNA network, could represent a universal therapeutic strategy applicable across age groups. This field faces several limitations, however, including a scarcity of high-quality pediatric TBI data, a translational gap between animal models and clinical reality, and an incomplete understanding of cross-system mechanisms. Future studies should establish developmentally staged research systems and integrate multi-omics technologies to advance precision neuroregenerative strategies."
"pubmed","42689991","10.31083/FBL54109","PDE4DIP-Derived MMG8 Supports Proliferation, Migration, and Tumor Growth in Hepatocellular Carcinoma Models.","Wang, Cong; Bian, Chunjing; Luo, Tao","Frontiers in bioscience (Landmark edition)","2026-09-03","https://pubmed.ncbi.nlm.nih.gov/42689991/","BACKGROUND: PDE4DIP encodes a scaffold protein that has been implicated in compartmentalized signaling and cytoskeletal organization, but the role of its myomegalin variant 8 (MMG8) isoform in hepatocellular carcinoma (HCC) remains unclear. To address this gap, we examined PDE4DIP expression in public HCC datasets and investigated the functional role of MMG8 in HCC models. METHODS: PDE4DIP expression was analyzed in The Cancer Genome Atlas Liver Hepatocellular Carcinoma (TCGA-LIHC) cohort and two Gene Expression Omnibus (GEO) cohorts (GSE14520, GSE36376). MMG8 function was assessed in Huh7 cells using siRNA-mediated knockdown and in Hepa1-6 cells using lentiviral Clustered Regularly Interspaced Short Palindromic Repeats - CRISPR-associated protein 9 (CRISPR-Cas9)-mediated knockout. Cell proliferation in MMG8-KD Huh7 cells and MMG8-KO Hepa1-6 cells was assessed using Cell Counting Kit-8 (CCK-8) assays, while Huh7 cell migration was evaluated using Transwell assays. Tumor growth was assessed using a murine subcutaneous tumor model. Immunohistochemical staining for Ki67 and cleaved caspase-3 was employed to assess tumor cell proliferation and apoptosis-associated changes, respectively. Gene set enrichment analysis was performed in TCGA-LIHC tumors stratified based on PDE4DIP expression. RESULTS: PDE4DIP expression differed between tumor and non-tumor tissues across HCC cohorts, although the directionality of this difference was not uniform. MMG8 knockdown in Huh7 cells reduced proliferation and migratory activity. A single-cell-derived MMG8-KO Hepa1-6 clone exhibited reduced proliferation in vitro and formed smaller tumors in vivo, with lower Ki67 positivity but no significant difference in cleaved caspase-3 positivity between groups. In tumors from the TCGA-LIHC cohort, PDE4DIP expression was associated with distinct transcriptional programs. Specifically, PDE4DIP-high tumors presented with positive normalized enrichment score (NES) values for several metabolic pathways, whereas adhesion/extracellular matrix (ECM), cell cycle/proliferation, and translation/ribosome-related pathways exhibited negative NES values. CONCLUSIONS: These findings support a functional contribution of MMG8 to proliferative, migratory, and tumor-growth phenotypes in the tested HCC models. Bulk gene-level PDE4DIP expression in human tumors was associated with context-dependent transcriptional states and should not be interpreted as a direct surrogate for MMG8 function."
"pubmed","42689981","10.31083/FBL52385","Multimodal Analysis Reveals Aberrant Expression of SUMO2 and Its Significant Association With Key Mechanisms of Metabolic Pathways in Hepatocellular Carcinoma.","Deng, Yulong; Huang, Beibei; Tang, Yuxing; Su, Qinyan; Liu, Hongquan; Mo, Hongbo; Tang, Huanhuan; Xiong, Kunhua; He, Shipei; Dang, Yiwu; Chen, Gang; Rong, Minhua","Frontiers in bioscience (Landmark edition)","2026-09-03","https://pubmed.ncbi.nlm.nih.gov/42689981/","BACKGROUND: Hepatocellular carcinoma (HCC) is the third leading cause of cancer-related deaths worldwide. However, the role of small ubiquitin-like modifier 2 (SUMO2), a core member of the small ubiquitin-like modifier (SUMO) family, regarding its expression patterns and metabolism-related functions in HCC remains inadequately understood. METHODS: A multidimensional analytical framework was applied, integrating immunohistochemistry (153 HCC vs. 21 non-HCC samples), proteomics (159 paired samples), bulk transcriptomics (3240 HCC vs. 2267 non-HCC samples), single-cell RNA sequencing (RNA-seq) (10 HCC vs. 8 non-HCC samples), spatial transcriptomics, and external CRISPR/Cas9 functional genomics data. Systematic analyses included standardized mean difference (SMD), pathway enrichment, pseudotime trajectory inference, in silico knockout, cell-cell communication, metabolic flux scoring, immune infiltration, clinical correlation, drug sensitivity prediction, and molecular docking. RESULTS: At the protein level, immunohistochemistry (nuclear positivity) and external proteomic data collectively demonstrated consistent SUMO2 overexpression in HCC. Consistent upregulation was also observed at the mRNA level across large-scale cohorts. Single-cell RNA-seq and spatial transcriptomics localized SUMO2 enrichment to malignant hepatocytes and tumor-dominant regions. CRISPR-mediated SUMO2 knockout suppressed proliferation in multiple HCC cell lines. Mechanistically, high SUMO2 expression was significantly associated with metabolic reprogramming involving glycolysis/gluconeogenesis, pyruvate metabolism, and the tricarboxylic acid cycle. SUMO2-high malignant hepatocyte subpopulations exhibited enhanced activity of the macrophage migration inhibitory factor signaling axis and enhanced iron-sensor interactions. Further, the immune infiltration analysis revealed a negative correlation between SUMO2 expression and M1 macrophages and a positive correlation between follicular helper T cells and regulatory T cells. Clinically, elevated SUMO2 levels were found to be associated with adverse prognostic features. Furthermore, high SUMO2 expression was associated with increased sensitivity to dasatinib, and molecular docking simulations predicted potential binding between SUMO2 and dasatinib, with a Vina score of -8.5 kcal/mol. CONCLUSIONS: SUMO2 is aberrantly expressed at the protein, mRNA, single-cell, and spatial transcriptomic levels in HCC and is significantly associated with metabolic reprogramming and altered migration inhibitory factor (MIF)-mediated intercellular communication, suggesting its potential as a novel biomarker for diagnosis and treatment."
"pubmed","42689621","10.1021/acs.analchem.6c01983","High-Sensitivity Molecular Detection of Viral Bioaerosols Using a Composite Collection System and Optimized RPA-CRISPR/Cas12a.","Fu, Hai; Wang, Zhigang; Guo, Jianxin; Wang, Tengfei; Li, Xiaoyi; Su, Yimin; Chen, Zhi; Yang, Huifeng; Xie, Zhongjian; Li, Defa","Analytical chemistry","2026-09-03","https://pubmed.ncbi.nlm.nih.gov/42689621/","Highly pathogenic airborne microorganisms pose a significant public health threat, particularly because their small particle size can support prolonged suspension and long-range transport. Here, we present an integrated platform that combines a composite bioaerosol collection system with a three-stage enrichment mechanism and recombinase polymerase amplification-CRISPR/Cas12a (RPA-CRISPR/Cas12a) detection. The platform incorporates model-based constant-temperature control, stacked optical filters, and multichannel fluorescence imaging. The temperature-control model accurately described the thermal response of the reaction module, while the optical and imaging subsystems supported stable fluorescence readout. Using aerosolized monkeypox virus (MPXV) pseudovirus as a controlled test target, the platform detected target nucleic acid in collection liquid down to 10 copies/muL under the tested conditions. These results support the feasibility of integrating aerosol enrichment with isothermal molecular detection in a compact prototype. The main contributions lie in innovations and the engineering integration of bioaerosol collection and enrichment, thermal control of biochemical reactions in molecular detection, and precision fluorescence detection techniques for molecular detection. Regarding molecular detection methods, the biochemical reaction parameters were experimentally optimized rather than introducing new biochemical reaction mechanisms. Validation with authentic clinical or environmental viral aerosols remains necessary before diagnostic or field-use claims can be made."
"pubmed","42689601","10.1021/acs.analchem.6c03456","Low-Potential Electrochemiluminescence of Carbon Dots Enabled by Co-Mn Bimetallic Atoms for Bioanalysis.","Li, Rongfang; Yang, Guomin; Hu, Fang Xin; Yuan, Ruo; Chen, Shihong","Analytical chemistry","2026-09-03","https://pubmed.ncbi.nlm.nih.gov/42689601/","Carbon dots (CDs) have emerged as promising electrochemiluminescence (ECL) emitters for biosensing due to their low toxicity, facile synthesis and modification, and good biocompatibility. However, most of the reported CDs require a more negative ECL trigger potential than -1.5 V vs Ag/AgCl, which not only induces undesirable electrode side reactions but also compromises the structural integrity of biomolecules, thus limiting their practical utility in complex biological systems. This study explored a bimetallic atom modulation strategy to significantly shift the ECL excitation potential of CDs positively. Concretely, Co-Mn bimetallic atoms were anchored on ultrasmall nitrogen-doped carbon dots (NCDs) to prepare Co-Mn/NCDs. On one hand, the bimetallic atoms effectively narrowed the bandgap of the material, shifting the ECL excitation potential positively to -0.9 V. On the other hand, the synergistic action of the bimetallic atoms significantly enhanced the decomposition efficiency of S2O82-, promoting the generation of reactive intermediates such as SO4*- and OH*, thereby greatly boosting ECL intensity. The excellent low-potential ECL characteristics of Co-Mn/NCDs were integrated with a CRISPR-Cas12a cascade signal amplification strategy to construct an ECL sensing platform for the highly sensitive detection of the cancer biomarker flap endonuclease 1 (FEN1). This work innovatively introduces bimetallic atoms into the CDs-based ECL system, effectively overcoming the issue of the overly negative excitation potential of CDs and providing an attractive low-potential ECL platform."
"pubmed","42689595","10.1021/acs.analchem.6c01959","Lanthanide Metal-Organic Frameworks Enable Target-Triggered CRISPR-Cas12a Activator Release for Ultrasensitive Non-nucleic Acid Biomarker Detection.","Liu, Yongzhen; Yu, Long; Shen, Yongjin; Gan, Zhiwen; Tong, Jiyu; Zhao, Fang; Xiao, Yuxiu","Analytical chemistry","2026-09-03","https://pubmed.ncbi.nlm.nih.gov/42689595/","Rapid, ultrasensitive detection of cardiac troponin I (cTnI) is critical for the early diagnosis of acute myocardial infarction (AMI). However, CRISPR-Cas systems, despite their unparalleled nucleic acid detection performance, face inherent bottlenecks in protein sensing, including inefficient signal transduction, high background noise, and insufficient anti-interference capability in complex biological matrices. Herein, we report a modular fluorescence signal transduction platform integrating aptamer-functionalized magnetic beads, lanthanide metal-organic frameworks (Ln-MOFs) with high nucleic acid affinity, and CRISPR-Cas12a-mediated collateral cleavage amplification for sensitive cTnI detection. Target cTnI binding to magnetic bead-immobilized aptamers drives the formation of sandwich complexes with CRISPR activator DNA (act)-functionalized Ln-MOFs, triggering phosphate-mediated release of act. The liberated act initiates robust Cas12a trans-cleavage activity, generating an amplified fluorescence readout. This platform achieves a limit of detection (LOD) of 0.1 pg mL-1 in serum samples, with excellent specificity against off-target interfering proteins. Validation in 28 clinical serum samples demonstrates near-perfect agreement with standard clinical ELISA measurements and yields an area under the curve (AUC) of 0.995, confirming its clinical diagnostic accuracy. Furthermore, the modular design enables facile reconfiguration for diverse protein biomarkers via aptamer substitution, providing a universal strategy to expand CRISPR-Cas systems toward non-nucleic acid target detection."
"pubmed","42689567","10.1021/acs.analchem.6c03714","AND-Logic Gated Electrochemical Sensor for Separate Detection of Aflatoxin B1 and Ochratoxin A via Split-Activator CRISPR/Cas12a.","Yan, Yifan; Chen, Mengjie; Li, Huimin; Zhou, Ya; Chen, Xin; Dong, Xuefei; Liu, Fei; Xiao, Min; Zhu, Liping","Analytical chemistry","2026-09-03","https://pubmed.ncbi.nlm.nih.gov/42689567/","To address the frequent co-occurrence of aflatoxin B1 (AFB1) and ochratoxin A (OTA) in real food matrices, as well as the difficulty of achieving both high-specificity recognition and rapid quantification with existing detection methods, this study developed an AND logic-gated electrochemical sensor based on split-activator CRISPR/Cas12a. The sensor constructed an ordered signaling layer on the electrode interface using a DNA tetrahedron. Through DNAzyme-catalyzed reactions triggered separately by the two targets, two split DNA fragments were generated. Only when both fragments coexisted could they jointly activate the trans-cleavage activity of CRISPR/Cas12a, leading to extensive cleavage of the G-quadruplex sequence supported by the DNA tetrahedron. This cleavage caused the loss of the G-quadruplex/hemin signal-reporting group, resulting in a sharp attenuation of the electrochemical signal. By optimizing the heparin sodium concentration, a one-pot integration of the DNAzyme catalytic cycle and the CRISPR cleavage reaction was successfully achieved. The sensor achieved detection limits of 1.12 pg/mL for AFB1 and 0.26 pg/mL for OTA, which are significantly lower than international regulatory limits. For real corn flour, wheat flour, rice flour, and soybean flour samples, spike recoveries ranged from 90.99% to 107.29%, and the results were highly correlated with those obtained using a commercial enzyme-linked immunosorbent assay method (R2 > 0.996) and high-performance liquid chromatography-tandem mass spectrometry (R2 > 0.998). This work not only provides a new, ultrasensitive, and highly specific tool for copresence reporting of dual mycotoxins, but also offers an innovative paradigm for constructing logic-based biosensors designed for intelligent analysis of complex matrices."
"pubmed","42689566","10.1021/acs.analchem.6c05179","Phosphorothioate-Enabled Cas12a Autocatalytic Network for Amplification-Free Ultrasensitive Nucleic Acid Detection.","Zhang, Runze; Wen, Zaiwei; Zhao, Yong; Cheng, Lu; Liu, Chenyang; Bian, Shanshan; Xu, Lijun; Pei, Renjun","Analytical chemistry","2026-09-03","https://pubmed.ncbi.nlm.nih.gov/42689566/","Autocatalytic CRISPR/Cas systems offer a promising route toward amplification-free nucleic acid detection, yet their performance is limited by indiscriminate transcleavage of ssDNA activators and the reliance on structurally complex, thermodynamically unstable DNA architectures. A phosphorothioate (PS)-enabled Cas12a autocatalytic network (SCAN) is presented to address these challenges by leveraging the unique compatibility of F. novicida Cas12a (FnCas12a) with fully PS-modified ssDNA activators. An ssDNA mediator is engineered with fully PS-modified activator domains flanking a cleavable, unmodified spacer. The intact mediator remains sterically inactive toward Cas12a ribonucleoproteins, whereas trace-target-induced cleavage liberates split activators that trigger a self-propagating amplification network. The SCAN platform achieves ultrasensitive detection with limits of detection of 889 aM and 341 aM for ssDNA and dsDNA targets, respectively. The platform further enables amplification-free detection of Salmonella enterica and Escherichia coli in real samples, with detection limits of 30 and 20 CFU/mL, respectively. This work establishes fully PS-modified ssDNA as a robust and generalizable design element for CRISPR-based autocatalytic systems, providing a simple, flexible, and efficient strategy to enhance stability, suppress background, and improve analytical performance."
"pubmed","42689491","10.1111/acel.70700","In Vivo Base Editing Partially Rescues Bone Dysplasia in a Mouse Model of Hutchinson-Gilford Progeria Syndrome.","Cabral, Wayne A; Grenko, Caleb M; Yeritsyan, Diana; Beeram, Indeevar; Laiwala, Shubham; Johnson, Lukas R; Tavarez, Urraca L; Yan, Tingfen; Wincovitch, Stephen M; Koblan, Luke W; Gao, Xin D; An, Meirui; Narisu, Narisu; Biesecker, Leslie G; Liu, David R; Nazarian, Ara; Collins, Francis S; Erdos, Michael R","Aging cell","2026-09-03","https://pubmed.ncbi.nlm.nih.gov/42689491/","Hutchinson-Gilford progeria syndrome (HGPS) is a premature aging disorder affecting tissues of mesenchymal origin. Most patients harbor a c.1824C>T/p.G608= variant, commonly described as G608G, in exon 11 of LMNA that leads to aberrant splicing and production of the toxic progerin protein. In addition to cardiovascular, dermal, and adipose tissue deterioration, HGPS mouse models also develop progressive bone dysplasia that occurs in patients. Here we characterize the efficacy of in vivo mutation correction with an adenine base editor (ABE) to rescue structural and functional defects in HGPS transgenic murine bone tissue. Treatment of double-copy transgenic osteoblast cultures with a lentiviral-delivered CRISPR-Cas9 ABE achieved nearly 40% gene correction in vitro, resulting in significant reduction of progerin transcripts and protein, in the absence of selective agents. Furthermore, gene correction improved progeroid osteoblasts' capacity to deposit and mineralize extracellular matrix compared to untreated cultures. In vivo, a single intravenous dose of AAV9-delivered ABE corrected the mutation, achieving ~14%, ~22%, ~10% and < 1% correction in bone by six months of age when administered at P3, P14, 1 and 4 months of age, respectively. Partially rescued bone structural and physical parameters were observed in P14-treated mice with concomitant normalization of gene transcriptional programs and intracellular signaling pathways involved in bone remodeling. This work demonstrates in vivo delivery of a locus-specific DNA base editor to bone tissue, delineates the timing of treatment required for maximum efficacy, and suggests that this system might be tailored for application to other monogenic bone disorders."
"pubmed","42689189","10.7759/cureus.115554","A Heterogeneous Phenotypic Presentation of a PALB2 Mutation Carrier With Multiple Metachronous Primary Malignancies: A Case Report.","Julakanti, Pujita; Spitz, Victor Hugo; Runko, Gerard; Ziton, Laura","Cureus","2026-09-03","https://pubmed.ncbi.nlm.nih.gov/42689189/","The Partner and Localizer of BRCA2 (PALB2) gene is a tumor suppressor gene with a role in DNA repair. Pathogenic autosomal dominant mutations of this gene significantly increase lifetime cancer risk, particularly breast and pancreatic cancers. We present a case of a 71-year-old African American woman without a known family history of malignancy found to have a heterozygous PALB2 mutation following the diagnoses of metachronous colorectal adenocarcinomas and multiple gynecologic cancers. After the discovery of the mutation, the patient underwent resection of a pancreatic head adenocarcinoma. Moreover, following an incidental discovery of evolving right-breast microcalcifications on a routine mammogram, the patient is pending a biopsy procedure for further investigation. Her positive mutation results prompted genetic testing in her family, leading to the detection of the mutation in both her daughter and granddaughter. This case highlights the importance of hereditary cancer evaluation and multigene testing in patients with multiple primary malignancies. While pancreatic cancer is an established PALB2-associated malignancy, the colorectal, uterine, and vulvar cancers observed in this patient should be interpreted cautiously, as their association with PALB2 remains unestablished. Identification of a pathogenic variant can guide risk-appropriate surveillance and cascade testing."
"pubmed","42689139","10.3389/fpls.2026.1924558","Hormone priming and metabolic engineering of phytohormone crosstalk in rice under combined biotic and abiotic stresses: a multi-omics perspective for climate-resilient crop development.","Shuixing, Zhu; Jing, Zhu; Alshehri, Dikhnah; Al-Amrah, Hadba; Manzoor, Irfan; Aiying, Yu","Frontiers in plant science","2026-09-03","https://pubmed.ncbi.nlm.nih.gov/42689139/","Rice (Oryza sativa L.) is the caloric backbone for more than half of humanity, yet it remains one of the most vulnerable crops to the simultaneous biotic and abiotic stresses exacerbated by climate change. Phytohormone priming and the complex crosstalk networks governed by transcription factor hubs like WRKY, MYB, and NAC serve as the central adaptive mechanism for stress resilience. This review synthesizes how multi-omics integration, including spatial and single-cell transcriptomics, is resolving the molecular architecture of hormonal priming and epigenetic stress memory. We critically evaluate advanced metabolic engineering and genome-editing strategies such as CRISPR-Cas9, base/prime editing, and synthetic gene circuits that enable precision modifications to decouple stress tolerance from historical yield penalties. Furthermore, we discuss the emerging roles of microbiome-assisted priming via synthetic consortia and the application of artificial intelligence and digital twins (continuously updated computational models of crop physiology) for predictive stress management. By integrating these diverse technological pillars, we propose a systems-level roadmap for developing climate-resilient rice cultivars capable of maintaining yield stability across a volatile combinatorial stress landscape. This synthesis provides a framework for translating mechanistic hormonal insights into field-applicable cultivars to ensure global food security."
"pubmed","42688979","10.3389/fonc.2026.1894119","Non-coding RNAs as regulators of chromosomal instability in breast cancer.","Pinilla-Pena, Deisy; Nino-Salgado, Anlly; Rondon-Lagos, Milena","Frontiers in oncology","2026-09-03","https://pubmed.ncbi.nlm.nih.gov/42688979/","Breast cancer is a highly heterogeneous disease characterized by extensive genomic and chromosomal instability (CIN), a hallmark that drives tumor evolution, intratumoral heterogeneity, therapeutic resistance, and poor clinical outcomes. Increasing evidence indicates that non-coding RNAs (ncRNAs) are important regulators of genome maintenance and chromosome stability. However, their specific contributions to CIN and the strength of the available evidence remain incompletely understood. This review examines the role of the major ncRNA classes, including circular RNAs, microRNAs, PIWI-interacting RNAs, small nucleolar RNAs, and long non-coding RNAs, in the regulation of CIN-related processes in breast cancer. We discuss the molecular mechanisms by which these ncRNAs regulate key pathways involved in CIN, while critically evaluating the strength of the experimental evidence supporting their functional roles. We also examine their associations with distinct breast cancer molecular subtypes and assess their potential as biomarkers and therapeutic targets, highlighting current limitations and knowledge gaps that hinder clinical translation. Collectively, the available evidence supports an emerging role for ncRNAs as regulators of CIN while underscoring the need for further mechanistic and subtype-specific studies to validate their clinical utility."
"pubmed","42688902","10.1093/jbmrpl/ziag117","Generation of spCAS9 expressing human mesenchymal stem cell line to study gene function during osteoblast differentiation.","Foessl, Ines; Guo, Yuan; Mies, Rosinda; Kassem, Moustapha; van Leeuwen, Johannes P T M; van der Eerden, Bram C J; Obermayer-Pietsch, Barbara; van de Peppel, Jeroen","JBMR plus","2026-09-03","https://pubmed.ncbi.nlm.nih.gov/42688902/","Human bone marrow-derived stromal cells (hMSCs) are a great resource for studying how genes influence cell fate and differentiation into various cell types like osteoblasts, adipocytes, and chondrocytes, among other cell types. However, genetic manipulation of primary hMSCs has been challenging due to their short lifespan and cellular senescence after limited passaging. Their low and unstable transfection efficiency also complicates gene delivery or inactivation, hindering long-term functional studies. The limited lifespan has been effectively solved by immortalizing hMSCs with telomerase reverse transcriptase (hMSCs-TERT). The use of these cells is ideal for functional studies of osteoblast and adipocyte differentiation through genetic manipulation, providing a stable and reliable model. Here, we have engineered a stable CAS9 expressing hMSC-TERT cell line (hMSC-TERT(CAS9)) via lentiviral transduction. The constitutive expression of spCas9 enables efficient and reproducible gene editing. We demonstrate the potential of these hMSC-TERT(CAS9) cells for generating gene disruptions using plasmid delivery of guide RNAs as a fast and efficient strategy for targeted genome editing. The edited cells can be sorted and expanded as single cells to obtain homogenous clonal cell lines with mono- as well as bi-allelic gene deletions, a crucial step for producing reliable experimental results. We further validate this cell line as a powerful tool for studying gene function during hMSC proliferation and differentiation, providing 3 distinct examples of its utility. Through the generation of indels, single-cell sorting, and clonal selection, we have efficiently inactivated the vitamin D receptor and created both larger (256 nucleotides) gene disruptions in Forkhead box protein O1 and precise removals of a small genomic sequence (73 nucleotides) coding for microRNA MIR675. This novel hMSC-TERT(CAS9) cell line represents a significant advancement, offering a stable, efficient, and versatile platform for advanced genetic studies, high-throughput screening, and the creation of reliable cellular disease models."
"pubmed","42688821","10.3389/fphys.2026.1924373","From single-pathway cascade to network pathophysiology: how genetically engineered mouse models reshaped our understanding of pancreatitis.","Yan, Ting; Lin, Qinghua; Huang, Shaoqun; Wang, Lingxiang","Frontiers in physiology","2026-09-03","https://pubmed.ncbi.nlm.nih.gov/42688821/","Pancreatitis remains a common gastrointestinal disease with no mechanism-specific therapy. Its pathogenesis was long explained by the autodigestion hypothesis: a single linear cascade initiated by premature intra-acinar trypsinogen activation. This trypsin-centric view cannot account for the amplification of inflammation, the switching of cell-death modality, the acute-to-chronic transition, organ failure, or the chronic pancreatitis caused by protein-misfolding genes that act outside the protease system. Here we synthesize evidence from genetically engineered mouse models (GEMMs); their loss- and gain-of-function designs, spanning global and conditional knockouts, knock-ins, and CRISPR/Cas9 editing, can separate molecular events that are necessary, sufficient, or merely correlated. These models show, for example, that enhanced trypsinogen autoactivation alone is sufficient for spontaneous disease, that NF-kappaB-driven inflammation can be initiated independently of trypsin, and that loss of autophagy alone disrupts acinar homeostasis. On this basis we reframe pancreatitis as a network pathophysiology with two coupled layers. First, acinar homeostasis is maintained by several semi-independent control modules (digestive-enzyme safety, endoplasmic reticulum protein quality control, the autophagy-lysosome system, the calcium-mitochondria axis, and NF-kappaB signaling), so that disease can be initiated at any of several independent nodes. Second, the injured acinar cell dies through an interconnected, switchable network of regulated cell death (apoptosis, necroptosis, pyroptosis, ferroptosis, and PANoptosis), sharing nodes such as caspase-8, RIPK3, and GPX4, whose configuration, more than the initiating trigger, determines severity. This framework recasts the heterogeneity of human pancreatitis as different entry points into one network and argues for therapies directed at shared nodes rather than single pathways."
"pubmed","42688583","10.12182/20260760301","[Research Advances on Mechanisms and Interventions of DNA Methylation-Regulated Aging-Related Imbalance in Bone Metabolism].","He, Tailin; Li, Jie; Mei, Yifang; Xiao, Guozhi","Sichuan da xue xue bao. Yi xue ban = Journal of Sichuan University. Medical science edition","2026-09-03","https://pubmed.ncbi.nlm.nih.gov/42688583/","Aging can induce age-related bone diseases such as osteoporosis. DNA methylation, a core epigenetic regulatory mechanism, participate in the pathological process of aging-induced bone metabolism imbalance by modulating gene expression at the epigenetic level. Using S-adenosylmethionine as a methyl donor, it exhibits characteristics of hypomethylation in genomic repetitive regions and abnormal methylation in CpG islands of promoters of key bone metabolism genes with advancing age. The ""epigenetic clock"" constructed based on these features can accurately predict an individual's biological age. In bone metabolism, DNA methylation disrupts the osteoblast-osteoclast balance by targeting key factors. Such abnormalities are driven by aging-related inflammation and oxidative stress, while bone loss feedback exacerbates epigenetic disorders, forming a vicious cycle. Targeted intervention strategies have demonstrated significant potential in addressing bone metabolism-related issues. Low-dose DNA methyltransferase inhibitors can improve bone metabolism; nutrients such as folate and cobalamin maintain methylation homeostasis by optimizing one-carbon metabolism pathways; while CRISPR/dCas technology enables precise regulation in the cellular and animal levels, thereby affecting bone metabolism. However, existing strategies still face challenges such as off-target effects and low delivery efficiency. Future research needs to deepen mechanistic studies, optimize intervention methods, and promote their translation into clinical prevention and treatment of osteoporosis."
"pubmed","42688545","10.12182/20261360301","[Research Progress on the Application of CRISPR/Cas System in Rapid Testing of Drug-Resistant Bacteria in Clinical Practice].","Song, Zhen; Li, Hui; Zhao, Yanan; Li, Min","Sichuan da xue xue bao. Yi xue ban = Journal of Sichuan University. Medical science edition","2026-09-03","https://pubmed.ncbi.nlm.nih.gov/42688545/","The misuse of antimicrobial agents has made antimicrobial resistance one of the major threats to global public health. Efficient and rapid detection of drug-resistant bacteria and resistance genes is crucial for controlling infection spread and safeguarding human health. However, traditional detection methods (such as culture isolation, polymerase chain reaction, etc.) exhibit significant limitations in detection speed, cost-effectiveness, and convenience, increasingly failing to meet current clinical testing demands. In this context, the CRISPR/Cas system, as an emerging molecular diagnostic technology, offers innovative solutions for this field. This review details the developmental status of CRISPR/Cas systems and their research progress in rapid clinical detection of drug-resistant bacteria. It systematically explains the working principles and efficacy of various CRISPR/Cas-based detection platforms (e.g., SHERLOCK, DETECTR, HOLMES), highlighting the system's advantages in sensitivity, specificity, efficiency, real-time capability, portability, and low cost. Additionally, the article discusses challenges faced by CRISPR/Cas systems, including direct clinical sample detection, multiplex testing, cost reduction, clinical validation, and standardization. Finally, it outlines future development directions, emphasizing technological innovation and clinical translation to establish CRISPR/Cas systems as efficient tools for drug-resistant bacteria prevention and control."
"pubmed","42688351","10.3389/fcell.2026.1909904","Genome-wide CRISPR screen identifies RNF24 as a critical host factor for foot-and-mouth disease virus entry.","Zhang, Jinyan; Liu, Hailong; Du, Jian; Zhang, Min; Yin, Mengge; Zhao, Qiongqiong; Chen, Xinghua; Li, Xiangmin; Lu, Zengjun; Xie, Shengsong; Qian, Ping","Frontiers in cell and developmental biology","2026-09-03","https://pubmed.ncbi.nlm.nih.gov/42688351/","BACKGROUND: Foot-and-mouth disease virus (FMDV) causes substantial economic losses in global livestock production; however, the key host factors supporting its early infection process remain poorly characterized. METHODS: In this study, we performed an unbiased genome-wide CRISPR/Cas9 knockout screening using porcine cells to screen and identify host factors involved in FMDV infection. RESULTS: We identified that the E3 ubiquitin ligase RNF24 supports efficient FMDV entry. RNF24 depletion inhibits viral entry and replication, whereas its overexpression enhances viral infectivity. Mechanistically, RNF24 preferentially promotes K27-linked non-degradative polyubiquitination of leupaxin (LPXN) at lysine 162, driving LPXN's trafficking to the plasma membrane. At the membrane, LPXN assembles a ternary integrin-LPXN-VP1 complex that strengthens virus-receptor interactions and promotes viral adsorption and entry. Disruption of this ubiquitination event via the LPXN K162R mutation impairs complex formation and compromises viral entry. CONCLUSION: Together, our study reveals a ubiquitin-dependent RNF24-LPXN regulatory axis that supports FMDV entry, highlights the role of non-degradative ubiquitination in viral pathogenesis, and proposes this interface as a potential target for antiviral intervention."
"pubmed","42687863","10.21203/rs.3.rs-10046163/v1","Loss of endothelial cell FAK represses cisplatin-induced vascular senescence in distal niches to reduce lung metastatic burden.","Benguigui, Madeleine; Lockwood, Abby; Rajendram, Rochani; Gizer, Turkan; Carter, Edward; Maniati, Eleni; Casado, Pedro; Rajeeve, Vinothini; Fruhwirth, Gilbert; Lang, Cameron; Martinez-Barbera, Juan Pedro; Haston, Scott; Hodivala-Dilke, Kairbaan; Pedrosa, Ana Rita","Research square","2026-09-03","https://pubmed.ncbi.nlm.nih.gov/42687863/","Platinum-based chemotherapy is widely used to treat non-small cell lung cancer: however, intrathoracic metastasis remains a major clinical challenge associated with increased morbidity. While chemotherapy is generally viewed as acting directly on tumour cells, it can also reprogramme the tumour microenvironment, including vascular endothelial cells. Here, we identify endothelial cell focal adhesion kinase (FAK) as a regulator of cisplatin-induced vascular stress responses that promote metastatic seeding in the lung. Using inducible endothelial cell-specific FAK loss- and endothelial cell-specific kinase-dead mouse models, we show that endothelial cell FAK is required for cisplatin-enhanced lung metastasis. In the pre-metastatic lung, cisplatin induces endothelial cell DNA damage and FAK-dependent transcriptional reprogramming enriched for p53-responsive, stress-adaptive, and senescence-associated genes. Cisplatin treatment also promotes an endothelial cell FAK-dependent secretory and adhesive state increasing tumour cell binding and metastasis seeding in the lung. Mechanistically, cisplatin triggers a transient nuclear accumulation of FAK, where kinase activity supports early ATM signaling and DNA repair. Overall, our data indicate that targeting endothelial cell FAK suppresses these responses and reduces cisplatin-induced lung metastasis."
"pubmed","42687624","10.1097/ICU.0000000000001251","Artificial intelligence-guided engineering of precision ocular therapeutics.","Sayana, Ruhi; Wang, Sean K; Ting, Daniel S W; Guo, Lucie Y","Current opinion in ophthalmology","2026-09-03","https://pubmed.ncbi.nlm.nih.gov/42687624/","PURPOSE OF REVIEW: This review surveys recent advances in artificial intelligence-guided small molecule discovery and gene therapy, with a focus on generative and foundation models, and their translational applications to ophthalmic therapeutics. RECENT FINDINGS: A unifying theme across recent work is the shift from artificial intelligence as a screening tool to artificial intelligence as an engine for generative design. In small molecule discovery, reinforcement learning and diffusion-based generative models are producing structurally novel candidates for ophthalmic indications with demonstrated preclinical efficacy, while structure-based approaches leveraging AlphaFold and co-folding models are improving target identification and virtual screening. In gene therapy, artificial intelligence-guided AAV capsid engineering has yielded vectors with improved retinal transduction efficiency in nonhuman primates. Complementing this, deep learning models trained on chromatin accessibility data are enabling de novo design of compact, cell-type-specific regulatory elements, with direct implications for the specificity and payload capacity of ocular gene therapy vectors. Artificial intelligence-guided CRISPR guide RNA optimization is further expanding the precision of gene editing-based approaches. SUMMARY: Artificial intelligence tools may influence the landscape of ophthalmic drug discovery, from nominating small molecule candidates to co-designing next-generation gene therapy vectors. Rigorous experimental validation remains essential; artificial intelligence-nominated candidates and predictions must be tested empirically to confirm their safety, biological relevance, and therapeutic efficacy."
"pubmed","42687383","10.1016/j.ymthe.2026.09.001","Optimization of AsCas12f1-Mediated Long-Term Gene Repression.","Sun, Yangyang; Li, Linyun; Wang, Xiangnan; Han, Linxiao; Zhao, Yingdi; Tan, Yuxi; Feng, Ying; Qi, Wei; Ma, Hanhui","Molecular therapy : the journal of the American Society of Gene Therapy","2026-09-03","https://pubmed.ncbi.nlm.nih.gov/42687383/","A compact and programmable epigenome editor can be utilized for long-term gene silencing, which becomes a powerful tool for biological research or biomedical applications. Here, we present an enhanced CRISPR-based epigenome editor based on deactivated AsCas12f1 (dAsCas12f1) variants, which incorporate epigenetic modulators for histone methylation and DNA methylation. First, we compared the gene silencing achieved by various dCas12f1 variants fused with Kruppel-associated box (KRAB). The optimized variant dCas12f1-V8.1-KRAB, named AminiCRi, demonstrated high efficacy of gene silencing, which is comparable to dSpCas9-KRAB. To establish a miniature Cas-based system for long-term silencing, we generated dCas12f1-V8.1 fused with KRAB and DNA methyltransferases (Dnmt3A/3L), named AminiCRoff. AminiCRoff enables simultaneous deposition of repressive histone H3K9 trimethylation marks and DNA methylation at target loci. Transient delivery of AminiCRoff allows stable suppression of H2B gene expression to 30% of baseline levels up to 50 days examined, which is more durable than dSpCas9-based CRISPRoff. The compact size of the system is potentially packed into a single Adeno-associated virus (AAV), which is frequently used for gene therapy. Here we developed a highly efficient miniature Cas-based epigenetic editor for long-term gene silencing, which provides a good foundation for epigenetic therapy of genetic or chronic diseases with abnormal gene expression."
"pubmed","42687281","10.1021/acssensors.6c01523","Advances in Single-Molecule Immunoassay: From Counting Strategies to CRISPR-Enhanced Biosensing.","Lu, Mingxin; Cheng, Jie; Guo, Jinhong","ACS sensors","2026-09-03","https://pubmed.ncbi.nlm.nih.gov/42687281/","Single-molecule immunoassays (SMIs) overcome the sensitivity limitations of conventional bulk measurements by enabling a paradigm shift from analog to digital signal readouts, thereby facilitating highly sensitive quantification of ultra-low-abundance biomarkers for precision diagnostics. This review provides a systematic overview of recent advances in SMI technologies and the conceptual framework underlying their evolution. First, discretization strategies for single-molecule counting are classified into hard discretization, based on physical confinement, and soft discretization, based on spatiotemporal isolation, within heterogeneous and homogeneous assay systems, respectively. The fundamental mechanisms by which these strategies mitigate diffusion limitations and enhance signal-to-noise ratios are discussed. Second, the integration of SMIs with CRISPR-based diagnostic systems (CRISPR-dx) is examined, with particular emphasis on their complementary roles in target recognition and signal amplification. Finally, recent applications of SMIs in the diagnosis of oncological, neurological, infectious, and cardiovascular diseases are summarized, along with a critical discussion of current engineering challenges and future directions toward clinical translation."
"pubmed","42687278","10.1021/acssensors.6c01841","Tube-Anchored Dual-Atom Nanozyme Hydrogel Microreactors with Dual-Interface Engineering for Portable Biosensing.","Han, Wei; Wei, Peiyuan; Wang, Lei; Zhu, Guangshan; Xie, Lingling; Zhu, Limin; He, Baoshan; Ji, Xiaobo; Cao, Xiaoyu","ACS sensors","2026-09-03","https://pubmed.ncbi.nlm.nih.gov/42687278/","DNA hydrogels are promising platforms for portable biosensing, but their combination with high-activity catalytic nanomaterials remains hindered by interfacial incompatibility and inconsistent device-level retention. Here, a tube-anchored hydrogel microreactor is developed, coupling Co-Ni dual-atom nanozymes (CoNi DANs), interfacial stabilization, and CRISPR-triggered release within a standard centrifuge tube. CoNi DANs are synthesized on a defect-rich nitrogen-doped carbon scaffold, achieving high metal loading and improved peroxidase-like activity relative to those of their single-atom counterparts. Carboxymethyl cellulose-mediated interfacial stabilization then suppresses CoNi DAN aggregation through electrostatic complementarity and polymeric steric shielding, enabling uniform dispersion of CoNi DANs within the DNA hydrogel. A polydopamine-based dual-anchoring strategy further combines covalent grafting with sequence-specific DNA hybridization, providing a chemically reinforced hydrogel-device interface. Upon target recognition, CRISPR/Cas12a trans-cleavage activity induces controlled hydrogel degradation and on-demand release of CoNi DANs for colorimetric and electrochemical dual-mode readout. Using atrazine as a proof-of-concept analyte, the platform achieves limits of detection of 6.1 and 2.1 pg mL-1 for colorimetric and electrochemical modes, respectively, with satisfactory recoveries in real samples. A smartphone-assisted digital readout module further improves the portability of the colorimetric mode. The dual-interface design, uniting material-level compatibilization with device-level dual-anchoring, provides a generalizable framework for embedding high-activity nanozymes into responsive DNA hydrogel microreactors for portable on-site biosensing."
"pubmed","42686984","10.1038/s12276-026-01817-w","The long non-coding RNA-encoded microprotein MKKS3 drives colorectal cancer chemoresistance.","Hu, Hui-Fang; Zhou, Qi; Huang, Jia-Zhen; Fu, Jia-Ying; Zuo, Zhi-Ting; He, Qing-Yu","Experimental & molecular medicine","2026-09-03","https://pubmed.ncbi.nlm.nih.gov/42686984/","Although oxaliplatin is widely used in the frontline treatment of colorectal cancer (CRC), CRC recurrence is commonly observed owing to oxaliplatin resistance. The roles of long non-coding RNAs-encoded microproteins in oxaliplatin chemoresistance remain inadequately explored. In this study, a CRISPR/Cas9 library was developed to target previously identified 314 microproteins translated from long non-coding RNAs, followed by functional screening. This strategy identified MKKS3, encoded by NR_072977, as a key regulator of chemoresistance in CRC. A pan-cancer analysis integrating translatomics and proteomics revealed widespread MKKS3 expression across various human cancers. Our experiments demonstrated that MKKS3 promotes chemoresistance in CRC and drives iCAF-to-myCAF conversion. Mechanistically, MKKS3 interacts with TRIM29 to facilitate DNA repair complex assembly and induce STING ubiquitination, thus suppressing IFNbeta secretion and further activating fibroblasts. These activated fibroblasts secrete increased amounts of TGFbeta, which in turn downregulates STING expression. Additionally, DENR functions as a suppressor of MKKS3 expression and regulates its translation. The natural compound 1-Hydroxybaccatin I inhibits the MKKS3-TRIM29 interaction, and its combination treatment with oxaliplatin enhances therapeutic outcomes of CRC by promoting CD8(+) T cell activation and tumour infiltration. Moreover, intratumoural injection of AAV8-shMKKS3 with oxaliplatin produces a synergistic anti-tumour effect. Collectively, MKKS3 drives CRC chemoresistance through the TRIM29-STING-IFNbeta-TGFbeta axis. This study provides novel insights into the mechanism of MKKS3 in regulating chemoresistance and providing a potential therapeutic target for reversing the chemoresistance of CRC."
"pubmed","42686854","10.1038/s41416-026-03571-2","SLFN11 enhances cisplatin sensitivity in pediatric cancer via activation of stress-response and suppression of survival pathways.","Jabeen, Ayesha; Awartani, Dina; Sherif, Shimaa; Ahmed, Eiman I; Alanany, Rania; Saleh, Ayman; Hendrickx, Wouter R L; Raynaud, Christophe M","British journal of cancer","2026-09-03","https://pubmed.ncbi.nlm.nih.gov/42686854/","BACKGROUND: Paediatric cancers pose treatment challenges due to biological heterogeneity and variable chemotherapy responses. SLFN11, a DNA/RNA helicase-like protein known to sensitise adult tumours to DNA-damaging agents, remains underexplored in paediatric malignancies. METHODS: We examined SLFN11 in Wilms tumour, osteosarcoma, and medulloblastoma using bioinformatics, epigenetic profiling and functional assays. Public datasets (TARGET, ICGC) were analysed to assess SLFN11 expression in relation to survival. Paediatric cancer cell lines were evaluated for baseline expression and promoter methylation. CRISPR-dCas9-mediated activation was used to restore SLFN11, and chemosensitivity was tested with cisplatin and the PARP inhibitor talazoparib. Transcriptomic profiling under cisplatin exposure was performed to identify pathways regulated by SLFN11. RESULTS: SLFN11 showed tumour type-specific correlations with patient outcome, acting as a positive, negative, or neutral predictor depending on cancer context. Promoter methylation regulated SLFN11 expression in paediatric cancers similarly to adult tumours. SLFN11 activation sensitised all three functionally tested cell lines to cisplatin and talazoparib, with transcriptomics showing its role in DNA damage response and MAPK signalling to enhance chemotherapy cytotoxicity. CONCLUSION: In paediatric solid tumours, SLFN11 is a potential predictive biomarker of treatment response. Its ability to dictate the DNA damage landscape through epigenetic modulation highlights its significance as a target for overcoming chemoresistance and improving therapeutic efficacy in young patients. SLFN11 functions as a context-dependent biomarker of outcome and chemotherapy response in paediatric solid tumours. Its epigenetic regulation and modulation of DNA damage highlights SLFN11 as a therapeutic target to overcome chemoresistance."
"pubmed","42686754","10.1038/s41467-026-76374-x","Surfaceome CRISPR activation screening uncovers ligands regulating tumor sensitivity to NK cell killing.","Dinesh, Ravi K; Wang, Xiaotong; Mohammad, Imran A; Gunasekaran, Pari; Stiklioraitis, Kostas; Villafuerte, Jeremy R; Rao, Anirudh; Hernandez-Lopez, Rogelio A; Sunwoo, John B; Cong, Le","Nature communications","2026-09-03","https://pubmed.ncbi.nlm.nih.gov/42686754/","Natural killer (NK) cell-based immunotherapies are promising for cancer treatment due to their ability to eliminate cancer cells independently of antigen presentation and ""off-the-shelf"" utility. However, molecular determinants governing tumor susceptibility to NK cytotoxicity remain incompletely understood. Here we employ CRISPR activation (CRISPRa) screening to identify cancer cell surface regulators of NK killing. Using a surfaceome-focused library, we screen human and murine cancer cell lines co-cultured with NK cells, identifying known and novel ligands modulating NK cytotoxicity. Screens reveal established factors including CD43 and previously uncharacterized regulators CD44, PDPN, and Siglec-1/CD169. Validation with orthogonal approaches confirm that disruption of these factors alters NK killing susceptibility in vitro and in humanized mouse models. Mechanistically, we find that CD43-mediated NK resistance operates independently of its proposed interaction with Siglec-7, and that targeting CD43 on NK cells or CAR T cells substantially enhances cytotoxic activity against leukemia. These results establish gain-of-function surfaceome screening as a powerful tool for identifying therapeutic targets for NK cell-based immunotherapy."
"pubmed","42686672","10.1002/advs.202519508","Attomolar Detection of HIV-1 With Label-Free RCA-rCRISPR on Smartphone.","Mohammad, Noor; Steksova, Anastasiia; Tang, Yuyang; Huang, Leyao; Velayati, Alireza; Zhang, Shengwei; Dey Poonam, Aditi; Jamalzadegan, Sina; Breen, Matthew; Chen, Hongjie; Bagi, Mahsa; Jiang, Guochun; Wei, Qingshan","Advanced science (Weinheim, Baden-Wurttemberg, Germany)","2026-09-03","https://pubmed.ncbi.nlm.nih.gov/42686672/","HIV remains a major global public health challenge, causing 42.3 million deaths since its discovery in the early 1980s. Despite progress in prevention and treatment, around 60% of people with HIV (PWH) remain undiagnosed in resource-limited regions due to the lack of inexpensive and equipment-free detection methods. Here, we developed a low-cost, robust, and label-free CRISPR-based diagnostic platform for detecting HIV viral load with minimal instrumentation. Our strategy combines rolling circle amplification (RCA) with plasmid reporter-based ratiometric CRISPR (rCRISPR) that enables the detection of HIV RNA down to single-digit aM sensitivity from PWH-derived HIV samples ex vivo. Unlike conventional RCA, which requires fragmentations of long RNA target sequences, our design harnesses the triple functions of the phi29 DNA polymerase (namely exonuclease activity, polymerization, and strand displacement), enabling the detection of the long HIV genome without pre-fragmentation. Cas12a reaction then detected RCA products by converting supercoiled PhiX174 plasmid reporters to relaxed forms. The target concentration was quantified based on the supercoil-to-relaxed plasmid ratio. Further, we constructed an all-in-one smartphone-based minigel electrophoresis device to demonstrate equipment-free HIV viral load testing. Finally, the assay has demonstrated for BRAF point mutation detection, showcasing the robustness of our strategy for broad disease diagnostic applications."
"pubmed","42686659","10.1177/15230864261483982","The Ferroptosis-Immunity Axis in Diabetic Kidney Disease: Emerging Therapeutic Targets.","Zhang, Wen; Xu, Sumei; Cao, Zhijian; Zhou, Wei; Huang, Zhili; Deng, Shihua; Zhou, Qiuju; Wang, Xiaoran","Antioxidants & redox signaling","2026-09-03","https://pubmed.ncbi.nlm.nih.gov/42686659/","SIGNIFICANCE: Diabetic kidney disease (DKD) is a leading cause of end-stage renal disease worldwide. Its burden continues to increase despite advances in glycemic and blood pressure control. This persistent risk highlights the need for therapeutic strategies that address injury-amplifying mechanisms beyond conventional metabolic and hemodynamic pathways. Ferroptosis, a regulated form of cell death driven by iron-dependent lipid peroxidation, has emerged as a contributor to renal injury in DKD. However, its precise role in human disease is incompletely defined. RECENT ADVANCES: Ferroptosis is closely linked to lipid peroxidation-derived danger signals that promote innate immune activation, including M1 macrophage polarization, neutrophil infiltration, dendritic-cell maturation, TLR4 signaling, and NLRP3 inflammasome activation. Ferroptotic cells release damage-associated molecular patterns, including HMGB1, which activate inflammatory cascades. In turn, inflammatory cytokines disrupt iron homeostasis, increase oxidative stress, and further sensitize renal cells to ferroptosis, forming a self-amplifying ferroptosis-immunity feedback loop. CRITICAL ISSUES: Candidate biomarkers, including GPX4 depletion, ACSL4 expression, lipid peroxidation products, interleukin-18, and NLRP3 activation, may support earlier risk assessment and patient stratification. However, clinical validation is limited, and standardized biomarker thresholds, longitudinal human data, renal-cell-specific targeting, and long-term safety data are still lacking. FUTURE DIRECTIONS: Therapeutic strategies under investigation include ferroptosis inhibitors, iron chelators, GPX4-directed approaches, TLR4/NLRP3-targeted immunomodulators, kidney-targeted nanoparticles, and CRISPR-based modulation of ferroptosis regulators. Multiomics profiling and artificial intelligence may further support rational combination therapies. Targeting the ferroptosis-immunity axis alongside optimal glycemic control may provide a complementary mechanism-based strategy to delay DKD progression. Antioxid. Redox Signal. 00, 000-000."
"pubmed","42686546","10.1254/fpj.26045","[Gq-GPCR upregulation in reactive astrocytes: implication for neurological disorders].","Shigetomi, Eiji; Koizumi, Schuichi","Nihon yakurigaku zasshi. Folia pharmacologica Japonica","2026-09-03","https://pubmed.ncbi.nlm.nih.gov/42686546/","Astrocytes are essential glial cells that maintain brain homeostasis. Upon brain injury, they become reactive astrocytes with altered morphology, gene expression, and function, including dysregulated Ca(2+) signaling implicated in disease development and progression. P2Y1 receptor (P2Y1R), one of Gq-GPCRs, is upregulated in reactive astrocytes across multiple brain disorders, including Alzheimer's disease, epilepsy, and stroke; however, how this upregulation contributes to pathology has remained unclear. To address this question, we generated astrocyte-specific P2Y1R-overexpressing transgenic mice. P2Y1R overexpression in astrocytes induced neuronal hyperexcitability, as evidenced by increased hippocampal neuronal firing, abnormal EEG spikes, and heightened susceptibility to pilocarpine-induced seizures. Dual-color Ca(2+) imaging of neurons and astrocytes, electrophysiology, transcriptome analysis of astrocytes, immunohistochemistry, and CRISPR/Cas9-mediated astrocyte-specific knockdown revealed that P2Y1R overexpression amplified both neuron-to-neuron and neuron-to-astrocyte signaling, with astrocytes becoming hypersensitive to neuronal activity-derived ATP. Astrocyte-specific transcriptomic analysis identified insulin-like growth factor binding protein 2 (IGFBP2) as a key downstream effector. IGFBP2, a secreted protein selectively expressed in astrocytes, enhanced glutamatergic synaptic transmission. Furthermore, co-upregulation of P2Y1R and IGFBP2 was confirmed in reactive astrocytes in both kainate-induced epilepsy and middle cerebral artery occlusion stroke models. These findings identify the P2Y1R-IGFBP2 signaling axis as a common pathological feature of reactive astrocytes across brain diseases and establish IGFBP2 as a novel glial-derived factor that could promote neuronal hyperexcitability."
"pubmed","42685884","10.1016/j.cbpc.2026.110682","Integrating transcriptomics and phenotypic profiling reveals caffeic acid-induced multi-organ developmental toxicity in zebrafish.","Zhou, Jun; Yu, Guirong; Liu, Nian; Jiang, Lingxia; Li, Hao; Chen, Yiqing; Lu, Xing; He, Xiaozhen","Comparative biochemistry and physiology. Toxicology & pharmacology : CBP","2026-09-03","https://pubmed.ncbi.nlm.nih.gov/42685884/","Caffeic acid is widely used in food and pharmaceuticals, raising concerns about its aquatic ecotoxicity. Here, we evaluated developmental toxicity in zebrafish embryos acutely exposed to caffeic acid. At 120 hpf, the LC(5)(0) was 134.3 mug/mL. Subsequent exposures at 0, 40, 80, and 120 mug/mL dose-dependently increased mortality, delayed hatching, reduced growth, and induced cardiac, hepatic, and neurobehavioral abnormalities. Molecular assays revealed dysregulation of inflammation-related genes and suppressed expression of caspase3/9 with a decreased bax/bcl2 ratio, indicating an inflammatory response and inhibition of apoptosis. Transcriptomic profiling at 80 mug/mL identified 287 differentially expressed genes enriched in immune, cellular, and signal transduction pathways; protein-protein interaction analysis further suggested possible synergistic roles in DNA repair and cell cycle regulation. Collectively, our results demonstrate that caffeic acid causes multi-organ developmental toxicity at phenotypic and gene-expression levels. The findings provide a theoretical basis for understanding the toxicological mechanisms of caffeic acid and contribute to its environmental safety assessment."
"pubmed","42685872","10.1016/j.bcp.2026.118410","CRISPR screens for the discovery of novel ferroptosis targets: progress and perspectives.","Yu, Weibang; Cui, Yiwen; Zhao, Qi; Luo, Lianxiang","Biochemical pharmacology","2026-09-03","https://pubmed.ncbi.nlm.nih.gov/42685872/","Ferroptosis is a distinct, iron-dependent form of regulated cell death characterized by lipid peroxidation. Despite its growing significance in physiology and disease, the molecular networks that govern ferroptosis are not yet fully understood. Genome-wide CRISPR screens have broadened the regulatory landscape of ferroptosis by revealing both conserved and context-dependent mechanisms. In this review, we summarize recent advances in CRISPR-based ferroptosis screens, highlighting a transition from in vitro CRISPR screens to in vivo platforms and single-cell CRISPR screens. We also discuss the potential translation of key targets, focusing on their structural druggability and therapeutic potential. By outlining objective-driven screening strategies, this review seeks to provide options for exploring the distinct mechanisms of ferroptosis and to accelerate its translation into therapeutic opportunities for various diseases."
"pubmed","42685691","10.1016/j.crmeth.2026.101573","MicroNucML enables machine learning-based micronuclei segmentation and micronuclei-nuclei association.","Wang, Yukai; Boev, Nadejda B; Garcia-Lepe, Ulises O; MacDonald, Kate M; Harding, Shane M; Kumar, Sushant","Cell reports methods","2026-09-03","https://pubmed.ncbi.nlm.nih.gov/42685691/","Micronuclei (MN) are structures containing small DNA fragments that arise from mitotic errors or failed DNA repair and serve as markers of genome instability. MN are typically quantified manually or with threshold methods, which can be tedious and inaccurate, leading to variable success and throughput. By employing a two-phase labeling approach that uses polygon and brush segmentation, along with SAM2-based refinement, we developed a high-quality MN segmentation tool. Data augmentation capturing heterogeneity in image quality and color diversity enabled us to train a generalizable Mask region-based convolutional neural network (Mask-RCNN) model optimized for small-object detection, achieving state-of-the-art performance in MN detection. Finally, we applied our model to immunofluorescence data from cell lines exposed to DNA damage conditions to gain biological insights into MN dynamics and their role in genome instability. In summary, this work establishes an accessible resource for systematically studying genome instability with greater fidelity and sensitivity, enabling previously unresolved insights into damage biology."
"pubmed","42685389","10.1016/j.dmd.2026.100383","Cortisol drives pregnancy-associated induction of hepatic organic anion transporter 2, sodium/taurocholate cotransporting polypeptide, and organic cation transporter 1 in HepaRG cells through glucocorticoid receptor-, hepatocyte nuclear factor 1 alpha-, and hepatocyte nuclear factor 4 alpha-dependent signaling.","Sharma, Sejal; Tsang, Yik Pui; Unadkat, Jashvant D","Drug metabolism and disposition: the biological fate of chemicals","2026-09-03","https://pubmed.ncbi.nlm.nih.gov/42685389/","Pregnancy induces or represses hepatic drug metabolism. Whether pregnancy affects hepatic drug transport is unexplored. We previously showed that a cocktail of pregnancy-related hormones induces mRNA expression and activity of sodium/taurocholate cotransporting polypeptide (NTCP), organic anion transporter 2 (OAT2), and organic cation transporter 1 (OCT1, mRNA only) in differentiated HepaRG cells. Here, using HepaRG cells, we identified cortisol as the hormone primarily responsible for this induction and explored the underlying mechanisms. CRISPR-CRISPR-associated protein 9-mediated knockdown studies in HepaRG cells showed that the glucocorticoid receptor (GR) is the primary mediator of this response. GR knockdown markedly attenuated cortisol-induced NTCP, OAT2, and OCT1 mRNA expression and activity. Cortisol also induced the mRNA expression of regulatory factors, including pregnane X receptor, constitutive androstane receptor, and hepatocyte nuclear factor (HNF) 4 alpha (HNF4alpha). HNF4alpha knockdown selectively attenuated OAT2 and OCT1 induction, whereas HNF1alpha knockdown enhanced NTCP induction, attenuated OCT1 induction, and reduced basal organic anion transporting polypeptide 1B1 expression. In contrast, knockdown of constitutive androstane receptor or pregnane X receptor did not significantly alter cortisol-mediated transporter regulation. These data identify cortisol as the principal pregnancy-related hormone driving regulation of hepatic OAT2, NTCP, and OCT1 in HepaRG cells and indicate that this response is mediated primarily by GR, with selective downstream contributions from HNF4alpha and HNF1alpha. These findings provide mechanistic insights into pregnancy-associated changes in hepatic transporter-mediated drug disposition, including when antenatal corticosteroids are administered to pregnant women to prevent respiratory distress syndrome in their prematurely born infants. SIGNIFICANT STATEMENT: The extent and mechanisms by which pregnancy-related hormones regulate hepatic uptake transporters remain poorly defined. This study identifies cortisol as the principal pregnancy-related hormone driving sodium/taurocholate cotransporting polypeptide, organic anion transporter 2, and organic cation transporter 1 induction in HepaRG cells and shows that this response is mediated primarily through glucocorticoid receptor, with transporter-specific contributions from glucocorticoid receptor hepatocyte nuclear factor 4alpha and hepatocyte nuclear factor 1alpha."
"pubmed","42685286","10.1158/2643-3230.BCD-26-0030","Therapy-persistent leukemia is selectively vulnerable to SLC23A1 restoration via targeting KHSRP.","Luo, Qingyu; Whalen, Karley S; Wu, Xiaowei; Fortune, Amanda L; Garcia, Jacqueline S; Marinchev, Kate; Zhang, Lin; Qian, Weiye; Raulston, Evangeline G; Nan, Yabing; Booth, Christopher A G; Yan, Kezhi; Root, David E; Doench, John G; Lane, Andrew A","Blood cancer discovery","2026-09-03","https://pubmed.ncbi.nlm.nih.gov/42685286/","Acute myeloid leukemia (AML) is prone to relapse driven by therapy-persistent residual cells. To discover specific vulnerabilities in this population, we performed genome-wide CRISPR interference screens in leukemia cells treated with multiple agents. KHSRP was the top hit, whose depletion sensitized AML cells to therapy and substantially prolonged survival in treated AML-bearing mice. Analysis of in vivo residual disease after venetoclax/azacitidine treatment identified downregulation of the vitamin C and uric acid transporter SLC23A1, which mediated resistance to multiple therapies. KHSRP depletion restored SLC23A1 expression by preventing its ZC3H4-mediated nuclear mRNA degradation. KHSRP depletion therefore enhanced the synergistic cytotoxicity of vitamin C and uric acid, particularly in therapy-persistent leukemia cells. Re-expression of TET2 overrode the chemosensitizing effect of KHSRP depletion in TET2-mutant leukemia, suggesting that KHSRP-linked phenotypes were related to vitamin C and uric acid-mediated TET activation. These findings nominate targeting KHSRP to enhance treatment efficacy and selectively eradicate residual AML."
"pubmed","42685239","10.1093/mutage/geag030","Expanding the comet assay toolbox for human biomonitoring using frozen whole blood.","He, Xu; Peremin, Ines; Godschalk, Roger; Geric, Marko; Jakasa, Ivone; Gajski, Goran; Langie, Sabine A S","Mutagenesis","2026-09-03","https://pubmed.ncbi.nlm.nih.gov/42685239/","The comet assay is a widely used tool for evaluating DNA damage in various biological samples, with frozen whole blood (WB) as an attractive biomatrix, due to its ease of collection, handling, and storage. Although frozen WB has been successfully applied in the comet assay to study DNA damage, its application in the comet assay to study potential protective mechanisms, such as DNA repair or antioxidant capacity, has not been fully established yet. In this study, we set up a protocol using frozen WB for assessing base excision repair (BER) activity and further optimized the protocol to assess the cellular antioxidant defense capacity against oxidation-induced DNA damage. White blood cells (WBCs) were isolated to extract proteins, and a protein concentration of 2 mg/mL enabled reliable detection of BER activity, even in samples stored for up to 27 months. This optimized assay was subsequently applied in a pilot study involving 28 participants with either a family tumor history (FTH, n = 10) or not (NFTH, n = 18). The FTH group exhibited significantly less BER activity compared to the NFTH group (p = 0.005). In addition, the hydrogen peroxide (H(2)O(2)) challenge comet assay was further optimized to assess the cellular antioxidant defense capacity against oxidation-induced DNA damage in frozen WB and subsequently applied to a cohort study (n = 140). Frequent intake of seeds (p = 0.025) and vegetables (p = 0.003) was observed to protect against H2O2-induced DNA damage. Together, these innovations expand the applications of the comet assay in frozen blood samples, providing a more comprehensive biomonitoring toolbox. By enabling reliable measurements of DNA damage, antioxidant capacity, and DNA repair activity from a single frozen blood sample, these assays are ideally suited for large-scale human biomonitoring and clinical studies."
"pubmed","42685210","10.1126/sciadv.adx9868","Critical role for the TGF-beta1/mTORC1 signaling axis in defining the transcriptional identity of CTHRC1(+) pathologic fibroblasts.","Wilson, Jo-Anne Am; Walters, Rachel; Contento, Greg; Rossanese, Madeleine; Guillotin, Delphine; Ward, Alexander I; Hynds, Robert E; Jamal-Hanjani, Mariam; Kaminski, Naftali; Parolo, Silvia; Plate, Manuela; Chambers, Rachel C","Science advances","2026-09-03","https://pubmed.ncbi.nlm.nih.gov/42685210/","Fibrosis, marked by excess extracellular matrix (ECM) deposition, is the end stage of many diseases. Single-cell studies have highlighted the emergence of disease-specific fibroblast populations, including a high collagen-synthesizing CTHRC1(+) subpopulation. The profibrotic cytokine TGF-beta1 promotes fibrogenesis via cooperation between Smad and mTORC1/4E-BP1 signaling axes. Using CRISPR-Cas9 gene editing, we report that more than one-third of TGF-beta1-regulated matrisome genes are under mTORC1 control. Mapping the transcriptome of TGF-beta1-stimulated fibroblasts revealed similarity to CTHRC1(+) fibroblasts identified in idiopathic pulmonary fibrosis (IPF). This overlap is lost when mTORC1 is disabled. Using the selective mTORC1 inhibitor RMC-5552, we confirm a causal role for mTORC1 in promoting the acquisition of the collagen-high, CTHRC1(+) phenotype in response to TGF-beta1 stimulation in fibroblasts derived from patients with either IPF or lung adenocarcinoma. We conclude that mTORC1 plays a key role in shaping the transcriptional identity of these fibroblasts, with implications for therapeutic inhibition of mTORC1 in fibrosis and cancer."
"pubmed","42685209","10.1126/sciadv.aec7585","Sea nettle jellyfish venom targets proteoglycans to cause cell death and pain.","Denes, Christopher E; D'Araujo, Tian Y; Chung, Felicity; Lau, Man-Tat; Cole, Adam; Casewell, Nicholas R; Undheim, Eivind A B; Neely, G Gregory","Science advances","2026-09-03","https://pubmed.ncbi.nlm.nih.gov/42685209/","Sea nettle jellyfish cause millions of painful stings annually with little known about how their venom works and no rational treatments available. Here, we perform a systematic analysis of sea nettle venom/host interactions. The venom shows dose-dependent cytotoxic activity in human cells, and this can be blocked by dual inhibition of apoptosis and necroptosis. Using whole-genome CRISPR screening, we identified human genes and pathways that modify venom action. The top gene cluster identified regulates proteoglycan biosynthesis. We show that exogenous heparin, a drug used clinically as an anticoagulant, blocks venom cytotoxicity at a physiologically relevant dose. This effect was therapeutic, inhibiting venom even 1 hour after exposure. In vivo, heparin protected against acute spontaneous pain, thermal hyperalgesia, and mechanical allodynia induced by venom. This provides the exciting possibility of repurposing heparin, a safe, commercially available drug, as a prophylactic or therapeutic to reduce the impact of sea nettle stings."
"pubmed","42685151","10.1126/scitranslmed.ady2234","Loss of function of ALDH3B2 transdifferentiates human pancreatic duct cells into beta-like cells.","Li, Jian; Bode, Kevin; Lee, Yu-Chi; Morrow, Noelle; Ma, Andy; He, Mulin; Wei, Siying; da Silva Pereira, Jessica; Stewart, Taylor; Lee-Papastavros, Alexander; Hollister-Lock, Jennifer; Sullivan, Brooke A; Pan, Hui; Dreyfuss, Jonathan M; Bonner-Weir, Susan; Yi, Peng","Science translational medicine","2026-09-03","https://pubmed.ncbi.nlm.nih.gov/42685151/","Replenishment of pancreatic beta cells is key to a cure for diabetes. beta cell regeneration is achieved predominantly by self-replication, especially in rodents, but it was also shown that pancreatic duct cells can transdifferentiate into beta cells. How pancreatic duct cells are transdifferentiated and whether we can manipulate transdifferentiation to replenish beta cell mass are not well understood. Using a genome-wide clustered regularly interspaced short palindromic repeats (CRISPR) screen, we found that the loss of function of aldehyde dehydrogenase family 3 member B2 (ALDH3B2) was sufficient to transdifferentiate cell line-based and human pancreatic duct cells into functional beta-like cells. The transdifferentiated cells had substantially increased the expression of beta cell marker genes, secreted insulin in response to glucose, and lowered blood glucose to near normal for 6 weeks after transplantation into streptozotocin-induced diabetic mice under the kidney capsule. Our study identifies a gene that could potentially be targeted in human pancreatic duct cells to replenish beta cell mass for diabetes therapy."
"pubmed","42685115","10.1371/journal.pone.0357365","Integrative proteomics reveals MSH6 to modulate PARP inhibitor sensitivity in BRCA1/2-proficient ovarian cancer.","Deng, Ou; Nepomuceno, Thales Da Costa; Fang, Bin; Welsh, Eric A; Izumi, Victoria; Martin, Rachael H; George, Erin M; Koomen, John M; Monteiro, Alvaro N; Rix, Uwe","PloS one","2026-09-03","https://pubmed.ncbi.nlm.nih.gov/42685115/","Ovarian cancer remains a leading cause of gynecologic cancer-related deaths worldwide. Deficiencies in BRCA1/2 are well-established biomarkers that predict sensitivity to poly(ADP-ribose) polymerase inhibitors (PARPis). However, emerging evidence indicates that a subset of BRCA-proficient tumors also responds to PARPi therapy, suggesting the presence of additional molecular mechanisms. We hypothesized that the composition of the PARP1 protein complex and PARylation-mediated signaling contribute to PARPi response in BRCA-proficient HGSOC. We assessed PARPi response across a panel of BRCA-proficient ovarian cancer cell lines and identified distinct sensitive and resistant groups. Chemical proteomics with rucaparib revealed different PARP1 complexes including higher enrichment of MSH6 in sensitive cells. Co-immunoprecipitation analyses further confirmed differential assembly of PARP1-MSH6-PARP2 complexes between sensitive and resistant models. To explore PARylation signaling, we performed ADP-ribosylation proteomics using clickable NAD(+) analogs, revealing distinct PARylation profiles between sensitive and resistant cell lines. CHAF1A, a known MSH6 interactor and PARP1 substrate, showed more pronounced reduction in ADP-ribosylation in PARPi-sensitive cells. Targeting MSH6 using CRISPR or siRNA decreased PARPi sensitivity. In addition, mTOR signaling was reduced in sensitive, but increased in resistant cells, following rucaparib treatment. Notably, MSH6 knockdown led to increased CHAF1A expression regardless of rucaparib treatment. Importantly, knockdown of CHAF1A significantly impaired cell viability, especially in A2780 cells, and suppressed mTOR signaling, suggesting that CHAF1A acts downstream of MSH6 to regulate the mTOR axis. Furthermore, co-treatment with mTORC1 inhibitors enhanced the cellular effects of rucaparib in resistant cells, suggesting a therapeutic potential of targeting downstream mTOR effectors to overcome intrinsic resistance. In conclusion, this study identifies the PARP1-MSH6 interaction to modulate PARPi sensitivity via CHAF1A-mTOR signaling in BRCA-proficient ovarian cancer. By integrating chemical proteomics and ADP-ribosylation proteomics, we delineate the interplay between PARP1 complex composition and signaling dynamics, highlighting MSH6 as a critical modulator of PARPi response and potential biomarker to enhance therapeutic efficacy in BRCA-proficient HGSOC."
"pubmed","42685085","10.1073/pnas.2614664123","Changes in the transcriptome and synthetic lethal dependencies following KRAS mutant expression reveal profound tissue specificity.","Martin, Timothy D; Choi, Mei Yuk; McBride, Julia C; Elledge, Stephen J","Proceedings of the National Academy of Sciences of the United States of America","2026-09-03","https://pubmed.ncbi.nlm.nih.gov/42685085/","Oncogenic KRAS mutations exhibit a striking tissue-restricted tropism, occurring with high frequency in pancreatic, colorectal, and lung adenocarcinomas while remaining rare in other lineages. The molecular basis for why these specific tissues are uniquely permissive to KRAS transformation, and how this context shapes therapeutic vulnerabilities, remains poorly defined. Here, we utilized CRISPR-mediated genome engineering to generate endogenous, conditional KRAS-mutant isogenic cell line models across three primary permissive lineages (lung, colon, and pancreas) and the nonpermissive breast lineage. Integrated genome-wide CRISPR fitness screens and comparative transcriptome analyses revealed that KRAS-driven synthetic lethal (SL) dependencies are profoundly shaped by their tissue of origin. Strikingly, we observed minimal overlap in SL hits across lineages, with only three genes shared among the permissive lines, suggesting that the KRAS oncogene operates through divergent, context-specific genetic networks. Mechanistically, we show that KRAS activation induces a universal MYC-driven metabolic signature, but the specific machinery required to sustain this state is lineage-restricted. We identified a dependency on the diphthamide synthesis pathway to maintain translational fidelity amid a KRAS-induced hypertranslational state. These findings demonstrate that even when driven by the same oncogene, tumors exhibit distinct regulatory landscapes and unique genetic vulnerabilities. Our results provide a framework for developing lineage-aware therapeutic strategies, moving beyond universal KRAS inhibition toward targeted interventions tailored to a tumor's specific tissue context."
"pubmed","42685004","10.1182/blood.2026034575","Multimodal analysis of CD38 in T-cell Acute Lymphoblastic Leukemia Identifies Combinatorial Therapeutic Strategies.","Shraim, Rawan; Shi, Gongping; Li, Yizhen; Xu, Jason; Fuller, Tori; Martinez, Zachary; McGrath, Logan; Aplenc, Richard; Cairo, Mitchell S; Glisovic-Aplenc, Tina; Gill, Saar I; Grupp, Stephan A; Hermiston, Michelle L; Hogarty, Michael D; Horton, Terzah; Hughes, Andrew D; June, Carl H; Mullighan, Charles G; Newman, Haley; Polonen, Petri; Stadtmauer, Edward; Tan, Kai; Tasian, Sarah K; Teachey, Logan; Teachey, Hailey Elizabeth; Turn, Christina S; Wang'ondu, Ruth W; Wood, Brent; Wertheim, Gerald; Teachey, David T; Yang, Jun J; Diorio, Caroline","Blood","2026-09-03","https://pubmed.ncbi.nlm.nih.gov/42685004/","Outcomes for pediatric patients with refractory or relapsed T-cell acute lymphoblastic leukemia (T-ALL) are poor, underscoring the need for improved therapeutic strategies. CD38, a type II transmembrane glycoprotein, is a promising target in T-ALL, with clinical trials evaluating CD38-targeting immunotherapies in frontline and relapsed settings. However, the biological role of CD38 in T-ALL has not been systematically defined. We interrogated CD38 biology through multimodal profiling of pediatric T-ALL samples. Bulk RNA sequencing of 1,335 primary tumors revealed that CD38 expression varies across genomic and immunophenotypic subtypes in T-ALL. Flow cytometry of 150 primary samples and CITE-sequencing of 40 cases demonstrated broad surface expression of CD38. A transcription factor CRISPR-screen identified RUNX1, RUNX3, and TP53 as candidate positive regulators of CD38. Metabolomic profiling of cell lines further revealed disruption of the polyamine pathway following CD38 perturbation. Supporting this finding, co-targeting CD38 with difluoromethylornithine (DFMO), a polyamine metabolism disruptor, improved survival in preclinical models. Across transcriptomic datasets, including primary tumors, cell lines, and patient-derived xenograft models, IL32 expression consistently decreased following CD38 loss or negativity, supporting an association between CD38 and inflammatory signaling pathways. Additionally, CD38 and LCK expression were positively correlated across majority of genomic subtypes, implicating SRC kinase signaling. Consistent with this, daratumumab in cell lines increased LCK phosphorylation, and combination therapy with dasatinib improved survival compared to monotherapy. Collectively, these findings define previously unrecognized interactions between CD38 and targetable pathways and genes in T-ALL and identify rational combinatorial strategies to enhance CD38-directed therapies and reduce relapse risk."
"pubmed","42684483","10.1007/s10126-026-10702-6","Efficient Microinjection and CRISPR/Cas9 Mediated Genome Editing in Urechis unicinctus.","Wang, Kai; Chen, Jiao; Bai, Shumiao; Wang, Qing; Zhang, Wei; Qin, Zhenkui; Zhang, Zhengrui; Zhang, Zhifeng; Ma, Yubin","Marine biotechnology (New York, N.Y.)","2026-09-03","https://pubmed.ncbi.nlm.nih.gov/42684483/","Urechis unicinctus is an economically important aquaculture species and an emerging model for developmental and evolutionary research; however, progress in functional genetic studies in this species has remained limited by the absence of effective genome editing approaches. Here, we establish a CRISPR/Cas9-mediated genome editing platform in U. unicinctus based on an optimized microinjection procedure. Targeting the cilia-associated gene Caveolin-1, Cas9/sgRNA ribonucleoprotein complexes were delivered into oocytes, generating mosaic G0 larvae harboring insertion-deletion mutations, as confirmed by ICE analysis and cloning-based Sanger sequencing with mutation detection rates of 68.51% and 64.86%, respectively. Ciliary defects were frequently observed in edited larvae, including shortening of the circumoral ciliary ring and reduction of apical ciliary tufts, accompanied by impaired swimming performance. Whole-mount in situ hybridization further revealed altered spatial expression patterns of Caveolin-1 in edited embryos, with 78% of individuals showing detectable changes in expression patterns. To independently assess the robustness of the platform, the conserved cytoskeletal gene alpha-tubulin was additionally targeted, resulting in successful mutagenesis and associated ciliary abnormalities. Together, these findings establish the first CRISPR/Cas9 genome editing workflow for U. unicinctus, providing a technical framework for functional genomics in echiurans and facilitating future studies of developmental mechanisms and molecular breeding in this species."
"pubmed","42684101","10.1158/1535-7163.MCT-26-0108","Suppressing phosphatidylserine externalization overcomes cancer immune evasion and enhances immunotherapy.","Bergholz, Johann S; Trombley, Grace; Cusing, Gwendolyn; Li, Zhaoqi; Torrence, Margaret E; Sganga, Geneva J; Casey, Jennifer G; Liu, Shangtao; Choi, Ashley H; Meier, Samuel R; Khendu, Tenzing; Yu, Yi; Teng, Teng; Shen, Binzhang; Stowe, Hannah; Shaaban, Salam; Andersen, Jannik N; Gueroussov, Serge","Molecular cancer therapeutics","2026-09-03","https://pubmed.ncbi.nlm.nih.gov/42684101/","Immune checkpoint blockade (ICB) has transformed cancer therapy, yet many tumors remain refractory to treatment due to diverse immune evasion mechanisms. To uncover novel drivers of ICB resistance, we performed an in vivo CRISPR-Cas9 screen in mice with increasing levels of immune pressure. This screen identified phosphatidylserine (PS) externalization as a potent mediator of immune escape. Tumors with elevated surface PS exposure prevented reinvigoration of CD8+ T cells upon PD-1 blockade, which was associated with increased recruitment of immunosuppressive myeloid cells. Targeting of PS Synthase 1 (PTDSS1) or either of the scramblases, XKR8 or ANO6, sensitized tumors to ICB in vivo. These findings demonstrate that elevated PS exposure constitutes a mechanism of resistance to ICB, and that targeting regulators of PS externalization represents a promising strategy to enhance the efficacy of immunotherapy in refractory tumors."
"biorxiv","10.64898/2026.09.04.749420","10.64898/2026.09.04.749420","Cap-Independent Translation Regulation of VEGF Using CRISPR-dCas13d","Mohammad Lutful Kabir; Sineth G. Kodikara; Najmah AlRamel; Janan Alfehaid; Pravin Pokhrel; Soumitra Basu; Hamza Balci","bioRxiv","2026-09-07","https://www.biorxiv.org/content/10.64898/2026.09.04.749420","Vascular endothelial growth factor (VEGF) is a central driver of pathological angiogenesis in cancer and retinal disease. A G-quadruplex (GQ) structure that forms in an Internal Ribosome Entry Site (IRES) of VEGF was proposed to recruit the 40S ribosome and initiate cap-independent translation under hypoxia. We demonstrate that blocking this GQ with dCas13d represses VEGF translation by up to 5-fold, without impacting mRNA abundance, under hypoxia. Similar levels of repression were attained in HeLa and human umbilical vein endothelial cells (HUVECs) using immunofluorescence and western blot assays, as well as a bicistronic dual-luciferase experiment. Single molecule Forster resonance energy transfer (smFRET) and fluorescence enhancement assays demonstrated destabilization of the GQ by CRISPR-dCas13d. We also tested the functional consequences of this regulation using tube formation assay in bovine aortic endothelial cells (BAOECs), which demonstrated consistent results with VEGF expression levels. Our study demonstrates the feasibility of using CRISPR-dCas13d as a sequence-specific and transient translation regulator for a large group of genes that contain translationally-active secondary structures."
"biorxiv","10.64898/2026.09.04.749330","10.64898/2026.09.04.749330","An Improved Protocol for High-Efficiency and Cost-Effective CRISPR/Cas9-Mediated Knock-ins in <i>C. elegans</i>","Atal Vats; Arunima Sen; Ananya Bandyopadhyay; Muraleedharan Sudhanand; Marlyn Xavier Mascarenhas; Abhishek Bhattacharya","bioRxiv","2026-09-07","https://www.biorxiv.org/content/10.64898/2026.09.04.749330","CRISPR/Cas9-mediated homology-directed precise genome editing using long single-stranded DNA (ssDNA) donors has expanded the possibilities for generating defined genetic modifications. However, the required ssDNA donor preparation can be technically demanding and often requires extensive locus-specific sequence design. Here, we examined parameters influencing ssDNA donor-mediated genome editing and developed approaches to simplify donor preparation using λ-exonuclease-mediated ssDNA generation. By evaluating donor designs across multiple genomic loci, we found that efficient genome editing can be achieved with relatively short homology regions for a range of insertion sizes. These findings provide a basis for simplifying ssDNA donor preparation and the overall gene-editing pipeline, potentially facilitating its application across species."
"biorxiv","10.64898/2026.09.02.748933","10.64898/2026.09.02.748933","Nuclear Cathepsin L Remodels the Replication Machinery to Create a Therapeutic Vulnerability in Ovarian Cancer","Thirusangu P; Jin L; Rao S; Balakrishnan K; Hou X; VanBlaricom JL; Lee S; Oberg AL; Weroha J; Kaufmann SH; Bakkum-Gamez JN; Shridhar V","bioRxiv","2026-09-03","https://www.biorxiv.org/content/10.64898/2026.09.02.748933","Therapeutic resistance in ovarian cancer is frequently driven by persistent replication stress, yet the molecular mechanisms that convert replication stress into a therapeutically exploitable vulnerability remain incompletely understood. Here, we identify drug-induced nuclear cathepsin L (nCTSL) as a previously unrecognized regulator of replication stress and DNA repair. Clofarabine (CLF) combined with the ATR inhibitor AZD6738, or the CHK1 inhibitor prexasertib promoted nuclear accumulation of CTSL, where it remodeled the replication machinery through degradation of CCNE1, MCM3, MCM6, and geminin, accompanied by loss of RAD51 and 53BP1 and increased γH2AX and phospho-RPA2. DNA fiber analysis demonstrated marked inhibition of replication fork progression following CLF-based combinations, whereas CTSL depletion accelerated fork progression and abolished therapy-induced replication stress. Reconstitution with the nuclear M1F CTSL isoform restored replication restraint, confirming a direct role for nuclear CTSL in regulating replication dynamics. GFP-based DNA repair reporter assays further revealed that CLF-based combinations suppress DNA repair competence in a CTSL-dependent manner, indicating that nuclear CTSL couples replication stress amplification with functional inhibition of repair pathways. Functionally, CLF-based combinations selectively targeted transformed fallopian tube secretory epithelial cells while sparing non-transformed counterparts, demonstrated broad activity in patient-derived ovarian cancer ascites spheroids, and significantly inhibited tumor growth and prolonged survival in vivo . Collectively, our findings identify nuclear CTSL as a mechanistic driver of replication stress that remodels the replication machinery, impairs DNA repair, and creates a therapeutically exploitable vulnerability in ovarian cancer. We propose that nuclear CTSL promotes a transition from replication competence to replication catastrophe, thereby establishing a conceptual framework for biomarker-guided therapeutic strategies targeting CTSL-dependent replication stress."
"biorxiv","10.64898/2026.09.03.744669","10.64898/2026.09.03.744669","Microhomology-Driven Genomic Alterations in Cancer Genomes: Patterns, Prevalence, and Clinical Implications.","Kostka D; Sztromwasser P; Kimmel M; Jaksik R","bioRxiv","2026-09-08","https://www.biorxiv.org/content/10.64898/2026.09.03.744669","Homologous recombination deficiency (HRD) can force cancer cells to rely on alternative DNA repair pathways, including microhomology-mediated end joining (MMEJ), an error-prone mechanism that can generate deletions with microhomology at repair junctions. Because such patterns may reflect DNA repair defects with clinical relevance, this study aimed to assess the biological and prognostic significance of microhomology-associated deletions and optimize their detection parameters to improve patient stratification and inform targeted therapeutic strategies, including PARP inhibition. We optimized the microhomology length threshold (Mlt parameter) using signal-to-noise ratios and survival models. We evaluated the utility of whole-exome (WES) versus whole-genome sequencing (WGS). We then investigated how Loss of Function (LoF) alterations affect microhomology-associated deletion burden and assessed their prognostic significance across an ovarian cancer (OV) cohort and a TCGA Pan-Cancer dataset. Applying an Mlt = 2 threshold maximized the precision and statistical reliability of microhomology-associated deletion identification. WGS yielded higher reproducibility, whereas WES proved insufficient for accurate estimation. Inactivation of tumor suppressor genes, including RB1 and CCDC122, was associated with increased microhomology-associated deletion burden. Importantly, higher burden correlated with extended overall survival in ovarian cancer. Furthermore, while baseline microhomology-associated deletion burden varies by tumor type, Pan-Cancer analysis identified candidate gene-level alterations, including FDX1 and PDE8B, whose LoF increased microhomology-associated deletion burden across tumors. Precise parameterization combined with WGS resolution highlights the extent to which specific gene losses affect deletion burden consistent with MMEJ-mediated repair. Identifying these genetic vulnerabilities and the resulting deletion burden may provide a candidate prognostic biomarker and foundation for personalized therapies."
"biorxiv","10.64898/2026.09.02.749023","10.64898/2026.09.02.749023","Cis-element acquisition converts pervasive transcripts into translated mRNAs","Zhang R; David CJ","bioRxiv","2026-09-04","https://www.biorxiv.org/content/10.64898/2026.09.02.749023","The mammalian genome is pervasively transcribed into thousands of unstable non-coding RNAs, including promoter-upstream transcripts (PROMPTs) and enhancer RNAs (eRNAs). These pervasive transcripts are degraded by the nuclear exosome within minutes of synthesis and are never translated. Coding and non-coding transcripts differ systematically in their content of splicing and polyadenylation signals, yet whether these cis-elements are sufficient to redirect a pervasive transcript toward an mRNA-like fate has not been tested at endogenous loci. Here, using CRISPR-Cas9 knock-in at three endogenous non-coding loci pervasively transcribed in murine cancer cells, we show that appending a splicing signal together with a polyadenylation signal is sufficient to render the resident transcript stable, polyadenylated, exported, and translated into full-length protein. Through quantitative analysis of isogenic single-cell clones, we find that the polyadenylation signal acts principally on transcript stability, extending half-life from ∼20 minutes to ∼12 hours, whereas splicing acts principally on nuclear export, with splicing efficiency quantitatively predicting both export and protein output. Remarkably, the untranslated regions of naturally intronless genes substitute for splicing, conferring coding capacity predominantly by enhancing export rather than stability. A genome-wide CRISPR screen on the intronless-gene reporter nominates nuclear export, 3′-end processing, and translation factors including NXF1, PABPN1, and EIF3G as required for conversion. Our results demonstrate that the acquisition of defined cis-elements is sufficient to convert pervasive transcripts into mRNAs, with nuclear export as the convergent rate-limiting step, providing an experimental reconstitution of a route by which non-coding loci may be recruited into the coding genome."
"biorxiv","10.64898/2026.09.03.749075","10.64898/2026.09.03.749075","A systematic evaluation of SIRT6 as a transcriptomic biomarker of aging","Kashuk E; Tarakanova A; Malygina A; Kuzovkina N; Ponomareva A; Toiber D; Khrameeva E; Smirnov D","bioRxiv","2026-09-07","https://www.biorxiv.org/content/10.64898/2026.09.03.749075","SIRT6 is a NAD + -dependent sirtuin that plays central roles in chromatin regulation, DNA repair, telomere maintenance, metabolic homeostasis, and inflammatory control. Although SIRT6 have long been implicated in aging because of its association with several hallmarks of aging, the available evidence remains largely context-dependent and mechanistic, limiting the interpretation of SIRT6 as a robust and evolutionarily conserved biomarker of aging. To comprehensively investigate the role of SIRT6 as an aging biomarker, we established SIRT6.db, a multi-species transcriptomic resource that integrates SIRT6-targeted perturbation experiments across diverse biological systems and organisms form all available SIRT6-related publications collected via a large-scale textual analysis of the SIRT6 literature using topic modeling. Based on this database, we identified both species-specific and evolutionarily conserved transcriptional and functional signatures associated with SIRT6 perturbation and established their relevance to hallmarks of aging. We showed that SIRT6 expression is generally stable during normal aging, but becomes dysregulated in Alzheimer’s disease in cell type and stage-specific manner, highlighting the context dependence of its potential as a transcriptomic biomarker of aging."
"biorxiv","10.64898/2026.09.01.748551","10.64898/2026.09.01.748551","Nucleoid compaction during antibiotic stress excludes the SOS regulator LexA","Lörzing P; Miasoedova D; Schlierf M","bioRxiv","2026-09-03","https://www.biorxiv.org/content/10.64898/2026.09.01.748551","The bacterial SOS response promotes DNA repair, survival, and mutagenesis under genotoxic stress, especially during sub-lethal antibiotic exposure. This response is regulated by LexA, a transcriptional repressor controlling SOS gene expression, but how LexA coordinates this network as antibiotic stress alters nucleoid structure is unclear. Using ciprofloxacin-induced DNA damage, we investigated how increasing antibiotic stress affects the spatial relationship between LexA and the nucleoid in single E. coli cells. Through 3D single-molecule imaging and functional assays, we found that sublethal ciprofloxacin doses activated SOS, expanded nucleoids, and maintained LexA association. In contrast, higher stress caused severe DNA damage, compacted nucleoids, and LexA exclusion, yet some cells remained viable and recovered after drug removal. These results demonstrate that the SOS response involves both temporal and spatial regulation, with LexA and nucleoid organization adapting to damage severity to modulate SOS functions."
"biorxiv","10.64898/2026.09.02.748994","10.64898/2026.09.02.748994","DNA Damage and Repair Mechanisms in Duckweed ( Spirodela polyrhiza ) Under Ultraviolet-B (UV-B) Light Stress","Sanjaya MA; Patil SS","bioRxiv","2026-09-03","https://www.biorxiv.org/content/10.64898/2026.09.02.748994","Exposure to Ultraviolet-B (UV-B) light can adversely affect plant growth and cellular integrity by inducing oxidative stress and DNA damage. In this study, we investigated UV-B-induced DNA damage and repair responses in the aquatic monocotyledonous plant species Spirodela polyrhiza (duckweed). We exposed 13-day-old duckweed plantlets to broadband UV-B light for 1-10 min, followed by recovery periods of up to 24 h under normal growth conditions. We observed progressive chlorosis, wilting, and diminished plant vigor with longer duration of UV-B light exposure. Agarose gel electrophoresis demonstrated compromised genomic DNA integrity immediately after UV-B light treatment, with partial restoration of DNA quality during recovery. Immuno-slot blot assays established the accumulation of two major UV light–induced photoproducts, cyclobutane pyrimidine dimers (CPDs) and 6-4 pyrimidine-pyrimidone photoproducts [(6-4)PPs] in a dose-dependent manner following UV-B light exposure. Notably, the abundance of these DNA lesions declined substantially after recovery, indicating activation of endogenous DNA repair mechanisms. Staining with 3,3′-diaminobenzidine revealed elevated accumulation of hydrogen peroxide immediately following UV-B exposure, suggesting enhanced oxidative stress. Collectively, these findings demonstrate that S. polyrhiza possesses efficient mechanisms for sensing, repairing, and mitigating DNA damage induced by the oxidative stress resulting from UV-B light exposure. This study highlights the potential of duckweed as an effective model system for investigating DNA damage and repair pathways under UV-B light stress in plants."
"biorxiv","10.64898/2026.08.30.748055","10.64898/2026.08.30.748055","Non-Covalent Poly(ADP-ribose) Signaling Organizes a Circadian E3 Ligase Network in the Brain","Harikrishnan S; Kang S","bioRxiv","2026-09-03","https://www.biorxiv.org/content/10.64898/2026.08.30.748055","Although PAR biology has traditionally been studied through covalent PARylation, non-covalent PAR-binding proteins provide an additional mechanism for interpreting transient PAR signals and converting them into downstream regulatory programs. Among these effectors, E3 ubiquitin ligases are uniquely positioned to couple PAR sensing to selective ubiquitination, thereby integrating stress signaling with proteostatic control. Because circadian systems depend heavily on temporally coordinated protein turnover, we hypothesized that PAR-binding E3 ligases may form a circadian-structured regulatory layer within the brain. To test this, we integrated GTEx v10 brain transcriptomics, GWAS Catalog gene-mapped associations, CIRCA circadian phase annotations, and Human Protein Atlas single-cell transcriptomic resources to characterize the organization of PAR-binding E3 ubiquitin ligases across neural tissues. Across the brain, the E3 ligase repertoire was broadly deployed yet regionally structured, with cerebellar and cortical enrichment patterns preserved within the PAR-binding subset. Representative ligases spanning circadian regulation, DNA repair, and neurodegeneration-relevant pathways displayed distinct abundance and regional-variability archetypes across GTEx brain regions. Human genetic analyses demonstrated that E3 ligases associated with cognition-, neurodegeneration-, and sleep/circadian-related phenotypes were disproportionately PAR-binding, supporting convergence between PAR-responsive ubiquitin regulation and disease-relevant biology. Circadian phase analyses further revealed that PAR-binding ligases occupy structured, non-random circadian windows within the broader E3 background, including distinct co-phasing relationships with BMAL1 and CRY1. Finally, cell-type enrichment analyses identified microglia as the dominant compartment for circadian-linked and PAR-binding circadian E3 weighting within the brain E3 program. Together, these findings support a systems-level framework in which non-covalent PAR-binding E3 ubiquitin ligases constitute a brain-deployed, circadian-organized regulatory layer that couples PAR signaling to time-dependent ubiquitin control in neural systems."
"biorxiv","10.64898/2026.09.03.748889","10.64898/2026.09.03.748889","Cell-cycle control of chromatin creates a therapeutic window for epigenetic therapy in tumors","Hayatigolkhatmi K; Valzelli R; Ceccacci E; Hosseini A; El Menna O; Romanenghi M; Pallavicini I; Soda E; Ejlli O; Villa E; Falvo P; Vizan P; Blanco E; Aranda S; Barkhordar R; Soriani C; Ronzoni S; Giardina G; Rodighiero S; Bertolini F; Mai A; Polletti S; Lanfrancone L; Noberini R; Leuzzi G; Pelicci PG; Bonaldi T; Croce LD; Minucci S","bioRxiv","2026-09-06","https://www.biorxiv.org/content/10.64898/2026.09.03.748889","The relationship between cell cycle length and differentiation competence has been studied in developmental biology, particularly in embryonic stem cells, which show a very short G1 phase required to maintain pluripotency. How and whether this principle operates in cancer— where the cell cycle is deregulated and G1 is frequently shortened — and whether it can be pharmacologically exploited for therapy, has not been explored. Here we show that the duration of G1 is a causal determinant of chromatin state in cancer cells and that extending G1 creates a therapeutic window for epigenetic drugs. Using acute myeloid leukemia (AML) as a model, we demonstrate that low-dose palbociclib — at concentrations well below those required for cytostatic arrest — extends G1 without halting proliferation. This modest prolongation reshapes the histone modification landscape: repressive marks (H3K9me2/3, H4K20me2/3) increase while acetylation decreases, and chromatin accessibility rises broadly in the euchromatic compartment. Naturally slow-cycling AML lines share this epigenetic signature regardless of their oncogenic driver mutations, and pharmacologically extending G1 in fast-cycling cells recapitulates it — establishing G1 length as a causal regulator of the cancer epigenome rather than a passive correlate. To identify epigenetic vulnerabilities created by G1 extension, we performed complementary drug and CRISPR-Cas9 screens in G1-extended AML cells. Both approaches converged on the histone demethylase LSD1 (KDM1A): slow-cycling AML cells are intrinsically sensitive to LSD1 inhibition, while fast-cycling cells become sensitive when G1 is prolonged. The combination of low-dose palbociclib and LSD1 inhibition triggers differentiation and significantly prolongs survival in AML xenograft models. p21 (CDKN1A) emerges as the central molecular determinant of this response. In slow-cycling AML cells, p21 is highly expressed and its knockdown abolishes LSD1 inhibitor sensitivity. Structure-function analysis using p21 mutants separates the two known activities of p21: the CDK-inhibitory function (which extends G1) is required for sensitization, whereas the PCNA-binding function is dispensable. Three pharmacological routes converge on the same endpoint — CDK inhibition, G1 extension, and a differentiation-competent chromatin state: direct CDK4/6 inhibition by palbociclib, p21 overexpression, and p21 induction through treatment with HDAC or EZH1/2 inhibitors. Palbociclib bypasses the requirement for p21 entirely, confirming that G1 length itself — not p21 as a protein — is the critical variable. Mechanistically, the combination of G1 extension and LSD1 inhibition yield a qualitatively distinct chromatin state rather than an additive one. ATAC-seq reveals thousands of combination-exclusive accessible regions, enriched for footprints of myeloid differentiation transcription factors including SPI1/PU.1, IRF1, and STAT1/2. A double-lock principle governs this remodeling: palbociclib drives the removal of repressive marks (H3K9me3 and H3K27me3), while LSD1 inhibition installs active marks at the newly accessible regions. The ncBAF chromatin remodeling complex, identified in our CRISPR screen and validated by knockout of its essential subunits BRD9 and SMARCD1, is specifically required for this response. Loss of ncBAF abolishes the combination-induced chromatin remodeling and differentiation program but does not affect the initial G1 extension or retinoic acid–induced differentiation, indicating that ncBAF specifically couples cell-cycle modulation to chromatin remodeling rather than acting as a general differentiation factor. The principle generalizes beyond AML. In melanoma, breast cancer, and small-cell lung cancer (SCLC), sensitivity to LSD1 inhibition tracks with p21 expression and cycling speed. Primary melanoma samples stratified by p21 expression recapitulate the same pattern: p21-high, slow-cycling cells are sensitive; p21-low, fast-cycling cells are resistant but can be sensitized by palbociclib cotreatment. Cisplatin-induced drug-tolerant persister (DTP) cells — which emerge as a slow-cycling, chemo-resistant population and upregulate both p21 and LSD1 — become vulnerable to LSD1 inhibition and are eradicated by the combination. In melanoma patient-derived xenograft (PDX) models, p21-high tumors respond to LSD1 inhibitor monotherapy, while p21-low tumors are sensitized by palbociclib cotreatment, with p21 knockdown abolishing the response. Together, these findings establish cell-cycle duration as a tunable regulator of the cancer epigenome and demonstrate that pharmacological G1 extension converts cytostatic CDK4/6 inhibition into an epigenetic sensitization strategy. Both fast-proliferating and slow-cycling tumor compartments — including drug-resistant persister cells — can be targeted by matching the epigenomic state to the appropriate combination of cell-cycle modulators and epigenetic drugs. p21 emerges as a candidate biomarker for patient stratification. More broadly, our work repositions the cell cycle from a passive conduit for proliferation signals to an active, druggable regulator of chromatin fate, with implications that extend from cancer therapy to stem cell biology and regenerative medicine."
"biorxiv","10.64898/2026.09.03.748616","10.64898/2026.09.03.748616","NANOCUTSIGHT: A NANOPORE-SEQUENCING APPROACH AND ANALYSIS PIPELINE TO ASSESS GENOME EDITING EFFICACY IN VARIOUS CELL POPULATIONS","Bergeron D; Gaudreault V; Duval M; Nassari S; Boudreau F; Durand M; Choquet K; Jean S","bioRxiv","2026-09-08","https://www.biorxiv.org/content/10.64898/2026.09.03.748616","Genome editing has revolutionized biomedical sciences and is now an essential tool to define molecular pathways through genetic interaction and loss-of-function studies. Through its diverse variations, it allows for the generation of specific knockout cell lines or organisms, as well as the creation of endogenously edited gene regions. While high-throughput methodologies exist to map CRISPR/Cas9 genetic modifications, the validation of guide efficiencies in cell populations is often performed through analysis of the targeted gene product by western blotting or by deconvolution of Sanger sequencing chromatograms using TIDE or ICE assays. Here, we highlight a rapid nanopore sequencing pipeline, which we have named NanoCutSight, to quantify the percentage of indels at a specific genomic locus and to identify the types of modifications generated. We also benchmarked the methodology on various guide RNAs and in both cultured cell and organoid models. We believe that NanoCutSight will simplify the analysis of complex sample editing and enable the rapid screening of edited samples."
"biorxiv","10.64898/2026.09.01.748654","10.64898/2026.09.01.748654","Structural basis for tetraspanin-dependent surface export and adhesive function of integrin α3β1","Litzau L; Wren EK; Kruse AC; Blacklow SC","bioRxiv","2026-09-03","https://www.biorxiv.org/content/10.64898/2026.09.01.748654","Integrin α3β1 (ITGα3β1) is a member of an integrin subfamily that binds to laminin proteins and promotes attachment of epithelial cells to the basement membrane. ITGα3β1 forms a complex with the tetraspanin CD151, and loss-of-function mutations in both ITGα3 and CD151 cause epidermolysis bullosa, a severe skin blistering disease resulting from a defect in basement membrane attachment. Here, we report the cryoEM structure of an ITGα3β1 complex with CD151 and show that mutation of CD151 at the binding interface disrupts complex formation in cells. Strikingly, CRISPR-mediated knockout of CD151 leads to a variably penetrant ITGα3β1 surface export defect that is restored by re-expression of wild-type but not interface-mutated CD151. Together, these studies define the molecular basis for binding of CD151 to ITGα3β1, and show that CD151 promotes ITGα3β1 surface export, providing a biochemical explanation for the CD151 loss-of-function phenotype in epidermolysis bullosa."
"biorxiv","10.64898/2026.09.03.749311","10.64898/2026.09.03.749311","PCDH17 regulates lysosomal degradative capacity to promote autophagy attenuation during prolonged starvation","Chen B; Lu S; Noda T","bioRxiv","2026-09-07","https://www.biorxiv.org/content/10.64898/2026.09.03.749311","Autophagy is induced by nutrient starvation to recycle intracellular constituents; however, its activity must subsequently be attenuated during prolonged nutrient deprivation. The mechanisms underlying this attenuation in mammalian cells remain incompletely understood. Here, using complementary HaloTag-based assays, we show that autophagic activity declines during prolonged starvation in HeLa cells. A genome-wide CRISPR/Cas9 knockout screen designed to identify cells that sustain autophagic activity under these conditions identified protocadherin 17 (PCDH17) as a regulator of autophagy attenuation. PCDH17 depletion maintained autophagic activity during prolonged starvation without detectably altering mTORC1 signaling, ULK1 abundance, or the proximal machinery of autophagosome formation. Instead, PCDH17 depletion increased lysosomal abundance, acidification, and proteolytic activity, whereas PCDH17 overexpression produced reciprocal effects. We further identified a lysosome-associated PCDH17 subpopulation that is supplied predominantly through the biosynthetic ER–Golgi pathway. This pool undergoes proteolytic processing and lysosomal turnover, with starvation preferentially accelerating degradation of the C-terminal fragment while preserving a comparatively stable N-terminal fragment. Together, these findings identify PCDH17 as an unexpected negative regulator of lysosomal function and demonstrate that modulation of lysosomal degradative capacity contributes to autophagy attenuation during prolonged starvation."
"biorxiv","10.64898/2026.09.02.748655","10.64898/2026.09.02.748655","ACHT2 deactivates carbon assimilation during light-dark transition","Steinberg M; Hipsch M; Keisar M; Lampl N; Rosenwasser S","bioRxiv","2026-09-07","https://www.biorxiv.org/content/10.64898/2026.09.02.748655","In chloroplasts, photosynthetic efficiency relies on a delicate balance between reductive and oxidative thiol-based signaling networks. Members of the high-midpoint-potential atypical thioredoxins (Trxs) were shown to oxidize photosynthetic enzymes by channeling reducing equivalents to H2O2 through 2-Cys-Prx activity. However, it remains unclear which atypical-Trx isoforms regulate Calvin-Benson cycle (CBC) inactivation, and whether they possess distinct functional specificities or operate redundantly in vivo. To resolve this, electron transport and carbon assimilation were continuously monitored during physiological dynamic light transitions in CRISPR-generated single, double and triple atypical Trx mutants. Notably, ACHT2 was identified as a primary determinant of CBC inactivation during dark-to-light transitions, as evidenced by the alleviation of redox-mediated bottlenecks in electron flow downstream of Fd and a lower CBC inactivation state in acht2 plants, resembling the phenotype observed in plants lacking 2-Cys Prxs A and B (2cpab). In contrast, plants mutated in ACHT1, ACHT4, or TrxL2 displayed CBC inactivation kinetics comparable to those of the wild type. Furthermore, mutation of ACHT2 did not compromise plant fitness. In contrast, growth retardation was observed in the acht1/acht4 double mutant, suggesting that the severe phenotype of 2cpab does not arise from impaired CBC inactivation, but rather from disruption of oxidative regulation of other metabolic pathways mediated by distinct atypical Trxs. Collectively, these findings reveal a high degree of regulatory specificity within the chloroplast oxidative network and provide a foundation for a deeper understanding of how activation-inactivation cycles contribute to plant adaptation to dynamic light environments."
"biorxiv","10.64898/2026.09.01.748342","10.64898/2026.09.01.748342","Single-cell informed metabolic modeling reveals organ-specific metabolic adaptations in breast cancer organotropism","Arora G; Chatterjee S","bioRxiv","2026-09-03","https://www.biorxiv.org/content/10.64898/2026.09.01.748342","Breast cancer organotropism is driven by interactions between tumor cells and organ-specific microenvironments that support metastatic growth. To better understand the metabolic basis of organ-specific metastasis, we integrated single-cell transcriptomics with constraint-based systems biology to generate context-specific metabolic models of breast cancer metastasis to the liver, bone, and brain. Our analysis identified both common and organ-specific metabolic changes, suggesting that metastatic cells share a core metabolic program while also adapting to the metabolic environment of each target organ. Primary tumors with metastatic potential showed early alterations in nucleotide metabolism, transport reactions, and energy-related pathways, indicating metabolic changes before metastatic spread. Metabolic transformation analysis identified key metabolic regulators involved in the tricarboxylic acid (TCA) cycle, oxidative phosphorylation, redox balance, and metabolite transport. Integration with CRISPR gene essentiality data further highlighted metabolically important genes as potential therapeutic targets. In addition, analysis of organ-specific secreted metabolites revealed distinct metabolic signatures associated with metastatic colonization of the liver, bone, and brain. Overall, our single-cell-informed metabolic modeling approach shows that breast cancer organotropism is associated with both shared and organ-specific metabolic adaptations. The study provides a framework for identifying potential metabolic vulnerabilities that could be targeted to treat metastatic breast cancer."
"biorxiv","10.64898/2026.09.03.749104","10.64898/2026.09.03.749104","The microtubule-associated proteins CKAP2 and its paralog CKAP2-Like control ciliogenesis in human cells","Bechstedt S; Da Silva LE; Campolina-Silva G; Afani J; Belleannee C","bioRxiv","2026-09-08","https://www.biorxiv.org/content/10.64898/2026.09.03.749104","Ciliogenesis is an evolutionarily conserved process that leads to the assembly of cilia. This process relies on microtubule-associated proteins (MAPs) to regulate axonemal microtubule dynamics. Misregulation of MAPs often leads to changes in ciliary homeostasis, contributing to numerous ciliopathies. Although CKAP2 and CKAP2-Like are best known for regulating microtubule dynamics during cell division, they are also components of ciliary organelles. Notably, CKAP2 overexpression promotes chromosomal instability and cancer, whereas CKAP2-Like deficiency causes Filippi syndrome, a developmental disorder with clinical features overlapping those of ciliopathies. How both MAPs operate at primary cilia remains poorly understood. Here, we identify both MAPs as axonemal components of motile and primary cilia in human cells. We find that CKAP2-positive cilia are linked to cell cycle progression and that the conserved intrinsically disordered microtubule-binding domain of CKAP2, which is essential for microtubule polymerization and stabilization, is required for its ciliary localization. Unexpectedly, CRISPR-mediated loss of either paralog results in elongated cilia without affecting ciliogenesis, accompanied by increased ciliary enrichment of the remaining paralog and impaired Gli2 accumulation at the ciliary tip. In contrast, simultaneous deletion of both MAPs suppresses ciliogenesis and has minimal effect on the ciliary length as compared to wild-type levels. These findings uncover that CKAP2 and CKAP2-Like are axonemal MAPs that contribute to ciliogenesis, partially compensating for each other in human cells."
"biorxiv","10.64898/2026.09.03.749318","10.64898/2026.09.03.749318","HPV16 Utilizes Phospholipase C(s) for its Genome Egress","Keiffer TR; Siddiqa A; Represa-Perez M; Zabir H; Kushwaha A; Sapp M; Zwolinska K","bioRxiv","2026-09-08","https://www.biorxiv.org/content/10.64898/2026.09.03.749318","Nuclear delivery of human papillomavirus (HPV) requires infected cells to undergo mitosis. Incoming HPV DNA is protected by a transport vesicle structure, which becomes unstable post-mitosis. We have previously shown that HPV genome egress takes on average 4 hours post-mitosis completion; thus, we propose that an enzymatic process is involved in degrading this transport vesicle to allow genome egress. Several phospholipase C (PLC) isoforms, including PLCδ3, PLCζ1, and PLCL1, have been previously implicated in HPV infection in large-scale siRNA screens, and the parvovirus VP1 capsid protein has phospholipase enzymatic activity. Therefore, we hypothesized that cellular phospholipases residing in the nucleus mediate egress of the HPV genome from transport vesicles. We utilized siRNA-mediated knockdown and CRISPR/Cas9 knockout techniques to target specific PLC isoforms in both HeLa and HaCaT cell lines. We found that targeting PLC isoforms PLCβ1, β4, δ3, δ4, and γ1 significantly decreased HPV infection in both HeLa and HaCaT cells, as measured using a luciferase-based reporter assay. We also discovered a novel interaction between HPV16 minor protein L2 and PLCs β1, β4, δ1, δ3, and δ4. Furthermore, we observed that knockout of PLCβ4 and δ4 delayed egress of the HPV genome from nuclear membrane-bound vesicles after infection of HeLa cells. We propose that HPV utilizes phospholipase Cs to achieve genome egress from its protective vesicular structure after nuclear delivery."
"biorxiv","10.64898/2026.09.01.748680","10.64898/2026.09.01.748680","The lncRNA Statera regulates synaptogenesis by repressing the retrotransposon copia in Drosophila","Wang S; M’Angale P; Xiao C; Alegre G; Simkin A; Malinkevich A; Thomson T","bioRxiv","2026-09-05","https://www.biorxiv.org/content/10.64898/2026.09.01.748680","<h4>ABSTRACT</h4> Retrotransposons are mobile genetic elements that can impair genome integrity, and their insertions and dysregulation have been implicated in various diseases. However, growing evidence suggests that retrotransposons may play important physiological roles. At the Drosophila larval neuromuscular junction (NMJ), the ViSyToR (Viral Synaptic Transfer of RNA) pathway requires the active retrotransposon copia as a key negative regulator of synaptogenesis. Here, we identify a long non-coding RNA, Statera ( Stae ), as a regulator of copia , initially discovered through its physical association with the Copia protein. Stae is highly expressed in the central nervous system and body wall muscles of Drosophila larvae. CRISPR knockout or RNAi knockdown of Stae leads to a general decrease of bouton number at the NMJ, indicating its role in promoting synaptogenesis. Furthermore, copia is highly upregulated in Stae mutants, suggesting that Stae functions to repress copia . Mechanistically, Stae reduces copia RNA stability and limits copia DNA copy number. Additional knockdown of copia in motor neuron-specific Stae RNAi animals rescues the abnormal NMJ morphology. Together, our findings reveal an unexpected role for a long non-coding RNA in promoting synaptogenesis by repressing a retrotransposon."
"biorxiv","10.64898/2026.09.03.749173","10.64898/2026.09.03.749173","Therapeutic targeting of MYBPC3 mutation-specific hypertrophic cardiomyopathy guided by network modeling","Luanpaisanon P; Pavelec CM; Bradley LA; Saucerman JJ; Wolf MJ","bioRxiv","2026-09-08","https://www.biorxiv.org/content/10.64898/2026.09.03.749173","Hypertrophic cardiomyopathy (HCM) is a leading cause of sudden cardiac death with genotype positive cases most commonly associated with mutations of cardiac myosin binding protein-C (MYBPC3). Recently approved drugs for HCM target the myofilaments rather than the aberrant molecular signaling pathways that drive long-term remodeling. Here, we identified a patient with familial HCM that was associated with a MYBPC3 W1078 truncation mutation. A CRISPR knock-in mouse model of the orthologous mutation MYBPC3 W1082 exhibited marked cardiac hypertrophy including wall thickening, reduced ejection fraction, and decreased survival. To identify pathways, mechanisms, and potential candidate therapeutics, we integrated the MYBPC3 mutation into a computational network model of the signaling underlying familial cardiomyopathy. The network model predicted that the MYBPC3 mutation drove hypertrophy through mTOR/PI3K pathways, consistent with the results of RNA sequencing of cardiomyocytes of MYBPC3W1082*/W1082* mice. A virtual drug screen using FDA-approved drugs predicted that the mTOR inhibitor, Rapamycin, could mitigate mutation-induced hypertrophy. We then experimentally validated the effects of Rapamycin on hypertrophic responses using cultured cardiomyocytes. Further, Rapamycin attenuated cardiac hypertrophy and fibrosis of MYBPC3W1082*/W1082* mice in vivo. mTOR inhibitors (rapamycin and everolimus) were associated with a decreased incidence of cardiac hypertrophy associated diagnostic codes in patients in the FDA Adverse Events Reporting System. Query of electronic health records and echocardiograms from a University of Virginia cohort of patients treated with mTOR or calcineurin inhibitors showed that patients prescribed everolimus or tacrolimus had reduced LV wall thicknesses. Together, these studies suggest that targeting mTOR as a translationally relevant target for a mutation-induced hypertrophic cardiomyopathy, as well as demonstrating the utility of guiding precision therapies by iterating between network models and experimental validation."
"biorxiv","10.64898/2026.08.31.746906","10.64898/2026.08.31.746906","A conserved cysteine–histidine–glutamate metal site identifies DUF501 (Rv1025), an essential uncharacterised protein family of Mycobacterium tuberculosis , as a candidate metalloenzyme and drug target","Guyeux C","bioRxiv","2026-09-03","https://www.biorxiv.org/content/10.64898/2026.08.31.746906","A substantial fraction of the Mycobacterium tuberculosis proteome remains functionally uncharacterised. Rv1025, a 155-residue protein carrying the domain of unknown function DUF501 (Pfam PF04417), is essential by transposon mutagenesis and vulnerable by CRISPR interference, an attractive but neglected drug target, yet has never been functionally described. The family (4,370 proteins, no Gene Ontology term, no solved structure) is un-characterised across all organisms and essential in three Actinobacterial genera. A Foldseek search of the AlphaFold model against complete structural databases finds no significant homolog, indicating a novel fold. The operon eno – divIC – Rv1025 – ppx2 is conserved across the Actinobacteria phylum, yet AlphaFold-Multimer finds no direct complex between Rv1025 and its neighbour DivIC. Instead, conservation across 8,700 homologous sequences reveals a near-invariant Cys113–His115–Glu59 cluster forming a pocket. Holo AlphaFold3 predictions with Zn, Fe and Mn confidently place a divalent metal on this triad at 2.25–2.47 Å; mutating the triad relocates the metal, and an independent backbone-geometry predictor recovers the same site, confirming specificity. The triad is universal across the family: present in all 1,472 near-complete bacterial sequences of the Pfam alignment, with no non-conservative substitution among the 2,228 sequences examined, a defining feature of bacterial DUF501 rather than a mycobacterial peculiarity. We propose that DUF501 is a metal-binding protein and candidate metalloenzyme, the first functional hypothesis for this family, whose conserved, essential metal pocket is a promising drug target. As the predictions build on a conservation-defined site within a fully computational study, they are supportive rather than proof of metal occupancy and warrant experimental validation."
"biorxiv","10.64898/2026.09.02.748930","10.64898/2026.09.02.748930","Spatiotemporal expression of the zebrafish pax9 gene that is essential for median fin patterning","Dong Z; Zhang G","bioRxiv","2026-09-03","https://www.biorxiv.org/content/10.64898/2026.09.02.748930","<h4>ABSTRACT</h4> PAX9 is an evolutionarily conserved paired-box transcription factor that is critical for embryonic development and human diseases. The mouse model has been predominantly used to investigate Pax9 functions. Zebrafish has emerged as a complementary vertebrate model for various human diseases, including cancers. Until recently, the functions of the zebrafish pax9 gene in jaw and hematopoiesis have started to be uncovered. However, detailed pax9 spatiotemporal expression, molecular mechanisms, and potential functions in other zebrafish organs remain largely unknown. With the technical advances in CRISPR-Cas9, non-homologous end joining (NHEJ) has made knockin and knockout a convenient way to examine endogenous gene expression in vivo and to generate a loss-of-function allele simultaneously. Here, we first generated pax9 knockin fish lines by inserting fluorescent proteins at the start of the endogenous pax9 coding region. Then, we examined pax9 expression in real time from early embryonic stages through adulthood. Except for previously reported expression domains, we were able to identify pax9 expression in high resolution in the paired and median fins, where pax9 marks anterior fin rays. Moreover, our knockin and knockout mutants showed increased fin ray number in median fins, but no evident effect on paired fins in pax9 null mutants. Thus, PAX9 is critical for median fin patterning in zebrafish."
"biorxiv","10.64898/2026.09.07.749934","10.64898/2026.09.07.749934","Integrated morphological, multi-omics, and functional profiling reveals microglial plasticity driven by AD risk genes","Zhang Y; Zhang A; Seo S; Fredrickson C; Jung M; Shan X; Phu L; Cramer A; Sanchez-Priego C; Kulkarni VV; Rose CM; Hoogenraad CC; Jeong CG","bioRxiv","2026-09-09","https://www.biorxiv.org/content/10.64898/2026.09.07.749934","Microglia, the resident macrophages of the central nervous system, are highly dynamic cells essential for brain homeostasis. While genome-wide association studies (GWAS) strongly implicate microglial dysfunction in Alzheimer's disease (AD), the mechanistic links coordinating their diverse transcriptional, morphological, and functional states remain poorly understood. Using human induced pluripotent stem cell-derived microglia (iMicroglia) and single-cell RNA sequencing, we identified six distinct transcriptional profiles and mapped them to specific morphological phenotypes via targeted immunofluorescence, establishing a link between microglial morphology and molecular identity. Transcriptomic and morphological profiling further demonstrated profound microglial plasticity, revealing distinct, stimulus-specific responses to AD-relevant pathologies, including Tau PFF, amyloid-beta, and apoptotic neurons. To assess how AD risk variants perturb these states, we performed high-efficiency CRISPR-Cas9 ribonucleoprotein (RNP) knockouts of specific AD GWAS genes. Bulk RNA-seq profiling revealed extensive transcriptional remodeling following genetic perturbation. Crucially, we show that depletion of these AD risk genes disrupts baseline morpho-transcriptomic coupling and fundamentally alters microglial phagocytic capacity. Together, this study reveals how AD GWAS genes may drive microglia into dysfunctional states characterized by altered morphology, distinct multi-omic signatures, and impaired functions."
"biorxiv","10.64898/2026.09.01.748640","10.64898/2026.09.01.748640","Rewiring of Integrin Signaling and Cell-cycle Deregulation Drive SMARCB1-Deficient Epithelioid Sarcoma","Miyamoto R; Park J; Dwosh GH; Zuco V; Pasquali S; Dickson BC; Kirsch DG","bioRxiv","2026-09-03","https://www.biorxiv.org/content/10.64898/2026.09.01.748640","Epithelioid sarcoma (EPS) is an aggressive soft-tissue sarcoma characterized by loss of the chromatin- remodeling subunit SMARCB1. The oncogenic programs driving EPS remain poorly understood. Through CRISPR loss-of-function screens, we identified conserved dependencies on integrin signaling components and cyclin-dependent kinases (CDKs). Genetic disruption of integrin subunit alpha V (ITGAV)-centered signaling impaired epithelioid cluster formation and reduced MYC expression. SMARCB1 re-expression phenocopied these effects and revealed that SMARCB1 loss selectively represses context-dependent integrin subunits while preserving an ITGAV-centered pro-survival axis, associated with altered BAF complex occupancy. Analysis of EPS cell lines and primary tumors revealed frequent genetic or epigenetic inactivation of CDKN2A/p16, indicating that loss of cell-cycle control is a key cooperating event in EPS development and providing a mechanistic rationale for targeting CDK4/6. Together, these findings establish integrin-driven oncogenic signaling coupled with disruption of cell-cycle control as a central oncogenic program in EPS and identify actionable therapeutic vulnerabilities."
"biorxiv","10.64898/2026.09.01.748523","10.64898/2026.09.01.748523","An SNRNP70-eGFP knock-in zebrafish line reveals the physiological localisation and dynamics of endogenous SNRNP70 during development","Lloyd-Jones J; Sartorius S; Gurevich D; Nikolaou N","bioRxiv","2026-09-05","https://www.biorxiv.org/content/10.64898/2026.09.01.748523","SNRNP70 is a core spliceosome RNA-binding protein best known for its essential role in nuclear pre-mRNA splicing. Although traditionally associated with nuclear RNA processing, previous studies have identified important extranuclear functions for SNRNP70 in neurons, including roles in mRNA stability, localisation, and axonal transport. Yet, much of our understanding of SNRNP70 localisation has relied on overexpression or transgenic approaches, leaving a critical gap in our knowledge of where endogenous SNRNP70 resides and how it behaves in living neurons under physiological expression conditions. Here, we address this limitation by establishing and validating a novel zebrafish SNRNP70-eGFP CRISPR knock-in line, enabling direct visualisation of the endogenous protein. eGFP was fused to the C-terminus of endogenous SNRNP70 while retaining the native 3′ untranslated region, preserving key regulatory features of the endogenous locus. We demonstrate that the knock-in faithfully reports endogenous SNRNP70 expression and reveals widespread physiological localisation throughout the developing nervous system, including prominent enrichment within axonal and synaptic compartments. Crucially, live in vivo imaging reveals that endogenous SNRNP70 is dynamically localised within neuronal mRNP granules, providing direct evidence of its physiological behaviour in these structures without the confounding effects of protein overexpression. Proximity ligation analyses further demonstrates associations between endogenous SNRNP70 and PABPC1B, FUS, and UPF1, which are established neuronal mRNP granule components. Together, our work provides a validated genetic and imaging resource for investigating SNRNP70 at endogenous levels in the living nervous system. By overcoming key limitations of conventional transgenic and overexpression-based approaches, the SNRNP70-eGFP knock-in enables physiological analysis of SNRNP70 localisation and dynamics and reveals its prominent and dynamic organisation within neuronal mRNP granules. More broadly, this work highlights how endogenous fluorescent tagging can provide a versatile platform for resolving the spatial organisation of RNA-binding proteins in living neurons under physiological expression conditions and provide new insight into the regulation of neuronal mRNA fate."
"biorxiv","10.64898/2026.09.03.749026","10.64898/2026.09.03.749026","High levels of the cardiomyocyte-specific kinase Tnni3k impair zebrafish heart regeneration by driving chronic myocardial inflammation","Fernandez-Lajarin M; Keeley S; Gonzalez-Rosa JM","bioRxiv","2026-09-09","https://www.biorxiv.org/content/10.64898/2026.09.03.749026","<h4>Background: </h4> Zebrafish regenerate their hearts after injury, and defining the barriers that block this capacity in mammals may reveal targets for heart failure treatment. Elevated levels of the cardiomyocyte-specific kinase TNNI3K are associated with human cardiomyopathy, and its overexpression drives adverse remodeling in mice. Recent work has linked elevated TNNI3K to cardiomyocyte polyploidization and loss of regenerative competence, but whether this cell-cycle effect accounts for the pathology seen in patients has not been established. Because TNNI3K is restricted to cardiomyocytes, whether it also acts non-cell-autonomously is unknown. <h4>Methods:</h4> We generated an allelic series of zebrafish lines comprising cardiomyocyte-specific Tnni3k overexpression, an expression-matched kinase-dead variant, a full-locus deletion, and a line overexpressing mouse Tnni3k. Regeneration, cardiomyocyte proliferation, and ploidy were assessed in uninjured hearts and after cryoinjury. We combined ventricular RNA-sequencing, macrophage depletion before or after injury, tamoxifen-inducible Cre-lox switches, and cardiomyocyte-restricted CRISPR mutagenesis. Hearts from mice overexpressing human TNNI3K were analyzed in parallel. <h4>Results:</h4> Elevated Tnni3k impaired heart regeneration in a kinase-dependent manner. Cardiomyocyte proliferation, redifferentiation, and productive cell division were preserved, and polyploidization remained well below the threshold compatible with robust regeneration, arguing against a cell-cycle defect. Instead, Tnni3k overexpression established an inflammatory and fibrotic state in the uninjured myocardium, marked by interferon, NF-κB, and antigen-presentation programs and by leukocyte and macrophage accumulation. This state amplified after injury, and these animals retained substantially more scar at 60 days post-injury. Depleting macrophages before injury, but not after, prevented the excess fibrosis. Switching Tnni3k off after injury attenuated both inflammation and fibrosis. Cardiomyocyte-specific deletion of pkmb, a glycolytic gene strongly repressed in Tnni3k-overexpressing animals and previously associated with inflammation, reproduced both phenotypes. Mice overexpressing TNNI3K showed comparable fibrosis and macrophage accumulation. <h4>Conclusions:</h4> Elevated Tnni3k impairs cardiac regeneration by sustaining a chronic inflammatory and fibrotic state rather than by driving polyploidization. Because this state requires continued kinase activity and remains reversible after injury, TNNI3K inhibition may warrant exploration as a strategy to interrupt the inflammation-fibrosis loop in inflammation-driven cardiac disease."
"biorxiv","10.64898/2026.09.03.749235","10.64898/2026.09.03.749235","PI(3)P Signaling by VPS34 Complex II Orchestrates Macropinocytosis","Neupane A; Wollman JW; Donahoe J; Pradhan B; Balster JJ; Poudel S; Waniarachchi K; Hoppe AD; Swanson JA; Scott BL; Thiex NW","bioRxiv","2026-09-07","https://www.biorxiv.org/content/10.64898/2026.09.03.749235","Macrophage macropinocytosis contributes to wound healing, antigen presentation, and resolution of inflammation. Macropinocytosis also facilitates nutrient uptake and growth in macrophages, T cells, and cancer cells. Here, CRISPR/Cas9 whole-genome screens in murine bone-marrow derived macrophages (BMDM) identified genes regulating unstimulated, PMA-, and CSF1-stimulated uptake of the fluorescent pinocytosis solute tracer, Lucifer yellow. UVRAG and other members of VPS34 complex II (VPS34-II), which catalyze PI(3)P formation from phosphatidylinositol, were identified as positive regulators of macropinocytosis. Targeted gene disruption of Uvrag and Pik3r3 revealed that VPS34-II is required for efficient macropinocytosis with Uvrag-disrupted BMDM having fewer but larger macropinosomes. In contrast, depletion of ATG14, a unique component of VPS34 complex I, increased solute uptake and the number of macropinosomes. Live-cell imagining of macrophages expressing 2xFYVE-fluorescent protein fusions showed PI(3)P present on the plasma membrane, nascent macropinosomes, and endosomes. The presence of PI(3)P on the plasma membrane prior to macropinocytic cup closure, indicates a novel role on the plasma membrane. Quantitative imaging of fixed cells shows a decrease in concentration of PI(3)P in Uvrag-disrupted BMDMs while increase in concentration of PI(3)P in Atg14-disrupted BMDM compared to WT BMDMs. Treatment with the VPS34 inhibitor SAR-405 acutely decreased macropinocytosis but maintained AKT phosphorylation suggesting class I PI3K activity and PI(3,4,5)P3 production are independent of class III PI3K activity. These results suggest that PI(3)P is a key phosphoinositide governing macropinocytosis at the plasma membrane and that it is primarily formed via direct phosphorylation of PI rather than via the sequential dephosphorylation of PIP3."
"biorxiv","10.64898/2026.09.01.748570","10.64898/2026.09.01.748570","Hexose-6-phosphate dehydrogenase deficiency disrupts hepatic fatty acid homeostasis and induces triglyceride accumulation","Sakalauskaite G; Ebert S; Allard JA; Zogg M; Meister I; Birk J; Schmidt A; Bouitbir J; Odermatt A","bioRxiv","2026-09-03","https://www.biorxiv.org/content/10.64898/2026.09.01.748570","Hexose-6-phosphate dehydrogenase (H6PD) catalyzes the first two steps of an endoplasmic reticulum-specific pentose phosphate pathway, regenerating luminal NADPH levels in the process. Its function remains insufficiently well understood. Since expression of H6PD is notably high in the liver, we aimed to assess its role in hepatic metabolism. Considering the central role of the liver in lipid synthesis, breakdown and storage, we focused our efforts specifically on studying the effect of H6PD on hepatic lipid metabolism. An H6PD knockout mice strain was generated and characterized by liquid chromatography-high-resolution mass spectrometry (LC-HRMS)-based lipidomic and proteomic analyses of liver tissue. Lipidomics analysis revealed an overall increase in hepatic triglycerides and a specific increase in unsaturated long-chain triglycerides in H6PD knockout mice. Intracellular lipid accumulation was confirmed through Nile Red staining of liver sections. Functional enrichment analysis of proteomics data from the H6PD deficient mice identified a corresponding upregulation of multiple fatty acid metabolism-associated pathways. Additionally, an H6PD knockout AML12 cell line was generated through CRISPR/Cas9 and characterized by lipid staining and functional assays to assess metabolic outcomes. Loss of H6PD led to intracellular lipid accumulation, reduced mitochondrial β-oxidation and increased sensitivity to lipotoxicity, even though fatty acids remained the cells’ primary mitochondrial fuel. Ultimately, our results indicate that H6PD plays an as-of-yet undescribed role in hepatic lipid metabolism, implying a link between the availability of NADPH within the endoplasmic reticulum and fatty acid homeostasis. <h4>Graphical abstract</h4>"
"biorxiv","10.64898/2026.09.04.739550","10.64898/2026.09.04.739550","BCOR mutations establish a persistent culture-adaptive state in human induced pluripotent stem cells","Badja C; Boushaki S; Kumar Y; Roumeliotis TI; Curle AJ; Guiloff AE; Degasperi A; Momen S; Robert F; Memari Y; Shooter S; Kozik Z; Zhao SJ; Toong PJ; Baker I; Hendrich B; Barker RA; Choudhary J; Koh GCC; Nik-Zainal S","bioRxiv","2026-09-07","https://www.biorxiv.org/content/10.64898/2026.09.04.739550","Human induced pluripotent stem cells (hiPSCs) are widely used for disease modelling and regenerative medicine, yet their utility depends on maintaining molecular integrity during long-term culture. BCOR (BCL6 Co-Repressor) mutations are among the most recurrent culture-acquired alterations in hiPSCs, but their functional consequences remain poorly understood. Here, we show that hiPSC BCOR mutations are predominantly truncating indels enriched in exon 7, defining a mutational landscape distinct from that observed in cancer. Multi-omics profiling reveals that BCOR loss drives widespread chromatin, transcriptomic and proteomic remodelling, with coordinated activation of developmental, pluripotency-associated and mitochondrial metabolism programmes. To facilitate routine surveillance, we develop a cost-effective TaqMan qPCR assay that accurately identifies BCOR-mutant hiPSCs across independent cell lines. Finally, we demonstrate that correction of BCOR mutation by CRISPR-Cas9 only partially restores the wildtype molecular state, highlighting the importance of early detection and monitoring of adaptive mutations in hiPSC cultures."
"biorxiv","10.64898/2026.09.03.749222","10.64898/2026.09.03.749222","Pannexin 1 inhibition reduces tumorigenic properties of patient-derived glioblastoma cells through the HIPPO and Wnt signalling pathways","Johnston D; Huver M; Kanji R; Van Kessel C; Kelly J; Sanchez Pupo RE; O'Donnell B; Defamie N; Lau R; Herrera C; Deweyert A; Mesnil M; Ronald J; Hebb M; Penuela S","bioRxiv","2026-09-07","https://www.biorxiv.org/content/10.64898/2026.09.03.749222","Glioblastoma (GBM) is the most common primary brain tumour, with a median survival of 12-18 months, highlighting a need for new treatment targets. We observed that pannexin 1 (PANX1), a channel-forming glycoprotein important in purinergic signalling, is upregulated in GBM compared to normal tissue and expressed throughout patient tumours. Western blot analysis of patient-derived GBM cell lines revealed significantly increased PANX1 expression in these primary lines compared to brain tissue and control glial cells. Bulk RNA-sequencing compared the gene expression of GBM cells devoid of PANX1 via CRISPR/Cas9 deletion (PANX1-KO) compared to controls. Gene Ontology and KEGG gene set analyses revealed PANX1-KO in GBM cells affects cell surface and cell junction components, processes, and pathways, including the HIPPO pathway, in addition to critically downregulating β-catenin mRNA and other components of the Wnt pathway. The deletion of PANX1 resulted in a disruption of the β-catenin protein and a dramatic reduction in migration and cell growth. Pharmacological inhibition of PANX1 in GBM cells with Probenecid (PBN) and Spironolactone (SPIR) demonstrated a significant reduction in live cell numbers and migration via scratch assay. Both blockers dramatically decreased F-actin filament formation, and the cellular localization of beta-catenin became more intracellular compared to controls. Xenografted GBM tumours showed a reduction in tumour cell viability by bioluminescent imaging and reduced hemorrhaging incidence when treated with PBN. These new insights support further investigation of PANX1 as a potential GBM therapeutic target and its role in multiple cancer signaling pathways that regulate this devastating disease."
"biorxiv","10.64898/2026.09.01.748673","10.64898/2026.09.01.748673","Discovery of novel enzybiotic candidates targeting human bacterial pathogens through large-scale viral-host profiling","Fiamenghi MB; Kyrpides NC","bioRxiv","2026-09-04","https://www.biorxiv.org/content/10.64898/2026.09.01.748673","The rise of antibiotic-resistant bacteria demands alternative therapeutic strategies, with bacteriophage (phage) therapy and phage-derived enzybiotics emerging as promising approaches. However, identifying candidate phages against specific pathogens has historically been a bottleneck due to the need for cultivation methods to assess host range and lytic activity. Advances in metagenomic sequencing and the emergence of large-scale viral genome databases now provide an opportunity to accelerate this process computationally. Here, we present a large-scale mining of the MetaVR database to identify phages targeting human bacterial pathogens. By integrating direct host associations with CRISPR-spacer evidence, we linked 196,472 high-quality and complete viral genomes, representing 42,360 vOTUs, to 618 species of pathogenic and opportunistic bacteria. Functional enrichment analysis revealed distinct genomic signatures with viral lifestyle and host-range breadth: virulent phages were enriched in replication and structural functions, whereas temperate and broad host-range phages were enriched in anti-defense and regulatory modules. To characterize their lytic potential we annotated lysis-related protein families and their structural diversity, identifying 76 structurally novel lysis-associated proteins, including candidates targeting WHO priority pathogens. Focused analysis of endolysins revealed 592 structural clusters, with extensive sharing of endolysin repertoires among ESKAPE pathogens, suggesting candidates for broad-spectrum enzybiotic development. Selection analysis identified 167 endolysin families with sites under positive selection within functional domains, highlighting evolutionary diversification potentially associated with phage-host interactions. Together, our results establish a large-scale framework for connecting human bacterial pathogens to phages and their lytic machinery, providing a resource for prioritizing phage therapy and enzybiotic development. <h4>Importance</h4> Antibiotic resistance is a growing global health crisis, and phage therapy represents a promising alternative to conventional antibiotics. By leveraging a large-scale viral genomic database to computationally link almost 200,000 phage genomes to 618 human pathogen species, we substantially expand the catalog of known phage-pathogen interactions. Additionally, we characterize the lysis machinery encoded by these phages, including holins, spanins and endolysins uncovering structurally novel enzymes, associated with phages targeting WHO priority pathogens that could serve as starting points for enzybiotic development. We also reveal extensive sharing of endolysin repertoires among pathogen species, indicating opportunities for developing broad-spectrum enzybiotic strategies. By providing a systematic, genomics-driven framework for identifying and prioritizing phage-derived therapeutic candidates, this work translates large-scale viral genomic data into a resource for developing new therapeutic strategies against drug-resistant bacterial infections. <h4>Graphical Abstract</h4>"
"biorxiv","10.64898/2026.08.28.747963","10.64898/2026.08.28.747963","The sex determination gene doublesex is essential for female-specific flight and hearing properties in Aedes aegypti mosquitoes","Loh YM; Loh W; Yap JX; Tsuchiya Y; Lee T; Xu YY; Eberl DF; Li M; Akbari OS; Su MP; Kamikouchi A","bioRxiv","2026-09-03","https://www.biorxiv.org/content/10.64898/2026.08.28.747963","The acoustic communication system supporting reproduction in disease-transmitting mosquitoes is sexually dimorphic, from the sounds that mosquitoes make to the properties of their flagellar ears. The molecular mechanisms shaping these dimorphisms, however, remain unclear. Here, we explored the contributions of the female-specific isoform of the sex determination gene doublesex ( dsxF ) in specifying female-unique properties in the acoustic communication system of Aedes aegypti mosquitoes. CRISPR-Cas9 based generation of a novel dsxF knockout line found that dsxF mutant females were flightless due to lack of expression of a female-specific myosin gene, myo-fem , in the thorax. We found that DsxF directly binds to four different enhancer sites of myo-fem to promote gene expression. We observed that dsxF female ears exhibited intersex neuroanatomical characteristics and contained a more extensive auditory efferent network than control females. At the peripheral hearing function level, dsxF female ears displayed intersex tuning frequencies associated with increased expression of hearing genes in dsxF female ears compared to control females. We identified three hearing genes transcriptionally inhibited by DsxF via direct binding. DsxF is a bifunctional transcription factor, activating female-specific gene expression in thoraces whilst repressing male-biased gene expression in ears to coordinate female-unique features across sensory and motor systems."
"biorxiv","10.64898/2026.09.01.747870","10.64898/2026.09.01.747870","The orphan receptor IL-17RD is a negative regulator of RIG-I-like receptor-dependent antiviral innate immunity and restrains SARS-CoV-2-induced lung inflammation","El-Mortada F; Roy J; Girondel C; Do F; Dos Santos Pereira Andrade AC; Lacasse E; Dubuc I; Roux PP; St-Jean G; Demey B; Labrecque N; Flamand L; Meloche S; Servant MJ","bioRxiv","2026-09-03","https://www.biorxiv.org/content/10.64898/2026.09.01.747870","Detection of viral RNA by the RIG-I-like receptors (RLRs) RIG-I and MDA5 triggers assembly of a MAVS-dependent signalosome that activates the TBK1-IRF3 and IKKβ-NF-κB axes together with the JNK and p38 MAPK modules, driving type I and type III interferon (IFN) and inflammatory cytokine production. Because unrestrained activity of this pathway is a major cause of immunopathology, host-encoded negative regulators are essential, yet the full complement of these brakes remains incompletely defined. Here we identify interleukin-17 receptor D (IL-17RD, also known as SEF), an orphan member of the IL-17 receptor family previously characterized as an antagonist of FGF and Toll-like receptor signaling, as a negative regulator of RLR-driven antiviral innate immunity. Using a CRISPR-engineered and shRNA-depleted human airway epithelial-derived lung carcinoma A549 cell line, we show that loss of IL-17RD amplifies and prolongs phosphorylation of TBK1 and IRF3 in response to poly I:C transfection and to infection with encephalomyocarditis virus (EMCV) or Sendai virus (SeV), and likewise potentiates the IKKβ-IκBα module and the TAK1-JNK1/2 and p38 MAPK branches. This translates into increased nuclear accumulation of IRF3 and p65, and markedly elevated induction of IFNB1, IFNL1-3, CCL5, IL6, and NFKBIA transcripts, as well as secreted IFN-β and IL-6. Silencing IL-17RD in ACE2-expressing A549 cells similarly derepresses the antiviral and inflammatory transcriptional programme following SARS-CoV-2 infection. Epistasis experiments place IL-17RD at the level of MAVS, downstream of the RLR sentinels. Mechanistically, IL-17RD localizes to the ER-to-Golgi intermediate compartment (ERGIC), the membrane platform on which the MAVS signalosome is present, and associates with RIG-I, MDA5, MAVS, TBK1 and IRF3. Its re-expression in depleted cells redistributes RLR effectors and TRAF proteins across low-molecular-weight signalosome fractions, reducing the amount of IRF3 recruited to the 670 kDa MAVS signalosome complex. Complementation of IL-17RD-deficient cells also indicates that the intracellular TIR subdomain is sufficient to confer this antagonistic activity. Finally, Il17rd-/- mice display a splenic transcriptome enriched for antiviral response signatures, and, following intranasal infection with a moderate dose of SARS-CoV-2, they mount an exaggerated pulmonary cytokine response and develop significantly greater lung inflammation and fibrosis than wild-type littermates. Together, these data establish IL-17RD as a bona fide brake on the RLR-MAVS axis that limits virus-induced immunopathology, and identify the SEFIR/TIR subdomain as the module responsible for this activity."
"medrxiv","10.64898/2026.09.01.26361059","10.64898/2026.09.01.26361059","One-pot CRISPR diagnostics for the rapid detection of <i>Candida</i> species and antimicrobial resistance biomarkers","Amy Heathcote; Maya Bird; Hyeri Jeong; Xena Li; Robert Kozak; Nicole E. Weckman","medRxiv","2026-09-09","https://www.medrxiv.org/content/10.64898/2026.09.01.26361059","Antimicrobial resistance (AMR) is a growing public health threat, where drug-resistant Candida infections are associated with increased hospital costs, lengths of stay, and high mortality rates. Current diagnostic methods are slow and labor-intensive, causing delays in diagnosis and patient treatment. In this research, we propose a rapid CRISPR-based diagnostic for identifying Candida pathogens and antifungal resistance biomarkers in clinical applications. One-pot CRISPR assay designs are optimized for three clinically relevant Candida species, achieving attomolar sensitivity with synthetic DNA and validating performance on cultured isolates. Strategies are developed to engineer CRISPR gRNA to control one-pot reaction kinetics, enhancing discrimination of single nucleotide polymorphism (SNP) resistance mutations associated with azole and echinocandin antifungals. This research expands our understanding of the design of one-pot CRISPR reactions for sensitive detection of DNA, while establishing a foundation for faster, more precise AMR diagnostics to improve surveillance and outbreak management of fungal infections."
"medrxiv","10.64898/2026.09.02.26362096","10.64898/2026.09.02.26362096","Neuro-Ocular Vasculopathy Associated with Fanconi Anemia: A Clinical-Radiologic Phenotypic Case Series","Waldrop G; Pandya D; Smith BR; Soldatos A; Abdelhak A; Rasool N; Mina Y; Friend C; Goldbach-Mansky R; Zhang KY; Lucas CG; Zorn KC; Sidhu S; Green AJ; Tilton I; Pleasure SJ; Giri N; Toro C; Nath A; Wilson MR; Ramachandran PS","medRxiv","2026-09-07","https://www.medrxiv.org/content/10.64898/2026.09.02.26362096","<h4>Objective</h4> To characterize the clinical, radiological, and pathological features of Neuro-Ocular Vasculopathy Associated with Fanconi Anemia (NOVA-FA). <h4>Methods</h4> Six patients with FA and neurological symptoms were phenotyped using retrospective chart review of clinical notes, neuroimaging, fluorescein angiogram, CSF analysis, and advanced research techniques including extensive infectious testing. Biopsies were reviewed in two patients. <h4>Results</h4> NOVA-FA is defined by neurological symptoms, retinal vasculopathy, accumulation of punctate cerebellar lesions and/or large mass-like lesions with surrounding vasogenic edema. Histopathology showed vasculopathy without inflammation. Treatments with immunosuppressants appeared largely ineffective. Imaging and pathology suggest a non-inflammatory small vessel vasculopathy as the primary pathology. <h4>Interpretation</h4> NOVA-FA is a recently identified condition that affects a subset of patients with FA and results in significant disability, including death. The etiology remains unknown, although the condition mimics features of the syndrome “retinal vasculopathy and cerebral leukodystrophy” which is due to dysfunction in DNA repair mechanisms. There is currently no known effective treatment. <h4>Key messages</h4> <h4>What is already known on this topic</h4> Fanconi anemia is an inherited DNA-repair disorder, and only scattered case reports and small series have described an acquired neurological and ocular condition in a subset of these patients, and often presumed to be inflammatory. A consistent clinical-radiological definition, an understanding of the underlying mechanism, and evidence to guide treatment have been lacking. <h4>What this study adds</h4> This series of six patients provides the most detailed clinical, radiological and pathological characterization of the syndrome to date, proposes the name Neuro-Ocular Vasculopathy Associated with Fanconi Anemia (NOVA-FA) with provisional diagnostic criteria, and shows that histopathology, CSF and serum biomarkers, infectious testing and treatment response together point to a non-inflammatory small vessel vasculopathy rather than a primary immune-mediated or infectious process, closely mirroring the DNA-repair disorder RVCL. <h4>How this study might affect research, practice or policy</h4> The findings argue against reflexive immunosuppression, support earlier recognition of NOVA-FA through defined criteria, and reframe it as a DNA-repair-driven vasculopathy, motivating natural-history and mechanistic studies and the evaluation of vascular-targeted therapies as FA life expectancy rises and this phenotype becomes more common. <h4>Social Media Summary If Published</h4> None of the co-authors have a X handle that we would like to be tagged. There are scant case reports about this emerging neurologic syndrome in patients with Fanconi Anemia. This study contains the most robust neurological phenotyping of these patients and explores in-depth evaluations for molecular presence of inflammation. Draft: A novel progressive neuro-ocular vasculopathy in Fanconi Anemia (NOVA-FA) presents with enhancing brain lesions and retinal changes. Likely due to microvascular DNA repair failure, not inflammation. #FanconiAnemia #Neurovascular #RareDisease"
