"source","id","doi","title","authors","journal","published_date","url","abstract"
"pubmed","42732946","10.1002/cnr2.70685","Comprehensive In Silico Analysis Identifies MSTO1 and LIG1 as Candidate Biomarkers With Diagnostic and Prognostic Relevance in Hepatocellular Carcinoma.","Hamad, Jana; Fayyad-Kazan, Hussein; Abdel-Sater, Fadi","Cancer reports (Hoboken, N.J.)","2026-09-13","https://pubmed.ncbi.nlm.nih.gov/42732946/","BACKGROUND: Hepatocellular carcinoma (HCC) is the most common primary liver malignancy and remains a major cause of cancer-related mortality worldwide. Its poor clinical outcomes are largely attributed to late-stage diagnosis and the limited accuracy of currently available diagnostic and prognostic biomarkers. Therefore, identifying novel molecular markers with improved sensitivity, specificity, and therapeutic relevance is essential for enhancing early detection and guiding personalized treatment strategies. AIMS: To identify and prioritize novel candidate HCC biomarkers with diagnostic and prognostic value and potential therapeutic vulnerability using integrated multi-omics, survival, functional dependency, and tumor microenvironment analyses. METHODS AND RESULTS: We examined the mRNA and protein expression levels of 8 DEGs in HCC tissues in the TCGA and CPTAC datasets using UALCAN, which showed that MSTO1 and LIG1 were overexpressed consistently in HCC relative to normal liver tissues. Moreover, elevated expression levels of these genes were significantly associated with higher tumor grade and advanced stage. Kaplan-Meier plotter survival data confirmed that increased expression of MSTO1 and LIG1 was associated with poorer overall survival. The DepMap CRISPR knockout data confirmed a functional dependency of both genes in HCC cell lines. CBioPortal analyses provided characterization of genomic alterations and enabled enrichment analysis of co-expressed genes, and the TCGA-UALCAN pan-cancer analyses supported the assessment of tissue specificity across tumor types. TIMER3 analyses linked candidate gene expression with immune cell infiltration patterns. Diagnostic performance by ROC analysis showed excellent discrimination for MSTO1 (AUC = 0.987) and good discrimination for LIG1 (AUC = 0.897). Multivariate Cox regression with Benjamini-Hochberg FDR correction across the eight genes supported MSTO1 as a candidate independent prognostic factor after adjustment for tumor stage, grade, etiology, age, and sex (HR = 1.29, p = 0.035), whilst LIG1 showed no independent prognostic value. Promoter methylation of MSTO1 and ADH4, assessed via UALCAN, showed that both genes were significantly differentially methylated in the promoter region of primary HCC tissues compared with normal liver tissues. Our study also confirmed the biological and clinical relevance of established HCC biomarkers: TERT, IRAK1, and ADH4. CONCLUSION: MSTO1 and LIG1 emerged as candidate diagnostic biomarkers in HCC. Additionally, MSTO1 showed a candidate prognostic association with overall survival that remained significant after adjusting for tumor stage, grade, and etiology, as well as patients' age, but not after further adjustment for AFP status. Functional data also highlighted MSTO1 as a candidate therapeutic dependency. On the other hand, LIG1 showed no independent prognostic association in either multivariate model. Their differential expression and functional essentiality in HCC cell lines highlighted their value for further experimental and independent-cohort validation before potential integration into biomarker development pipelines aimed at improving early detection and targeted therapy in HCC."
"pubmed","42732830","10.1016/j.jare.2026.09.011","Multi-omics integration identifies GmISO5 as a key regulator of seed isoflavone biosynthesis and implicates it in the response to soybean mosaic virus.","Feng, Xinkang; Sun, Daqian; Liu, Hui; Chu, Li; Li, JiaJia; Li, Delin; Zhang, Hao; Wang, Xueqing; Ge, Tianli; Zheng, Haiyang; Guo, Shiyu; Zhao, Xiangguang; Li, Jinyu; Zhao, Tuanjie; Li, Yinghui; Xiaobo-Wang; Qiu, Lijuan","Journal of advanced research","2026-09-13","https://pubmed.ncbi.nlm.nih.gov/42732830/","INTRODUCTION: Isoflavones are specialized metabolites that accumulate abundantly in soybean seeds, contributing to nutritional quality, human health benefits, and plant defense. Although the core isoflavone biosynthetic pathway has been well characterized, its upstream regulatory network and potential relationship with plant stress responses remain incompletely understood. OBJECTIVES: This study aimed to identify key regulators of seed isoflavone accumulation and to assess whether the identified regulator is associated with the soybean response to soybean mosaic virus (SMV) infection. METHODS: We integrated genome-wide and transcriptome-wide association analyses with CRISPR/Cas9-mediated knockout, transcriptome profiling, molecular interaction assays, co-expression network analysis, and population genetic analysis. RESULTS: GmISO5 was identified as a major genetic determinant of seed isoflavone content. CRISPR/Cas9-mediated knockout of GmISO5 reduced total seed isoflavones by approximately 80% and broadly altered the expression of isoflavone-pathway genes. Molecular assays demonstrated that GmISO5 directly binds to and activates the promoters of GmHIDH and GmCHS1, which encode 2-hydroxyisoflavanone dehydratase and chalcone synthase, respectively, demonstrating direct regulation at distinct steps of the isoflavone biosynthetic pathway. Transcriptome profiling and co-expression network analysis further placed GmISO5 within an isoflavone-enriched regulatory module. Following SMV inoculation, GmISO5 knockout lines exhibited more severe symptoms and higher viral accumulation, implicating GmISO5 in the response to SMV infection. Population genetic analyses showed that the low-isoflavone haplotype (GmISO5(Low)) reached 91% frequency in improved cultivars, suggesting that its enrichment may have resulted from indirect selection for seed-weight and oil-content traits associated with GmISO5(Low) rather than direct selection for reduced isoflavone accumulation. CONCLUSION: GmISO5 is a key regulator of soybean seed isoflavone accumulation that directly activates GmHIDH and GmCHS1. The increased SMV susceptibility of GmISO5 knockout lines further implicates GmISO5 in the soybean response to SMV infection, although whether reduced isoflavone accumulation directly causes the altered SMV phenotype remains to be established."
"pubmed","42732797","10.1016/j.biortech.2026.135793","Highly efficient production of 1,3-propanediol by CRISPR-Cas12a-edited Klebsiella pneumoniae using glycerol and lignocellulosic hydrolysate as co-substrates.","Wang, Li; Zhao, Mingyang; Ye, Yuanming; Feng, Cai; Sun, Yaqin; Zhu, Zhiwei; Yang, Shihui; Xiu, Zhilong","Bioresource technology","2026-09-13","https://pubmed.ncbi.nlm.nih.gov/42732797/","Efficient biosynthesis of 1,3-PDO, a key bio-based chemical, depends on precise regulation of the host metabolic network. In this study, a heterologous CRISPR-Cas12a genome editing system was established and systematically optimized in Klebsiella pneumoniae, enabling efficient and stable genome editing (75-100% efficiency). Using on this platform, by-product pathways were reduced through multi-gene deletions (frdA, poxB, adhE, ldhA, glpK, ptsG and dhaM) to enhance the yield of 1,3-PDO from glycerol. By heterologously expressing GPD1/GPP2 and optimizing promoter, a metabolic network for the ""glucose-glycerol-1,3-PDO"" pathways was reconstructed. Cometabolism studies indicated that low concentrations of xylose and arabinose as co-substrates enhanced conversion efficiency of glycerol, whereas glucose alleviated metabolic competition. Under cometabolism of glucose and glycerol, the engineered strain K. pneumoniae S2 DeltaABEAKGM-1-2 produced 1003.7 mmol/L (76.4 g/L) of 1,3-PDO with a yield of 0.83 mol/mol glycerol, an overall molar yield of 0.78 mol/mol based on total substrate consumption, and a productivity of 27.9 mmol/L/h. When lignocellulosic hydrolysate was used as co-substrate, 981.1 mmol/L (74.7 g/L) of 1,3-PDO was produced with a yield of 0.77 mol/mol glycerol and a productivity of 27.3 mmol/L/h. This study achieved efficient redirection of carbon flux toward 1,3-PDO through systematic metabolic engineering, providing valuable strain resources and technical guidance for the sustainable and cost-effective biomanufacturing of bio-based 1,3-PDO."
"pubmed","42732352","10.1093/noajnl/vdag209","Nuclear export inhibition activates TP53 pathways and is a potent therapeutic strategy in atypical teratoid rhabdoid tumors.","House, Tessa O; Alimova, Irina; Larsen, Shawna; Murdock, Gillian; Pierce, Angela; Brunt, Breauna; Tocci, Stefania; Krykunenko, Sofia; Coppola, Marissa; Erdreich-Epstein, Anat; Firestein, Ron; Serkova, Natalie J; Vibhakar, Rajeev; Tsai, Jessica W","Neuro-oncology advances","2026-09-13","https://pubmed.ncbi.nlm.nih.gov/42732352/","BACKGROUND: Atypical teratoid/rhabdoid tumor (ATRT) is an aggressive central nervous system tumor mostly affecting young children. Improved and less toxic therapies for children with ATRT are imperative due to the toxicities associated with current treatments. Furthermore, existing therapies do not address the underlying genetic drivers of ATRT. In this study, we sought to determine whether exportin-1 (XPO1) is a genetic dependency and therapeutic target in ATRT. METHODS: We utilized an integrative approach harnessing patient-derived ATRT cell lines, functional genomics, pharmacologic assays, transcriptomics, and in vivo intracranial xenograft models to systematically test the hypothesis that XPO1 is a novel dependency in ATRT. RESULTS: Analysis of RNA-sequencing datasets revealed high XPO1 expression in ATRT cells compared to other pediatric brain tumor cell lines. Both CRISPR/Cas9 genetic knockdown and pharmacologic inhibition of XPO1 using 6 selective inhibitors of nuclear export (SINEs) in patient-derived atypical teratoid/rhabdoid tumor (ATRT) cells led to significant reduction in cell viability and proliferation. Furthermore, we observed increased apoptosis, G0 phase cell cycle arrest, and upregulation of TP53 signaling pathways in cells treated with the SINE selinexor. Consistently, our transcriptomic data revealed the upregulation of apoptosis and TP53 signaling pathways and concomitant depletion of cell cycle gene sets. In vivo, selinexor in combination with radiation and cyclophosphamide led to significant reduction in tumor volume and increased animal survival in intracranial ATRT xenograft models. CONCLUSIONS: Our data reveals XPO1 as a novel genetic dependency and potent therapeutic target in ATRT."
"pubmed","42731684","10.1016/j.gene.2026.150390","B-box zinc finger transcription factor SlBBX6 negatively regulates drought and salt stress tolerance in tomato.","Li, Wenqi; Wang, Jingmin; Wang, Haiqing; Cao, Xiaoyu; Xia, Dongnan; Li, Jinghua; Cheng, Dong; Wang, Bo; Yu, Jianmei","Gene","2026-09-13","https://pubmed.ncbi.nlm.nih.gov/42731684/","Drought and salt stress severely constrain tomato growth and yield. The B-box (BBX) zinc finger transcription factor family is widely known for its roles in core developmental processes such as photomorphogenesis and flowering regulation, and its regulatory functions in abiotic stress responses have attracted increasing attention in recent years. However, the precise molecular mechanisms by which tomato BBX family members mediate drought and salt stress tolerance remain to be systematically elucidated. In this study, we functionally characterized SlBBX6, a tomato subfamily I BBX gene encoding a protein containing B-box and CCT domains. Functional validation using overexpression (OE) and CRISPR/Cas9-mediated knockout (KO) lines demonstrated that SlBBX6 negatively regulates drought and salt stress tolerance in tomato: under drought, OE lines exhibited reduced survival rates and exacerbated oxidative damage; under salt stress, they showed accelerated chlorophyll degradation and enhanced lipid peroxidation, whereas KO lines displayed enhanced tolerance to both stresses. Quantitative real-time PCR (qRT-PCR) analysis revealed that under drought stress, SlBBX6 transcriptionally represses SlAREB1, SlDREB2A, SlCAT2, and SlNCED1, attenuating abscisic acid (ABA) biosynthesis and signaling, stress responses, and antioxidant defense; under salt stress, it transcriptionally represses SlAREB1, SlDREB2A, SlP5CS1, and SlSOS1, attenuating ABA signaling, stress responses, osmotic adjustment, and the Na(+) extrusion pathway. This negative regulatory effect exhibits developmental stage specificity. Collectively, these findings identify SlBBX6 as a negative regulator of drought and salt stress responses in tomato."
"pubmed","42731613","10.1016/j.biochi.2026.09.003","Advances in CRISPR-Based Genetic Engineering of Bifidobacterium.","Lin, Xiaotong; Zhang, Yixin; Cheng, Jiayi; Chen, Jialong; Liu, Xin","Biochimie","2026-09-13","https://pubmed.ncbi.nlm.nih.gov/42731613/","Bifidobacterium plays a vital role in gut health, immunity, and metabolism, yet natural strains show limited native functional capabilities and genetic manipulability. Recent advances in genome editing, especially CRISPR-based systems, have provided novel approaches for engineering Bifidobacterium, though strain-specific variability and restriction-modification barriers remain substantial constraints. This review outlines the evolution from traditional homologous recombination to CRISPR/Cas technologies, highlighting applications of endogenous and exogenous systems, including CRISPRi/a and base editing. In preclinical and food biotechnology contexts, genetically engineered strains have shown potential as targeted delivery vehicles and functional probiotics. Despite these achievements, challenges such as strain variability, restriction-modification barriers, and biosafety concerns persist. Where genetic accessibility can be established, the integration of CRISPR technology with synthetic biology may enable more precise gene regulation and could support the development of next-generation engineered Bifidobacterium-based platforms."
"pubmed","42731312","10.1016/j.bios.2026.119213","Thermal-enhanced atypical suboptimal PAM-dependent CRISPR/Cas12a amplification for detecting BCR1-Type PML::RARalpha fusion and L217F mutation.","Lu, Tai-Cheng; Tian, Hui-Yun; Zuo, Si-Yi; Lin, Chen-Han; Lei, Yun; Liu, Ai-Lin; Li, Xin","Biosensors & bioelectronics","2026-09-13","https://pubmed.ncbi.nlm.nih.gov/42731312/","Current clinical methods for detecting low-abundance PML::RARalpha fusion and drug-resistant single-base mutations face significant challenges, highlighting the urgent need for a rapid, sensitive, cost-effective genetic detection method for diagnosing acute promyelocytic leukemia. The CRISPR/Cas12a system has emerged as a revolutionary tool in nucleic acid detection. However, its applications are frequently constrained by the requirement for protospacer adjacent motifs (PAMs). In this study, we demonstrated that a moderate temperature increase enhanced CRISPR/Cas12a activity while allowing the use of atypical suboptimal PAMs. Utilizing a PCR-driven, suboptimal PAM-dependent CRISPR/Cas12a cascade, we sensitively detected the BCR1-type PML::RARalpha fusion with a detection limit of 0.1 aM. This method effectively identified low-abundance mutant cells in the presence of wild-type cells and demonstrated its efficacy in detecting minimal residual disease samples from patients with relapsed acute promyelocytic leukemia. Additionally, we developed a sensitive approach for detecting L217F single-base mutations using a cascade strategy of polymerase chain reaction, ligase chain reaction and CRISPR/Cas12a, achieving a detection limit of 10 aM in various wild-type DNA samples. Consequently, these methods hold considerable promise for the rapid diagnosis of acute promyelocytic leukemia, the sensitive detection of and the low-abundance drug-resistance nucleic acid mutations."
"pubmed","42730668","10.3791/73225","Genetic Deletion of Cis-Regulatory Elements to Dissect the Function of the Non-coding Genome in human Preimplantation Models.","Huang, Yunying; Wentink, Merel; Fueyo, Raquel","Journal of visualized experiments : JoVE","2026-09-13","https://pubmed.ncbi.nlm.nih.gov/42730668/","Cis-regulatory elements coordinate gene expression in a spatially and temporally controlled manner and contribute to the establishment of distinct cellular states during development. A substantial proportion of transcriptionally active cis-regulatory elements in primate embryos originated from ancient retroviral integrations into the germline. These endogenous retroviruses, also known as long terminal repeat retrotransposons, retain intrinsic regulatory activity and are often species-specific, making them strong candidates for regulating species-divergent aspects of embryonic development. Ethical and legal restrictions on human embryo research have historically limited direct investigation of gene regulation during human embryogenesis. Human naive pluripotent stem cells and three-dimensional stem cell-based blastocyst models provide alternative systems for studying early developmental processes. This protocol describes the CRISPR-Cas9-mediated deletion of endogenous retrovirus-derived cis-regulatory elements in human naive pluripotent stem cells. Preassembled Cas9 and single-guide RNA ribonucleoprotein complexes are delivered by nucleofection, followed by single-cell cloning, PCR-based genotyping, Sanger sequencing, expansion, cryopreservation, and genomic stability assessment of the edited lines. The resulting wild-type, heterozygous, and homozygous or hemizygous deletion clones provide a platform for investigating the contribution of individual endogenous retrovirus-derived elements to gene regulation in human preimplantation models. This method enables direct functional interrogation of species-specific non-coding regulatory sequences and supports the study of transcriptional mechanisms involved in early human development."
"pubmed","42730576","10.1002/2211-5463.70341","IGF2 knockout reduces but does not abolish osteosarcoma growth in vitro and in vivo.","Yao, Shun; Archetti, Marco","FEBS open bio","2026-09-13","https://pubmed.ncbi.nlm.nih.gov/42730576/","Insulin-like growth factor 2 (IGF2) is implicated in osteosarcoma, but direct functional evidence of its role is lacking. Here, we used CRISPR-Cas9 to knock out IGF2 in Saos2 osteosarcoma cells. Knockout cells showed reduced proliferation in vitro which was fully restored by exogenous IGF2. In vivo, knockout xenografts reached only ~25% of wild-type tumor volume. Furthermore, transcriptomic analysis revealed depletion of angiogenesis-related genes but no major changes in IGF2 pathway components. Finally, while integration with receptor dependency data suggested alternative signaling pathways, IGF2 loss remained functionally limiting. These findings demonstrate that IGF2 promotes osteosarcoma proliferation and tumor growth but is not strictly essential for survival."
"pubmed","42730193","10.1093/noajnl/vdag218","A 3D in vitro co-culture model to investigate tumor-endothelial interactions in Neurofibromatosis type 2-associated meningiomas.","Bhattacharyya, Srirupa; Beauchamp, Roberta L; Ramesh, Vijaya","Neuro-oncology advances","2026-09-13","https://pubmed.ncbi.nlm.nih.gov/42730193/","BACKGROUND: Neurofibromatosis type 2 (NF2)-associated meningiomas and schwannomas are vascular tumors, and while vascular endothelial growth factor (VEGF) inhibition with bevacizumab has benefited some NF2-related schwannomas, most NF2-associated meningiomas remain nonresponsive. METHODS: Leveraging our transcriptomic data, we performed Gene Ontology (GO) analysis comparing NF2-deficient meningioma cells with NF2-expressing arachnoid cells (ACs). We then established a 3D in vitro angiogenesis model by co-culturing NF2-null meningioma cells with human umbilical vein endothelial cells (HUVECs). Endothelial sprouting was assessed by CD31/PECAM immunostaining. Effects of third-generation mechanistic target of rapamycin complex 1 (mTORC1)-selective inhibitor RMC-6272 as well as APLN knock-out using CRISPR-Cas9 gene editing were also examined. RESULTS: GO analysis identified vascular development among the top significantly upregulated pathways in NF2-deficient cells. In 3D co-culture, ECs formed radially sprouting tube-like networks from the spheroid surface, and our data supports an angiogenesis phenotype driven by meningioma cells. Given these results along with hyperactivation of mTORC1 upon NF2-deficiency, we examined whether RMC-6272 disrupts meningioma-driven angiogenesis. RMC-6272 potently suppressed EC sprouting. Cross-referencing baseline transcriptomic data, we identified Apelin (APLN), the ligand for APLN receptor (APLNR), as a basally upregulated angiogenic factor in NF2-deficient meningiomas. Quantitative RT-PCR (qRT-PCR) confirmed increased APLN expression in NF2-null immortalized and patient-derived meningioma lines, with reduced expression upon mTORC1 inhibition. Apelin-13 stimulation enhanced sprouting, whereas APLN deletion reduced endothelial sprouting. CONCLUSIONS: Here we establish a 3D-tumoroid model and implicate tumor-derived Apelin as an important contributor to NF2-associated meningioma angiogenesis. Our data also suggest that APLN expression is regulated, at least in part, by mTORC1. Together, these results provide a preclinical platform for investigating angiogenic vulnerabilities beyond VEGF in NF2-deficient meningiomas."
"pubmed","42729927","10.3389/fmed.2026.1930231","Mechanisms of and mitigating strategies for cellular immune responses to CRISPR-associated nucleases in genome editing therapy.","Hu, Bryan; Gutty, Venkata Sumanth Reddy; Herzog, Roland W; Duan, Dongsheng","Frontiers in medicine","2026-09-13","https://pubmed.ncbi.nlm.nih.gov/42729927/","Immunogenicity of CRISPR-associated nucleases (Cas) is a critical barrier to the development of safe and effective genome editing therapies. These proteins inherently pose a risk of immune recognition due to their prokaryotic origins. A multitude of factors, such as the delivery vehicle, the route of administration, components of the therapeutics, tissue microenvironment, and pre-existing immunity, also contribute to the complexity of the host immune response to Cas proteins. As CRISPR-based therapies advance into clinical settings, it is imperative to elucidate and address the immunogenicity of Cas proteins. Here, using Cas9 as an example, we review the current understanding of Cas protein immunogenicity, the challenges it poses for therapeutic application, and strategies to mitigate cellular immune responses to Cas proteins."
"pubmed","42729649","10.34133/cancomm.0048","NBR1-Mediated Autophagic Degradation of YTHDF1 Curtails FDX1 Translation to Drive Concurrent Multikinase Inhibitor Resistance and Cuproptosis Tolerance.","Wang, Weikai; Jiang, Xin; Chen, Xiaona; Liang, Kaiyu; Chen, Miaoqin; Lu, Kaizhong; Wei, Qi; Wu, Yuchen; Zhu, Liyuan; Chen, Yuan; Hou, Tianlun; Luo, Jingfeng; Li, Chentao; Wang, Xian; Jin, Hongchuan; Feng, Lifeng","Cancer communications (London, England)","2026-09-13","https://pubmed.ncbi.nlm.nih.gov/42729649/","Background: Cancer cells frequently acquire adaptive resistance to targeted therapies; however, strategies capable of concurrently overcoming treatment tolerance and reactivating cell death pathways are currently lacking. Here, we investigated the dual role of ferredoxin 1 (FDX1) in modulating both multikinase inhibitor (MKI) sensitivity and cuproptosis susceptibility in hepatocellular carcinoma (HCC), and sought to develop a therapeutic approach for reversing resistance. Methods: HCC models, both in vitro and in vivo, were employed to investigate the role of FDX1 in MKI resistance and cuproptosis evasion. Polysome profiling, SunTag translation reporters, CRISPR-Cas9 mutagenesis, and mass spectrometry were employed to delineate the underlying mechanisms. A codelivery nanoliposome system was engineered and tested in orthotopic HCC models. Results: Prolonged exposure to MKIs led to the down-regulation of FDX1 protein levels, resulting in MKI resistance and cuproptosis tolerance in HCC both in vitro and in vivo. Mechanistically, we found that MKIs inactivated protein kinase B (PKB, also known as AKT)-mechanistic target of rapamycin (mTOR) signaling, thereby suppressing the SET and MYND domain-containing protein 2 (SMYD2)-mediated methylation of YTH domain family protein 1 (YTHDF1) at lysine 515 (K515). Hypomethylated YTHDF1 was degraded via next to BRCA1 gene 1 protein (NBR1)-dependent autophagy, leading to the repression of N6-methyladenosine modification-dependent translation of FDX1 mRNA. FDX1 deficiency drove MKI resistance by reactivating AKT survival signaling while impairing cuproptosis through reduced divalent copper ions (Cu(2+)) to monovalent copper ions (Cu(+)) conversion and the loss of protein lipoylation. Additionally, restoring FDX1 expression through NBR1 knockdown or YTHDF1 overexpression overcame MKI resistance and resensitized HCC cells to cuproptosis. Finally, a nanoliposomal system, super cuproptosis detonator liposome, designed for the codelivery of NBR1 small interfering RNA, a copper ionophore, and sorafenib restored FDX1-dependent cuproptosis and exhibited marked anti-HCC efficacy, suppressing HCC growth in vivo. Conclusions: MKIs suppressed SMYD2-mediated YTHDF1 methylation at K515 via the inactivation of AKT-mTOR signaling. This led to the inhibition of FDX1 translation, resulting in AKT signaling reactivation and protein lipoylation impairment, effects that contributed to both MKI resistance and cuproptosis tolerance in HCC. Overcoming MKI resistance and resensitizing cells to cuproptosis by targeting NBR1-mediated YTHDF1 degradation using a nanoliposomal codelivery system represents a promising strategy for HCC treatment."
"pubmed","42729520","10.3389/fpls.2026.1942553","Functional divergence of two soybean cytosolic serine hydroxymethyltransferases in development and defense against soybean cyst nematode.","Gamage, Vinavi A; Owuocha, Luckio F; Lin, Feng; Li, Zenglu; Beamer, Lesa J; Mitchum, Melissa G","Frontiers in plant science","2026-09-13","https://pubmed.ncbi.nlm.nih.gov/42729520/","Serine hydroxymethyltransferase (SHMT) is an enzyme essential for one-carbon metabolism. In higher plants, multiple SHMT genes code for isoforms that function in the cytosol, nucleus, mitochondria, and chloroplasts. The soybean genome contains two cytosolic SHMTs, GmSHMT05 and GmSHMT08, sharing high sequence identity and similar expression throughout soybean development. In certain soybean genotypes, two amino acid substitutions negatively impact GmSHMT08's ability to bind to tetrahydrofolate (THF), leading to a gain-of-function in resistance to the soybean cyst nematode (SCN). Whether this perturbation to the enzyme has other functional consequences for soybean growth and development remains unknown. Here, we investigated the roles of cytosolic GmSHMTs in soybean growth and development. We determined that the 3D structure and folate-binding affinity of GmSHMT05 are highly similar to the version of GmSHMT08 found in susceptible soybeans. We further measured phenotypic traits of two ethyl methanesulfonate-derived Gmshmt08 mutant plants in an SCN-resistant soybean background. Aboveground soybean growth and development were similar, except the Gmshmt08 mutant plants showed a significant increase in pods/plant in field phenotyping trials. Belowground analyses revealed a significant increase in lateral root and total root length in mutant plants, and CRISPR-Cas9 editing demonstrated an essential role of cytosolic SHMTs in root growth. Taken together, our results indicate that GmSHMT05 sustains overall soybean growth and development in the absence of GmSHMT08; however, GmSHMT08's gain-of-function in SCN resistance negatively influences pod and root growth, highlighting a potential trade-off between soybean defense and development that may impact yield when breeding with GmSHMT08 to develop SCN-resistant varieties."
"pubmed","42728538","10.1007/s11274-026-05265-6","Phytoplasma-plant interactions: effector-mediated host reprogramming, hormonal crosstalk, metabolic alterations and plant-mediated vector manipulation.","Kumar, Ravinder; Maurya, Rasna; Maity, Ayan; Tiwari, Rahul Kumar; Lal, Milan Kumar; Roy, Anirban; Yadav, Rashmi; Rao, Govind P","World journal of microbiology & biotechnology","2026-09-13","https://pubmed.ncbi.nlm.nih.gov/42728538/","Phytoplasmas are wall-less, phloem-restricted bacterial pathogens that infect over 1,000 plant species, causing substantial losses in agriculture, horticulture, and forestry worldwide. Despite their reduced genomes and limited metabolic autonomy, these obligate parasites colonize diverse hosts through secreted effector proteins that extensively reprogram plant development, metabolism, immune signalling, and vector interactions. Advances in genomics, transcriptomics, proteomics, metabolomics, and functional studies have substantially clarified the molecular basis of phytoplasma pathogenicity and symptom development. This review synthesizes current understanding of phytoplasma-plant interactions, covering phytoplasma biology, genome evolution, and the infection cycle across plant and insect vector hosts. We examine the molecular functions of key effectors, SAP11, SAP54/PHYL1, SAP05, TENGU, SWP1, and recently identified virulence factors, focusing on how they target host transcription factors, phytohormone networks, protein degradation pathways, and immune responses to promote colonization and disease progression. We further discuss how phytoplasma infection disrupts phytohormone signalling, primary and secondary metabolism, and developmental programs to produce characteristic disease symptoms, with particular attention to pathogen-induced changes in host volatiles and nutritional quality that alter vector behaviour and enhance transmission. Finally, we summarize insights from multi-omics studies and emerging management strategies, including CRISPR-based genome editing, RNAi, rapid molecular diagnostics, resistant cultivars, microbiome-based approaches, and sustainable vector control, and highlight key knowledge gaps and priorities for developing effective, environmentally sustainable phytoplasma disease management."
"pubmed","42728307","10.1038/s41556-026-02063-y","4D nucleome landscape reveals dissolution of bipartite active X chromosome in liver cancer development.","Xie, Xiaoli; Tan, Delin; Mo, Jingyun; Xu, Yang; Ni, Qingqiang; Liu, Ting; Wang, Huaiming; Chen, Bingjie; Liao, Yujia; Lin, Yingnan; Chen, Wanting; Luo, Susu; Fang, Qing; Zhao, Menglan; Yu, Yangyinhui; Zheng, Cunjing; Cui, Ruolin; Wang, Jiaying; Chang, Hong; Gong, Qing; Cheng, Alfred Sze-Lok; Jiang, Huiqing; Li, Tingting; Wang, Jia","Nature cell biology","2026-09-12","https://pubmed.ncbi.nlm.nih.gov/42728307/","Changes of three-dimensional chromosome organization in cancers are well established, but little focus has been placed on the behaviour of X chromosome (chrX). Here we show that hepatic chrX of male mice exhibits chromosome segregation, which is attenuated during hepatocellular carcinoma (HCC) development. Using F1 hybrid mice, we find that both conformation change and gene activation on male active chrX (Xa) are more pronounced than those on female Xa, which is correlated with male bias in liver diseases. Of note, analysis of human hepatic tissues demonstrates that normal Xa possesses a bipartite mega-domain structure, which is dissolved in fibrotic and HCC tissues across both sexes. This bipartite Xa is liver-specific, and shows little correlation with ploidy status. Furthermore, deletion of the megabase-scale Xa boundary via CRISPR-Cas3 disrupts the bipartite Xa conformation and drives a premalignant transition. Together, this comprehensive analysis highlights a key role of Xa conformation change in promoting HCC development."
"pubmed","42728037","10.1080/14737159.2026.2733166","Innovations in the diagnosis of Pythium insidiosum keratitis: molecular advances and the path to point-of-care testing.","Gurnani, Bharat; Kaur, Kirandeep","Expert review of molecular diagnostics","2026-09-11","https://pubmed.ncbi.nlm.nih.gov/42728037/","INTRODUCTION: Pythium insidiosum keratitis is an aggressive, vision-threatening corneal infection that closely mimics fungal keratitis clinically and on smear microscopy, frequently delaying targeted therapy and appropriate surgical intervention. Rapid and reliable molecular diagnosis is therefore critical, particularly given the small-volume, low-biomass nature of corneal specimens encountered in routine ophthalmic practice worldwide, especially in endemic regions with limited diagnostic infrastructure. AREAS COVERED: This review summarizes advances in molecular diagnostics for Pythium insidiosum keratitis, including conventional and nested PCR, duplex and multiplex PCR, real-time PCR, high-resolution melt analysis, loop-mediated isothermal amplification (LAMP), colorimetric LAMP, metagenomic sequencing, and CRISPR-based platforms. Key diagnostic targets such as ITS, 18S rRNA, COX2, and PinsEXO1 are evaluated for analytical sensitivity, specificity, turnaround time, contamination control, and applicability in endemic, resource-limited settings and peripheral ophthalmic centers with limited infrastructure and limited availability of trained personnel. EXPERT OPINION: Future progress will depend on integrating robust molecular targets with closed-tube, contamination-resistant amplification platforms within tiered diagnostic systems. Colorimetric LAMP offers immediate translational potential, while PinsEXO1-based assays enhance specificity. CRISPR-based detection and microfluidic integration remain promising but require rigorous validation in ocular specimens before routine clinical adoption in diverse real-world settings globally, across varied healthcare systems and populations."
"pubmed","42727848","10.1016/j.jbc.2026.113551","Genetic and biochemical screens identify MGAT1 as a druggable glycosyltransferase target in STK11-mutant lung cancer.","Vassallo, Kiera M; Chen, Ying-Nan P; Handing, Katarzyna B; Lu, Alvin Z; Meier, Samuel R; Liu, Shangtao; Shen, Binzhang; Teng, Teng; Yu, Yi; Ji, Lei; Lazarides, Katherine; Huang, Alan; Min, Chengyin; Haines, Brian B; Mallender, William D; Sun, Sining; Liu, Mu-Sen; Amor, Alvaro J; Whittington, Douglas A; Salerno, Rebecca; Bruzzese, Frank J; Maxwell, John P; Maynard, Andrew; McCarren, Patrick; Come, Jon H; Throner, Scott; Andersen, Jannik N; Zhang, Wenhai; Gueroussov, Serge","The Journal of biological chemistry","2026-09-11","https://pubmed.ncbi.nlm.nih.gov/42727848/","Checkpoint inhibitors are standard-of-care therapies for non-small cell lung cancer (NSCLC), but their efficacy is limited in tumors with STK11 mutations, highlighting the need for new therapeutic strategies. Here, we performed complementary in vivo and in vitro CRISPR-Cas9 functional genomic screens to identify genes whose loss restores sensitivity to anti-PD-1 therapy. We found that loss of MGAT1, a Golgi glycosyltransferase critical for the maturation of high-mannose N-glycans into hybrid and complex glycan structures, reversed resistance to anti-PD-1 treatment in syngeneic mouse tumor models harboring STK11 mutations. Parallel co-culture screens with antigen-matched CD8(+) T cells further showed that disruption of N-glycosylation strongly sensitized tumor cells to T cell-mediated killing. Genetic rescue studies demonstrated that this immune-evasion phenotype depends on MGAT1 catalytic activity, supporting direct biochemical interrogation of the enzyme. Using purified human MGAT1 and a UDP-Glo glycosyltransferase assay, we established a tractable screening platform and performed a 500,000-compound biochemical high-throughput screen, identifying an initial hit (compound 1; IC(50) = 197 muM). Subsequent medicinal chemistry optimization delivered progressively more potent analogs, including TNG-9333 (0.814 muM) and TNG-2673 (0.043 muM) and represented a >1000-fold improvement in biochemical potency from the starting hit. Crystal structures of human MGAT1 in apo, UDP-bound, UDP-GlcNAc-bound, and inhibitor-bound states, together with SPR and DSF analyses, revealed that this chemical series engages a previously unrecognized allosteric pocket and inhibits MGAT1 through a UDP-noncompetitive mechanism. Collectively, our work implicates N-glycosylation as a key mediator of immune evasion and establishes MGAT1 as a ligandable, structurally tractable target for small-molecule drug discovery."
"pubmed","42727845","10.1016/j.jbc.2026.113547","The phosphate exporter XPR1 promotes gasdermin D-independent mature IL-1beta secretion.","Remy, Nathalie; Six, Charlotte; Tury, Sandrine; Van Schaftingen, Emile; Battini, Jean-Luc; Lucas, Sophie; Coulie, Pierre G; Gomard, Tiphanie","The Journal of biological chemistry","2026-09-11","https://pubmed.ncbi.nlm.nih.gov/42727845/","Interleukin (IL)-1beta is a leaderless inflammatory cytokine that is not secreted via the classical endoplasmic reticulum-Golgi pathway. Instead, m(ature) IL-1beta secretion is classically associated with pyroptosis, a caspase-dependent inflammatory cell death mediated by gasdermin D (GSDMD) pore formation at the plasma membrane. However, human monocytes can secrete mIL-1beta in the absence of cell death, and the contribution of GSDMD in this secretory pathway remains poorly defined. Here, we distinguished two pathways for mIL-1beta secretion in living human monocytic cells : a rapid, GSDMD-dependent pathway and a slower, GSDMD-independent pathway. Using a genome-wide CRISPR-Cas9 screen, we identified XPR1 (Xenotropic and Polytropic retrovirus Receptor 1) as a regulator of the GSDMD-independent pathway. XPR1, the only phosphate exporter identified in metazoans, has not previously been implicated in cytokine secretion. Genetic invalidation of XPR1 in GSDMD-deficient monocytic cells markedly reduced IL-1beta secretion. We further showed that this regulatory function requires XPR1 surface expression and phosphate export activity. These findings reveal an unexpected link between phosphate homeostasis and non-lytic mIL-1beta secretion, opening new opportunities to modulate IL-1beta-driven inflammatory diseases."
"pubmed","42727791","10.1016/j.canlet.2026.218818","Complement C5a Fosters Tumor-promoting Immunity by Recruiting regulatory T cells in hepatocellular carcinoma.","Huang, Run; Chu, Tianhao; Zhu, Guiqi; Tao, Chenyang; Qu, Weifeng; Fang, Yuan; Gao, Jun; Fu, Xiutao; Ding, Zhenbin; Liu, Weiren; Zhou, Jian; Shi, Yinghong; Fan, Jia; Tang, Zheng","Cancer letters","2026-09-11","https://pubmed.ncbi.nlm.nih.gov/42727791/","Anaphylatoxins are active complement components that regulate immune cells. However, their role in shaping the tumor immune microenvironment (TIME) in hepatocellular carcinoma (HCC) remains poorly understood. This study utilized CRISPR/Cas9 technology to knock out complements proteins C3 or C5 in mouse liver cancer cells. Both in vivo and in vitro experiments revealed that C5 knockout significantly inhibited tumor growth in mouse models. Moreover, C5ar1-knockout mice were generated using C57BL/6J mice, and immune cell profiles within subcutaneous tumors were analyzed using mass spectrometry and flow cytometry. The results demonstrated that C5ar1 knockout significantly reduced the infiltration of regulatory T cells (Tregs) and M2-like tumor-associated macrophages (TAMs) into the TIME. Conversely, the infiltration of effector CD8(+) T cells, known for their tumor-killing activity, was markedly enhanced. Mechanistically, C5a was shown to promote the M2-like polarization of macrophages and the C-C-motif chemokine ligand 5 (CCL5) expression by activating the AKT signaling pathway. Further studies identified TAM-derived CCL5 as a key driver of the chemotactic activity of Tregs. Finally, blocking the C5a/C5ar1 axis synergistically enhanced the anti-tumor effects of PD-1 monoclonal antibody in both transplanted and spontaneous liver cancer mouse models. Overall, these findings reveal that cancer cell-derived anaphylatoxin C5a plays a pivotal role in promoting an inhibitory TIME in liver tumor tissues. Blocking the C5a/C5ar1 axis in combination with immune checkpoint inhibitors could represent a promising strategy for treating HCC."
"pubmed","42727579","10.1016/j.ajhg.2026.08.016","A highly prevalent lupus risk haplotype increases IRF7-dependent induction of IFN-alpha, enhancing antiviral defense and exacerbating autoimmunity.","Virolainen, Samuel J; Creighton, Kathryn; Dashtiahangar, Maryam; Krishnamurthy, Durga; Parks, Lois; Forney, Carmy; Ampadu, Britney; Rudrapatna, Akshata N; Dunn, Katelyn A; Parameswaran, Sreeja; Hesse, Hayley K; Chen, Xiaoting; VonHandorf, Andrew; Edsall, Lee E; Yin, Cailing; Lynch, Arthur; Gittens, Olivia; Diouf, Arame A; Jones, Sydney H; Hass, Matthew; Javier, Ellen; Donmez, Omer; Keddari, Yasine; Danzinger, Oded; Seelamneni, Harsha; Namjou-Khales, Bahram; Ainsworth, Hannah C; Comeau, Mary E; Marion, Miranda C; Glenn, Stuart B; Nath, Swapan K; Freedman, Barry I; Tsao, Betty P; Kamen, Diane L; Brown, Elizabeth E; Gilkeson, Gary S; Alarcon, Graciela S; Reveille, John D; James, Judith A; Criswell, Lindsey A; Vila, Luis M; Alarcon-Riquelme, Marta E; Petri, Michelle; Scofield, R Hal; Kimberly, Robert P; Ramsey-Goldman, Rosalind; Bae, Sang-Cheol; Graham, Deborah Cunninghame; Vyse, Timothy J; Guthridge, Joel M; Gaffney, Patrick M; Langefeld, Carl D; Kelly, Jennifer A; Kaufman, Kenneth M; Sivils, Kathy L; Harley, John B; Shen, Nan; Lawson, Lucinda P; Baglaenko, Yuriy; Miraldi, Emily R; Rosenberg, Brad R; Siggers, Trevor; Waggoner, Stephen N; Weirauch, Matthew T; Kottyan, Leah C","American journal of human genetics","2026-09-11","https://pubmed.ncbi.nlm.nih.gov/42727579/","Genome-wide association studies have identified genetic polymorphisms at 11p15 associated with systemic lupus erythematosus (lupus). Statistical fine mapping prioritizes a highly prevalent coding haplotype within IRF7. Analysis of ancient DNA confirms that this haplotype has persisted at high frequencies in the global population for millennia. The IRF7 risk haplotype is sufficient to increase nuclear localization of IRF7 and transcriptional activity downstream of pattern recognition receptor pathways. This risk haplotype increases IRF7 DNA-binding strength and alters IRF7 DNA sequence specificity, resulting in genotype-dependent increases in interferon-alpha production in numerous biological systems, including monocytes and airway epithelial cells. CRISPR engineering of the corresponding risk variant in mouse Irf7 results in both enhanced innate control of virus infection and increased autoantibody titers in a model of autoimmunity. Altogether, we establish a persistent and prominent IRF7 haplotype that amplifies IRF7 activity in a manner that has immunological risks and benefits."
"pubmed","42727495","10.1016/j.bios.2026.119217","CRISPR/Cas14a-SNPT: An engineered sgRNA mismatch-enabled platform for ultrasensitive SNP typing in hereditary G6PD deficiency.","Chai, Luwei; Cui, Xinge; Xu, Qisi; Li, Chenxi; Xie, Yong; Tong, Keya; Le, Tao","Biosensors & bioelectronics","2026-09-11","https://pubmed.ncbi.nlm.nih.gov/42727495/","Single-nucleotide polymorphism (SNP) detection plays a critical role in early screening and genotyping of genetic diseases. In this study, hereditary glucose-6-phosphate dehydrogenase (G6PD) deficiency was used as a model to develop a CRISPR/Cas14a-based SNP genotyping platform (CRISPR/Cas14a-SNPT). The platform integrates recombinase polymerase amplification (RPA) signal amplification with optimized sgRNA design. By introducing a shortened optimized sgRNA (op-sgRNA) to enhance Cas14a activity, together with engineered sgRNA mismatch regulation, the system enables rapid, highly sensitive, and high-resolution SNP detection. The results demonstrated a limit of detection of 1 copy/muL for plasmid templates, and reliable discrimination of variant allele frequencies as low as 0.1%. In clinical validation, the method successfully identified three hotspot mutations (c.95A > G, c.1388G > A, and c.1376G > T) in 13 human blood samples, showing excellent agreement with pyrosequencing results. Furthermore, molecular dynamics simulations revealed the regulatory mechanism of Cas14a mismatch recognition at the molecular level, suggesting that additional mismatches induce duplex relaxation and structural compensation effects, thereby enhancing target discrimination specificity. This study provides an efficient and practical strategy for accurate genotyping and prenatal carrier screening of G6PD deficiency-associated SNPs, demonstrating strong potential for rapid detection of clinically relevant SNPs."
"pubmed","42726641","10.1016/j.celrep.2026.117961","Genome-wide CRISPR screens map synthetic lethal interactions across recurrent cancer driver alterations.","Desjardins, Jessica; Bowlan, Julian; Bernier, Cynthia; Jain, Srishti; Goullet de Rugy, Theo; Gallo, David; Orcholski, Mark E; Laterreur, Nancy; Rajah, Abira; Miller, Joshua; Lafontaine, Jennifer; Bhaskaran, Vivek; Li, Li; Ling, Alexanda; Leblanc, Jesse H; Mathieu, Marie-Claude; Zinda, Michael; Morris, Stephen J; Durocher, Daniel; Zimmermann, Michal; Roulston, Anne; Veloso, Artur; Fiore, Chris; Alvarez-Quilon, Alejandro; Young, Jordan T F","Cell reports","2026-09-11","https://pubmed.ncbi.nlm.nih.gov/42726641/","Synthetic lethality (SL) provides a treatment paradigm for targeting cancer with alterations in driver genes that are not conventionally druggable, including tumor suppressor genes. We execute a series of genome-wide CRISPR screens using functionally validated isogenic cell lines and conduct a large-scale SL analysis using data from the cancer dependency map (DepMap). We chart SL interactions across 15 driver alterations: FBXW7, CCNE1, CDK12, ARID1A, KMT2D, DNMT3A, TET2, KEAP1, STK11, IDH1, SF3B1, SRSF2, U2AF1, chromosome 18q loss, and chromosome 13q loss. We show validation of several SL interactions, including ARID1A and the hexosamine biosynthetic pathway aminotransferase GFPT1, STK11 with CAMK protein kinase MARK2, FBXW7 and the CDK1 regulatory kinase PKMYT1, and CCNE1 amplification and the anaphase-promoting complex or cyclosome (APC/C). In summary, this study offers a rich resource of genetic interactions across cancer drivers enabling the discovery of biological insights and drug targets for future therapeutic development."
"pubmed","42726165","10.1007/s10695-026-01779-w","Impaired leptin A signaling disrupts hepatic lipid metabolism and growth in female medaka (Oryzias latipes).","Li, Shilin; Jiang, Yuang; Zhang, Siyuan; Yang, Jihui; Wang, Ying; Chen, Juan; Yu, Shiqi; Li, Chenjie; Tu, Huaming; Zhao, Yongpeng; Guan, Guijun; Chen, Liangbiao","Fish physiology and biochemistry","2026-09-11","https://pubmed.ncbi.nlm.nih.gov/42726165/","Leptin is a central regulator of appetite and energy metabolism in vertebrates, and its deficiency in mammals typically results in hyperphagia and severe obesity. In fish, however, the physiological roles of leptin remain less clearly defined, partly due to the whole genome duplication (WGD) and divergent expression patterns. In this study, we generated a leptin A (lepa) loss-of-function mutant in medaka (Oryzias latipes) using CRISPR/Cas9 to investigate the function of leptin signaling. Phenotypic analysis revealed that female homozygous mutants exhibited significantly reduced body length and body weight compared with wild-type females, indicating growth impairment. Unexpectedly, despite their lean phenotype, the female mutants developed pronounced hepatic steatosis accompanied by the formation of spongiosis hepatis structures, while no obvious fibrosis was detected. To explore the molecular mechanisms underlying these abnormalities, transcriptomic profiling of mutant livers was performed. Differentially expressed genes were significantly enriched in pathways related to lipid metabolism, including Fatty acid metabolism and PPAR signaling pathway, suggesting a potential reduction in hepatic fatty acid beta-oxidation capacity. In addition, genes involved in endoplasmic reticulum stress, autophagy, and apoptosis were altered, indicating transcriptional changes in cellular stress-response pathways under leptin A deficiency. Together, these findings suggest that leptin A may play an important role in coordinating growth and hepatic lipid metabolism in medaka and highlight potential differences in leptin-mediated metabolic regulation between fish and mammals."
"pubmed","42726127","10.1083/jcb.202602106","Rhomboid protease Rhbdl2 influences macrophage recruitment and wound repair in zebrafish.","Gourkanti, Saroj; Ramakrishnan, Gayathri; Cheung, Jacqueline; Schoen, Taylor J; Munoz, Yazmin; Chavez, Rosa M; Dohnalek, Jan; Martin, Katie; Lovett-Barron, Matthew; Whisenant, Thomas; Strisovsky, Kvido; Neal, Sonya E","The Journal of cell biology","2026-09-11","https://pubmed.ncbi.nlm.nih.gov/42726127/","Wound repair requires tight control of immune cell behavior, yet the mechanisms that restrain immune-driven wound repair responses remain poorly defined. Here, we demonstrate that rhomboid intramembrane serine protease Rhbdl2 influences wound repair in zebrafish. We generated rhbdl2 mutants using CRISPR-Cas9 and found that, although Rhbdl2 is dispensable for normal development, its loss triggers enhanced wound repair following injury. This regenerative phenotype is accompanied by increased macrophage migration speed and accumulation at the wound site, as well as elevated early apoptosis and cell proliferation. Proteomic analyses reveal increased Rac2 protein levels in rhbdl2 mutants, which was previously identified as a regulator of leukocyte motility. Functionally, Rac2 morpholino-mediated knockdown in rhbdl2 mutant larvae suppresses the elevated macrophage recruitment and enhanced tissue repair phenotype. Together, these findings identify Rhbdl2 as a modulator of macrophage recruitment to the wound site during tissue repair, with implications for inflammatory disease, fibrosis, and tumor-immune interactions."
"pubmed","42725884","10.7554/eLife.111773","Intersecting experimental evolution and CRISPR screens to identify novel toxin resistance loci.","Marconcini, Michele; Cruchet, Steeve; Goswami, Srishti; Viswanatha, Raghuvir; Butnaru, Matthew; De, Joydeep; Roselli, Camilla; Hadjieconomou, Dafni; Perrimon, Norbert; Mohr, Stephanie E; Benton, Richard","eLife","2026-09-11","https://pubmed.ncbi.nlm.nih.gov/42725884/","Understanding toxin resistance in insects is key to appreciating niche adaptations but remains challenging due to its often-polygenic basis. A well-known example is the specialized association of Drosophila sechellia with noni fruit (Morinda citrifolia), which is toxic to other insects, including Drosophila simulans and Drosophila melanogaster. The main noni toxin is octanoic acid (OA), but the mechanisms that determine sensitivity or resistance to OA in different species remain unclear. Here, we experimentally evolved D. simulans with increased OA resistance, identifying multiple loci under selection. Cross-referencing these with a genome-wide, OA resistance CRISPR screen in a D. melanogaster cell line highlighted two proteins: Kraken, a putative detoxification enzyme expressed in digestive and renal tissues, and Alkbh7, a mitochondrial protein linked to fatty acid metabolism. Both genes show elevated expression in D. sechellia and OA-resistant D. simulans. In D. melanogaster, kraken mutants are more OA-sensitive, while Alkbh7 overexpression increased OA resistance. Mutation of these genes in D. sechellia reduced OA tolerance. Our identification of genes contributing to OA resistance in laboratory and natural contexts demonstrates how complementary selection approaches can provide insights into complex mechanisms of toxin susceptibility and adaptation. Such methods could have practical applications in the characterization of natural and artificial insecticides."
"pubmed","42725851","10.1093/plphys/kiag679","A GWAS-identified U-box E3 ligase MsPUB6 is positively regulated by MsDREB1C and contributes to drought tolerance in alfalfa.","Zhang, Yangyang; Jiang, Xueqian; Leng, Huajuan; Zhang, Tian; Cui, Jing; Dong, Ying; Yang, Qingchuan; Zhang, Tiejun; Kang, Junmei","Plant physiology","2026-09-11","https://pubmed.ncbi.nlm.nih.gov/42725851/","U-box-type E3 ubiquitin ligases (PUBs) are critical for signaling homeostasis and abiotic stress responses via substrate ubiquitination, yet their upstream transcriptional regulation remains largely unexplored, especially in alfalfa drought adaptation. Through GWAS of 171 alfalfa accessions, we identified a novel U-box gene, MsPUB6, on chromosome 3, which encodes a protein with E3 ubiquitin ligase activity and is induced by drought, cold, salt, and ABA. Overexpression and virus-induced gene silencing (VIGS) revealed that MsPUB6 positively regulates drought tolerance by enhancing antioxidant enzymes (SOD and CAT), reducing malondialdehyde (MDA) and reactive oxygen species (ROS) levels, and maintaining chlorophyll content and leaf water content. Further mechanistic investigation showed that the transcription factor MsDREB1C specifically binds to the CRT/DRE element in the MsPUB6 promoter and activates its transcription. CRISPR-Cas9-mediated MsDREB1C mutants exhibited a drought-sensitive phenotype similar to that of MsPUB6-silenced lines, accompanied by significantly reduced MsPUB6 expression. In contrast, MsDREB1C-overexpressing lines showed enhanced drought tolerance and upregulated MsPUB6 expression, and similarly promoted drought tolerance by alleviating oxidative damage and membrane damage, and by maintaining chlorophyll content and relative leaf water content. Collectively, this study reveals a novel regulatory module, MsDREB1C-MsPUB6, in which a DREB1 transcription factor positively regulates a U-box-type E3 ligase gene to contribute to drought tolerance in alfalfa. These findings not only provide important genetic resources for molecular breeding of drought-tolerant alfalfa but also expand our understanding of the functional diversity of plant U-box proteins."
"pubmed","42725639","10.1093/jxb/erag455","Ethylene signaling negatively regulates rapeseed resistance to Plasmodiophora brassicae.","Chen, Jiao; Zhang, Dandan; Liu, Yingjun; Jin, Pinyuan; Zhang, Hongyun; Luo, Sheng; Zhang, Huajian","Journal of experimental botany","2026-09-11","https://pubmed.ncbi.nlm.nih.gov/42725639/","Clubroot, caused by Plasmodiophora brassicae, poses a serious threat to the rapeseed (Brassica napus) industry. Due to B. napus being an allopolyploid with a complex genome and the current scarcity of available resistance gene resources, the molecular basis of rapeseed resistance to P. brassicae remains poorly understood. Here, we performed a functional characterization of BnEIN2 (ethylene-insensitive protein) to explore the role of ethylene signaling in rapeseed resistance to P. brassicae. The Bnein2 mutants generated through CRISPR/Cas9 technology exhibited enhanced resistance to P. brassicae, along with reduced 1-aminocyclopropane-1-carboxylic acid (ACC)/S-adenosyl-L-methionine (SAM) accumulation and ethylene insensitivity. Pharmacological assays demonstrated that inhibitors of ethylene biosynthesis or signaling improved the resistance of Bnein2 mutant plants to P. brassicae. Transcriptome analysis revealed that loss-of-function of BnEIN2 affected the expression of ethylene-, auxin-, and cytokinin-related genes. Moreover, the increased resistance of Bnein2 mutants to P. brassicae was accompanied by a reduction in auxin (indole-3-acetic acid, IAA) biosynthesis and degradation of cytokinin (trans-zeatin, TZ). Collectively, these findings establish the negative regulatory role of ethylene signaling in rapeseed resistance to P. brassicae. This study represents the first effort to elucidate rapeseed resistance to P. brassicae by directly obtaining rapeseed genetic material and offer novel insights into the hormonal regulatory network underlying disease resistance and valuable resources for breeding clubroot-resistant varieties."
"pubmed","42725609","10.2174/0127722708482830260826121447","Nanocarrier-enabled Gene and Nucleic Acid Therapeutics for Rheumatoid Arthritis: Advances, Translational Evidence, and Regulatory Challenges.","Meka, Sai Geetha; A, Sarfaroz Shaik; Dasari, Vandana; Ali, Omer Abdlgader Ibrahim; Yeddhu, Yamini; Kuragala, Nimitha; Gudisinti, Venu; E, Bhargav","Recent advances in inflammation & allergy drug discovery","2026-09-11","https://pubmed.ncbi.nlm.nih.gov/42725609/","Rheumatoid arthritis (RA) is a chronic autoimmune disorder characterized by persistent synovial inflammation, cartilage degradation, and bone erosion. Conventional diseasemodifying antirheumatic drugs and biologics, although effective in many patients, are limited by systemic toxicity, variable responsiveness, and loss of efficacy over time. Recent advances in nanomedicine have enabled the development of non-viral and viral gene delivery platforms designed to modulate pathogenic pathways at the molecular level. Non-viral nanocarriers, including liposomes, polymeric nanoparticles, lipid nanoparticles, and hybrid systems, have demonstrated efficient delivery of siRNA, antisense oligonucleotides, and mRNA targeting key inflammatory mediators such as TNF-alpha and NF-kappaB, resulting in significant disease attenuation in preclinical RA models. Viral vectors, particularly adeno-associated viruses and lentiviruses, provide sustained intra-articular gene expression but raise concerns related to immunogenicity and long-term safety. Emerging gene-editing strategies, notably CRISPR/Cas-based approaches, offer the potential to precisely and durably modulate disease-driving genes. But clinical translation is restricted by off-target effects, ethical considerations, and regulatory barriers. Collectively, the available evidence underscores both the therapeutic potential and inherent complexity of nanocarrier-mediated gene and nucleic acid therapies for RA, emphasizing the necessity for optimized delivery strategies, rigorous safety assessments, and biomarker-guided patient stratification to achieve successful clinical translation. This review comprehensively covered various gene delivery modalities, including non-viral and viral vectors, and gene editing (CRISPR/Cas) approaches. At the end, preclinical and clinical evidence, along with extensive case studies, for RA treatment were also highlighted. This review also outlined challenges and future directions in the management of arthritis."
"pubmed","42725481","10.1039/d6cc04236h","Confinement-enabled nanobiosensing: from chemical signal amplification to programmable single-molecule diagnostics.","Li, Zheng; Li, Fenggang; Jiang, Xingyu","Chemical communications (Cambridge, England)","2026-09-11","https://pubmed.ncbi.nlm.nih.gov/42725481/","For rare targets in complex samples, ultrasensitive biosensing requires not only strong signal amplification but also reliable discrimination of target-derived signals from the background. Confinement-enabled nanobiosensing addresses this challenge by organizing molecular recognition, amplification and readout across nanoscale interfaces and microscale compartments. In this Feature Article, we review how chemical amplification strategies, from plasmonic nanogold probes and enzyme-triggered cascades to CRISPR-Cas signal networks, are being coupled with droplets and microwell arrays to convert ensemble signals into digital molecular counts. We further highlight programmable microfluidics, particularly digital microfluidics, as an automation layer for sample handling, washing, reagent exchange and compartment sealing. Recent dual-digital immunoassay platforms illustrate how fluidic digitization and molecular digitization can be integrated for single-molecule diagnostics. We conclude by outlining challenges in interface stability, scalable fabrication, multiplexed readout and clinical translation."
"pubmed","42725430","10.1093/nar/gkag893","Repeat region engineering of Cas13a crRNA enables conformational gating-based autocatalytic CRISPR biosensing.","Ding, Wei; Yang, Xiaomin; Yang, Yutong; Liu, Mingxin; Liu, Chenghui; Wang, Jinyi; Liu, Xiaoling","Nucleic acids research","2026-09-11","https://pubmed.ncbi.nlm.nih.gov/42725430/","CrRNA engineering has emerged as a pivotal strategy for extending CRISPR-Cas13a biosensing. However, structural modulation of the direct repeat (DR) region remains exceptionally challenging due to its intricate architecture and the high energetic barrier of the Cas13a-crRNA interface, which is conventionally viewed as a rigid and immutable scaffold. Here, we demonstrate that the DR region is instead a programmable topological element with unexpected structural plasticity. By systematically engineering the DR through sequence insertion and structural splitting, we identified multiple DR variants that retain robust catalytic activity. Crucially, this topological reconfiguration enables Cas13a activity to be precisely gated by unmodified nucleic acid blockers, a level of regulation unattainable with the wild-type crRNA. Building on this flexible modulation, we developed Dre-CRISPR, a DR-engineered platform that couples target-triggered DR restoration to a self-reinforcing autocatalytic loop. This self-amplifying system provides a 2 x 106-fold sensitivity enhancement over nonamplified systems. Furthermore, the Dre-CRISPR platform extends the diagnostic scope of Cas13a to a broader spectrum of analytes, ranging from microRNAs to enzymatic activities and heavy metal ions. Our findings redefine the crRNA scaffold as a versatile signaling node and provide a generalizable framework for developing high-sensitivity, self-amplifying CRISPR biosensors through topology-driven guide RNA engineering."
"pubmed","42725110","10.1016/j.omtn.2026.103060","Next-generation macrophage engineering in cancer therapy: From TAM reprogramming to CAR-macrophages.","Nilova, Olga; Zajakina, Anna","Molecular therapy. Nucleic acids","2026-09-11","https://pubmed.ncbi.nlm.nih.gov/42725110/","Macrophages are central regulators of the tumor microenvironment (TME), shaping immune suppression, angiogenesis, metabolism, and therapeutic resistance in solid cancers. While early strategies sought to deplete tumor-associated macrophages (TAMs) or block monocyte recruitment, limited efficacy and compensatory mechanisms revealed the need for functional reprogramming rather than elimination. Recent advances in viral vectors, CRISPR-Cas genome editing, and RNA-based delivery platforms have enabled precise genetic modification of macrophages, giving rise to chimeric antigen receptor macrophages (CAR-Ms) and related engineered products. Beyond antigen targeting, effective macrophage engineering requires stabilization of pro-inflammatory identity, resistance to tumor-induced repolarization, metabolic reinforcement, and integration of checkpoint modulation pathways. This review synthesizes current strategies across DNA, mRNA, and siRNA-based platforms, highlighting convergent design principles that connect TAM reprogramming with CAR-M development. We discuss reshaping phagocytosis checkpoints, metabolic and transcriptional stabilization, cytokine augmentation, and synthetic receptor architecture, emphasizing combinatorial and context-aware engineering, while proposing new candidate gene targets. Engineered macrophages are thus evolving from simple effector cells into programmable immune coordinators capable of converting immunologically ""cold"" tumors into inflamed, therapy-responsive niches."
"pubmed","42725063","10.1016/j.omtn.2026.103057","Adenovirus vector-mediated delivery of the CRISPR-CasRx system enables gene knockdown with suppressed collateral activity.","Osakada, Yuki; Kidawara, Sota; Sakai, Eiko; Asayama, Akira; Sakurai, Fuminori; Shimizu, Kahori; Mizuguchi, Hiroyuki","Molecular therapy. Nucleic acids","2026-09-11","https://pubmed.ncbi.nlm.nih.gov/42725063/","The CRISPR-Cas13 system is a programmable gene knockdown tool widely used in basic and clinical research. Meanwhile, RNA-targeting by Cas13 exhibits collateral activity, i.e., cleavage of non-target RNAs, raising serious concerns. Accumulating evidence suggests the collateral activity comes from high expression levels of the Cas13 system. Therefore, controlled expression of the Cas13 system using viral vectors could solve the problem. Adenovirus vectors are efficient gene delivery vehicles and commonly used for clinical therapy. Here, we generated adenovirus vectors carrying a CRISPR-Cas13 system using CasRx (Ad-CasRx). Ad-CasRx efficiently knocked down the on-target reporter with suppressed collateral activity in cell lines, while plasmid transfection-mediated delivery exhibited strong collateral activity. Moreover, Ad-CasRx efficiently knocked down Pcsk9 in cultured murine hepatic cells without suppressing abundant endogenous RNAs, suggesting that collateral activity was largely suppressed when targeting endogenous genes with Ad-CasRx. Finally, we targeted hepatic Pcsk9 in mice by intravenous administration of Ad-CasRx. Pcsk9 mRNA and serum total cholesterol levels were reduced without affecting the expression of major genes related to cholesterol metabolism and hepatic function. Serum ALT levels were not elevated. Overall, controlled delivery of Ad-CasRx enabled in vivo gene knockdown without evident side effects from collateral activity or Cas13 expression itself in liver."
"pubmed","42725042","10.1093/pnasnexus/pgag296","Divalent cation depletion enhances intrinsic neuronal excitability through CaSR-dependent modulation of threshold ion channels.","Mylonaki, Konstantina; Alvarez-Saavedra, Matias; Russier, Michael; Debanne, Dominique; Incontro, Salvatore","PNAS nexus","2026-09-11","https://pubmed.ncbi.nlm.nih.gov/42725042/","External calcium ([Ca(2+)](e)) and magnesium ([Mg(2+)](e)) concentrations fluctuate across physiological and pathological brain states. For example, [Ca(2+)](e) decreases during intense neuronal activity and epilepsy, whereas it rises during sleep. Similarly, [Mg(2+)](e) varies with the sleep/wake cycle and is reduced in epilepsy. Lowering either [Ca(2+)](e) or [Mg(2+)](e) increases intrinsic excitability and hyperpolarizes the action potential (AP) threshold, yet the underlying mechanisms remain unclear. Here, we confirm that reducing [Ca(2+)](e) or [Mg(2+)](e) enhances intrinsic excitability and hyperpolarizes the AP threshold of CA1 pyramidal neurons. Physiological reductions in [Mg(2+)](e) (0.8 --> 0.4 mM) have minimal effect, whereas decreases from supraphysiological levels (2.0 --> 0.4 mM) robustly increase excitability. Using pharmacology and CRISPR/Cas9 gene editing, we identify the calcium-sensing receptor (CaSR) as a mediator of these effects. The calcilytic NPS-2143 mimics and largely occludes both the intrinsic excitability increase and the AP threshold hyperpolarization, while genetic reduction of CaSR produces similar outcomes. We further show that AP threshold hyperpolarization induced by low-divalent cations involves both Kv1 and Nav1.2 channels. Together, these findings reveal that CaSR participate in the enhancement of intrinsic neuronal excitability induced by external divalent cation levels."
"pubmed","42724990","10.1002/jgh3.70461","Current Helicobacter pylori Diagnostics: Established Methods, Resistance Testing, and Emerging Approaches.","Tang, Tianhua; Paz, Erwin A; Yu, Kan; Lee, Khui Hung; Tay, Chin Yen; Wang, Jingjing; Marshall, Barry James; Hu, Linli; Fu, Wanting; Yang, Ziyao","JGH open : an open access journal of gastroenterology and hepatology","2026-09-11","https://pubmed.ncbi.nlm.nih.gov/42724990/","AIMS: Accurate diagnosis of Helicobacter pylori infection is required to detect active infection, confirm eradication, assess gastric pathology when indicated, and obtain antimicrobial resistance information that may guide treatment. This review evaluates the clinical roles, limitations, and implementation maturity of established, molecular, and emerging diagnostic approaches. METHODS AND RESULTS: A narrative review was conducted using PubMed/MEDLINE, Embase, Web of Science, the Cochrane Library, and Google Scholar, prioritizing clinical guidelines, systematic reviews, diagnostic accuracy studies, multicenter validation studies, and directly relevant method-development research. Histology, rapid urease testing, and culture remain established biopsy-based methods, whereas urea breath testing and validated monoclonal stool antigen testing are the leading non-invasive options for detecting active infection and confirming eradication. Serology is useful only in selected settings because it cannot reliably distinguish current from previous infection. Culture provides phenotypic susceptibility results but is technically demanding. qPCR and targeted PCR provide faster, target-specific genotypic information, while next-generation sequencing may broaden resistance-variant detection in specialist or surveillance settings. Genotypic findings require antibiotic-specific interpretation because genotype-phenotype concordance varies. AI-assisted endoscopic interpretation, biosensors, LAMP, CRISPR-based assays, and string test-based sampling may address specific workflow gaps, but most remain adjunctive, selectively implemented, early translational, or investigational. CONCLUSION: Diagnostic selection should begin with the clinical question and integrate patient risk, treatment history, medication exposure, local resistance patterns, specimen access, laboratory capacity, turnaround time, and available resources. Wider adoption of newer technologies requires external validation, standardization, quality assurance, regulatory readiness, economic assessment, and evidence that results improve clinical management."
"pubmed","42724910","10.21037/tcr-2026-0904","In vitro and in vivo studies on the impact of the familial adenomatous polyposis heterogeneous mutation MUC20-S671C on colorectal carcinogenesis and progression.","Yan, Li; He, Xinyu; Li, Ting; Chen, Ruobing; Yang, Jun; Liu, Weiqing","Translational cancer research","2026-09-11","https://pubmed.ncbi.nlm.nih.gov/42724910/","BACKGROUND: Familial adenomatous polyposis (FAP) is a hereditary colorectal cancer (CRC). We performed genetic testing on nine FAP patients and identified a recurrent mutation at the 671st site of the MUC20 gene-MUC20-S671C. This mutation has a detection frequency of zero in the 1000 Genomes Project database. Previous studies have demonstrated that MUC20 can promote CRC progression through epithelial-mesenchymal transition (EMT). We conducted a series of experiments to analyze the impact of this mutation on CRC cells, aiming to infer its potential role and significance in CRC patients. METHODS: We introduced the MUC20-S671C mutation into the CRC SW480 cell line using the CRISPR-Cas9 technique and established a stable cell line carrying this mutation. We then conducted various experiments to assess the effects of this mutation. The Transwell assay was used to evaluate cell invasion and migration. We also examined cell proliferation, cell cycle progression, and apoptosis rate. Furthermore, we tested the tumorigenic ability of these cells in NOD-scid IL2Rgamma[null] (NSG) mice. Additionally, transcriptome sequencing was performed on both cell lines and mouse tumor tissues to obtain molecular regulatory network data, and key molecules were further validated. RESULTS: The results of Cell Counting Kit-8 (CCK-8), 5-ethynyl-2'-deoxyuridine (EdU), and colony formation assays indicated that the proliferation ability of mutant cells was significantly reduced. The Transwell assay demonstrated a marked decline in the invasion and migration capabilities of mutant cells. Flow cytometry analysis revealed that the mutation increased the apoptosis rate of CRC cells and might have caused S-phase arrest. The tumor formation assay in nude mice showed that the tumorigenic ability of mutant cells was weakened. Transcriptome sequencing of both the cells and tumor tissues suggested that the mutation altered the expression of apoptosis- and cell cycle-related molecules and also affected EMT. Further experiments confirmed that key molecules involved in the EMT process, such as E-cadherin, were upregulated, while Vimentin, MMP9, and MMP14 were significantly downregulated, indicating that the mutation weakened the EMT capability of CRC cells. CONCLUSIONS: We have identified a novel mutation, MUC20-S671C, in patients with FAP. Our study demonstrates that this mutation exerts its tumor-suppressive effect by reversing the EMT process."
"pubmed","42724751","10.1016/j.omtn.2026.103063","In vivo genome editing of central nervous system SIV reservoirs in ART-suppressed rhesus macaques.","Liu, Hong; Liao, Shuren; Chen, Chen; Huo, Wenwen; Safaei, Zahra; Rocchi, Angela; Huang, Yuru; Sariyer, Ilker K; Collins, Mackenzie E; Lawrence, Jill M; Dampier, Will; Nonnemacher, Michael R; Wigdahl, Brian; Burdo, Tricia H; Gordon, Jennifer; Lewis, Mark; Lee, Cheri A; Khalili, Kamel","Molecular therapy. Nucleic acids","2026-09-11","https://pubmed.ncbi.nlm.nih.gov/42724751/","Latent human immunodeficiency virus type 1 (HIV-1) reservoirs in the central nervous system (CNS) may sustain viral persistence and neuroinflammation contributing to HIV-associated neurocognitive disorders (HAND) despite suppressive ART. AAV9-delivered CRISPR has successfully edited SIV proviral DNA in peripheral tissues with acceptable safety profiles, but the extent of in vivo genome editing in the brain remains unclear. Using SIV-infected rhesus macaques, we mapped intact proviral DNA across CNS regions and tested systemic AAV9-CRISPR-Cas9 targeting conserved sites within Psi packaging signal and Gag region. Ten adult rhesus macaques were infected with genetically barcoded SIVmac239, suppressed with ART, then randomized to receive intravenous AAV9-SaCas9 with dual gRNAs (Psi + Gag) or a Cas9-only control. At necropsy after viral rebound, SIV genomes were detected in multiple brain regions as well as lymphoid tissues, confirming the CNS as a persistent reservoir during ART. Barcode analysis revealed region-specific patterns consistent with compartmentalized CNS persistence. In CRISPR-treated animals, proviral editing was measurable across anatomically distinct CNS sites. These findings demonstrate that intact and potentially replication-competent virus persists in the primate brain under ART and that systemic AAV9-CRISPR can reach and edit proviral DNA in this sanctuary, supporting genome editing as a strategy toward durable remission of CNS reservoirs."
"pubmed","42724269","10.21769/BioProtoc.5793","scDynaBar: A Step-By-Step Experimental and Computational Guide for Time-Resolved CRISPR Barcoding at Single-Cell Resolution.","Andres-Lopez, Yolanda; El Khouri-Gonzalez, Carla; Hernando-Herraez, Irene","Bio-protocol","2026-09-11","https://pubmed.ncbi.nlm.nih.gov/42724269/","CRISPR-Cas9 barcoding technologies enable cells to record molecular events as permanent genetic changes that can be read out retrospectively. This protocol describes the implementation of a CRISPR-based recording system that gradually accumulates mutations over extended periods and is compatible with standard single-cell RNA sequencing (scRNA-seq) workflows. By temporally regulating CRISPR activity, the system generates mutational barcodes that can be captured together with individual cell transcriptomes. These barcodes are subsequently decoded using computational reconstruction approaches to infer temporal information, enabling the joint analysis of cellular states and time-resolved molecular histories. This approach provides a single-cell-compatible framework for studying dynamic biological processes in heterogeneous mouse embryonic stem cell (mESC)-derived systems, with potential extension to other biological systems. Key features * Extended temporal recording: Self-targeting guide RNAs drive progressive and cumulative barcode divergence over time. * Simultaneous barcode and transcriptome detection: Joint recovery of genetic barcodes and whole transcriptomes from the same single cell using standard scRNA-seq workflows. * In inducible scDynaBar designs: Cas9 barcode editing can be coupled to specific biological stimuli or cell-state transitions, e.g., transition of mESCs into the 2C-like state."
"pubmed","42723509","10.1017/S0022029926102659","Whole-genome safety assessment of Loigolactobacillus coryniformis WBB05 and identification of a candidate gene for aerobic reuterin production.","Tsuda, Harutoshi","The Journal of dairy research","2026-09-11","https://pubmed.ncbi.nlm.nih.gov/42723509/","This study reports on the safety profile of Loigolactobacillus coryniformis WBB05 for food industry applications and identifies glycerol-3-phosphate oxidase (GlpO) as a candidate gene associated with aerobic reuterin production. The safety of L. coryniformis WBB05 was evaluated through whole-genome sequencing, phenotypic analysis of haemolytic activity and determination of minimum inhibitory concentrations (MICs) of antibiotics. Comparative genomic analysis was performed to identify candidate genetic determinants for aerobic reuterin production. The draft genome (2.83 Mb, 179 contigs) harboured no known virulence factors, acquired antimicrobial resistance (AMR) genes or biogenic amine biosynthetic genes. Prophage analysis identified only one incomplete prophage region, and four CRISPR-Cas systems (212 spacers) were consistent with phage defence capacity. Secondary metabolite analysis revealed biosynthetic gene clusters encoding a coagulin-like bacteriocin. No beta-haemolytic activity was observed. The MICs of all antibiotics tested were below the European Food Safety Authority cut-off values except for kanamycin (128 mg/L), although no acquired AMR genes were detected. Comparative genomic analysis revealed that L. coryniformis WBB05 possesses two putative copies of GlpO, a gene not detected in publicly available genomes of Limosilactobacillus reuteri, which produces reuterin only under anaerobic conditions. These findings support the use of L. coryniformis WBB05 as a safe adjunct culture for dairy applications and highlight GlpO as a candidate determinant of aerobic reuterin production. Further studies comparing GlpO-positive and GlpO-negative strains under aerobic and anaerobic conditions are warranted to confirm the role of GlpO."
"pubmed","42723398","10.1111/1744-7917.70360","A CRISPR/Cas9 gene-editing platform for the rice leaffolder, Cnaphalocrocis medinalis.","Yan, Juncheng; Liu, Bingpeng; Lu, Hui; Zhan, Shuai; Chen, Dongbin; Xu, Jun","Insect science","2026-09-11","https://pubmed.ncbi.nlm.nih.gov/42723398/","A CRISPR/Cas9 toolkit was established for the rice leaffolder (Cnaphalocrocis medinalis) using entirely endogenous regulatory elements. An all-in-one plasmid was constructed containing an IE1-EGFP marker, a CmU6 promoter driven sgRNA targeting Cmebony, and a Cmactin5C promoter driven Cas9. This platform provides a system for functional genomics in this pest."
"pubmed","42723282","10.1016/j.ymthe.2026.09.006","Multiplexed genome editing by CRISPR-Un1Cas12f1 restores dystrophin expression in a mouse model of Duchenne muscular dystrophy.","Gil, Jin-Seok; Lee, Eunyoung; Na, Hyunsun; Oh, Gyubin; Choi, Eunyoung; Park, Yejin; Park, Hyeonjeong; Koo, Taeyoung","Molecular therapy : the journal of the American Society of Gene Therapy","2026-09-11","https://pubmed.ncbi.nlm.nih.gov/42723282/","The compact type V clustered regularly interspaced short palindromic repeats (CRISPR) nuclease Un1Cas12f1 is compatible with adeno-associated virus (AAV)-mediated genome editing, although the protospacer adjacent motif (PAM) requirements and capacity for multiplexed genome editing remain undefined. Here, we show that Un1Cas12f1 exhibits a broad tolerance for non-canonical PAMs, including Y-rich motifs with a preference for TTCR and TCTA PAMs, thereby expanding the genomic targeting range. We further demonstrate that a tandem sgRNA array expressed from a single transcript supports Un1Cas12f1-mediated multiplexed genome editing at up to five distinct genomic loci. Leveraging this multiplexing capability, we achieved targeted excision of the Dmd exon 23 through intramuscular delivery of an all-in-one AAV vector encoding Un1Cas12f1 and a CRISPR array. This treatment restored the disrupted open reading frame and dystrophin expression in a mouse model of Duchenne muscular dystrophy (DMD). Together, these findings establish Un1Cas12f1 as a compact CRISPR system capable of multiplexed genome editing and demonstrate its therapeutic potential for DMD."
"pubmed","42723200","10.1002/adma.74941","Bioinspired, Spontaneously Formed Air-Encapsulated Cavity for Sample-Mediated Optical Signal Enhancement.","Wu, Mengfan; Zhang, Chuyan; Yang, Zongyin; Zhang, Yifeng; Niu, Guanghui; Zeng, Lingwei; Rao, Yu; He, Xingliang; Zhao, Zhao; Wang, Xu; Wang, Jingting; Li, Yongxin; Duan, Yixiang","Advanced materials (Deerfield Beach, Fla.)","2026-09-11","https://pubmed.ncbi.nlm.nih.gov/42723200/","Optical signal enhancement in biomedical, chemical, and environmental analyses typically relies on engineered optical components, which increase system complexity and cost. Bioinspired approaches, such as enriching analytes via droplet evaporation on superhydrophobic surfaces or shaping sessile droplets into microlenses, have been explored as alternatives. However, these platforms generally support only a single spectroscopic modality, depend on evaporation dynamics, and require specialized readout instruments. Here we report a bioinspired, spontaneously formed air-encapsulated cavity (BIOSAC) that overcomes these constraints by combining a superhydrophobic coating with V-shaped geometric confinement inside a sample container. Upon liquid loading, the sample spontaneously forms a stable air-encapsulated droplet that functions as a built-in liquid lens, modifying excitation-light propagation and signal collection without auxiliary optics or additional sample preparation. BIOSAC achieved maximum measured signal enhancements of 40.3-fold for fluorescence, 56.4-fold for surface-enhanced Raman scattering, and 8.6-fold for UV-vis absorbance. Coupled with an amplification-free CRISPR/Cas13a assay, the platform detected SARS-CoV-2 RNA at 78 copies/microL within 30 min using a standard microplate reader. This work shows that interfacial wetting and geometric confinement can be jointly engineered to make the sample itself a built-in optical element, decoupling signal gain from system complexity and providing an adaptable framework for high-sensitivity optical sensing."
"pubmed","42723179","10.1002/advs.77657","Engineered Transformer Base Editor with Enhanced Editing Efficiency.","Chen, Bowen; Liang, Letong; Xu, Rui; Wang, Tianyi; Chen, Hongyan; Lu, Daru","Advanced science (Weinheim, Baden-Wurttemberg, Germany)","2026-09-11","https://pubmed.ncbi.nlm.nih.gov/42723179/","Canonical cytosine base editors (CBEs) achieve precise C-to-T conversions without inducing DNA double-strand breaks (DSBs), yet their clinical potential remains hampered by substantial off-target (OT) mutations. The recently developed transformer base editor (tBE) significantly reduces both genomic and transcriptomic OT mutations by using a cleavable deoxycytidine deaminase inhibitor (dCDI) domain. However, the modest base editing efficiency limits its broader applications. Here, through rational deaminase engineering and fusion of a uracil DNA glycosylase inhibitor (UGI) domain, we developed the engineered tBE (etBE). The etBE exhibited substantially enhanced editing efficiencies compared with the parental tBE (up to 35.11-fold improvement), while maintaining high editing fidelity and background levels of OT mutations. As a therapeutic proof-of-concept, dual adeno-associated virus (AAV)-mediated delivery of etBE targeting proprotein convertase subtilisin/kexin type 9 (PCSK9), a well-established therapeutic target for cardiovascular diseases, was evaluated in a humanized mouse model. The treatment achieved efficient in vivo base editing (up to 35.13%), resulting in substantial reductions in plasma PCSK9 protein (24%) and low-density lipoprotein cholesterol (LDL-C) levels (33%), while inducing only minimal OT mutations. Collectively, etBE represents a highly efficient and specific base editing platform with enormous potential for both basic research and clinical applications."
"pubmed","42723086","10.1186/s12964-026-03067-9","Virobiome-mediated regulation of microbiota-gut-brain axis signaling and neuroimmune homeostasis.","Afkhamian, Alireza; Saffari Natanzi, Abolfazl; Jafaridarabjerdi, Mahin; Aghaei, Sara; Haghjou, Ali; Shafiei, Mohammadreza; Bashkandi, Aysa Hasanzade; Shahraki, Sajjad; Reiter, Russel J; Haddad Kashani, Hamed; Yang, Yanchao","Cell communication and signaling : CCS","2026-09-11","https://pubmed.ncbi.nlm.nih.gov/42723086/","The human gut-brain axis (GBA) is increasingly recognized as a complex bidirectional communication system integrating microbial, neural, endocrine, and immune networks that shape neurological health. While bacterial contributions to this dialogue have been extensively characterized, the viral component of the gut ecosystem, the virome, has emerged as an important component associated with host physiological regulation. This review synthesizes evidence suggesting that bacteriophages and eukaryotic viruses may contribute to microbial and immune homeostasis and may influence signaling along the microbiota-gut-brain axis. In experimental studies, Bacteriophages have been shown to influence microbial community structure through lytic and lysogenic cycles, horizontal gene transfer, and metabolic modulation, indirectly regulating production of neuroactive metabolites such as short-chain fatty acids and tryptophan derivatives which in turn have been linked to blood brain barrier integrity and modulate microglial activation. In observational human studies and experimental models, eukaryotic viruses including Epstein Barr virus and cytomegalovirus have been associated with systemic inflammation, molecular mimicry, and cytokine dysregulation, amplifying neuroimmune cascades implicated in Alzheimer's disease (AD), multiple sclerosis (MS), autism spectrum disorder (ASD), and major depressive disorder (MDD). The convergence of viral-bacterial interactions highlights a transkingdom signaling network shaping neuroinflammatory tone and influencing disease susceptibility. Emerging experimental strategies, including precision phage therapy, engineered probiotics incorporating CRISPR-based antiviral systems, and fecal virome transplantation (FVT), are being explored as potential approaches to modulate virome-microbiome interactions. Integration of multiomics platforms with artificial intelligence-driven modeling will be critical for clarifying the temporal and mechanistic relationships between virome dynamics and neurological function. Collectively, these insights highlight the gut virobiome as a potentially important contributor to neuroimmune equilibrium and illuminate avenues for microbiome-informed diagnostics and interventions in neurodegenerative and neuropsychiatric disorders. This review therefore highlights the often underappreciated role of the gut virobiome and proposes an integrative conceptual model linking virome dynamics with microbiota-gut-brain axis signaling."
"pubmed","42723078","10.1186/s12967-026-08886-5","Multi-omics characterization of a GPRC5A(+) epithelial subpopulation associated with malignant features in colorectal cancer.","Tang, Weichun; Xu, Pengchen; Wang, Shengli; Su, Guizhen; Li, Qiang; Gu, Biao; Wang, Nannan","Journal of translational medicine","2026-09-11","https://pubmed.ncbi.nlm.nih.gov/42723078/","BACKGROUND: Colorectal cancer (CRC) exhibits marked cellular heterogeneity, and the cellular context of malignancy-associated epithelial programs remains incompletely defined. METHODS: We integrated 2,993 CRC samples spanning bulk RNA-seq (n = 2,568; two OS/RFS cohorts), scRNA-seq (281,961 cells/152 specimens), spatial transcriptomics (n = 6), and proteomics (n = 267). Analyses included single-cell integration/annotation, GSVA/HALLMARK, interactome, pseudotime, and ligand-receptor mapping; functional CRISPR assays, EMT immunoblotting, and xenografts; TF profiling (SCENIC/JASPAR/ChIP-qPCR); and exploratory drug-response prediction (OncoPredict), cell-sensitivity assays, and docking/MD modeling. RESULTS: We constructed a stage-stratified single-cell atlas and resolved eleven malignant epithelial subsets, characterizing Epi_4 as late-stage-enriched with EMT, hypoxia, and inflammatory programs and adverse OS/RFS. GPRC5A marked this subset, which we define as GPRC5A(+)Epi; its expression rose from stage I-->IV and was associated with poor outcomes across cohorts, with concordant spatial/proteomic observations. GPRC5A perturbation affected CRC proliferation, migration/invasion, EMT, and xenograft tumorigenicity, supporting a functionally important role in the tested models. SCENIC and ChIP-qPCR supported FOSL1 as an upstream regulator that occupies the GPRC5A promoter. Spatial and ligand-receptor analyses predicted close association and potentially reciprocal signaling between GPRC5A(+)Epi and POSTN(+)fibroblasts (COL1A1-SDC4, COL1A1/1A2-ITGA2/ITGB1, PPIA-BSG); concurrent high GPRC5A(+)Epi/POSTN(+)Fib signatures were associated with inferior OS/RFS. Drug-response analyses identified an association between GPRC5A status and trametinib sensitivity. Docking/MD produced a computational model of a possible trametinib-GPRC5A interaction, which remains experimentally unvalidated. CONCLUSIONS: GPRC5A(+)Epi is a malignancy-associated epithelial state in CRC, and GPRC5A is functionally important for malignant phenotypes in the tested models. Its inferred relationships with POSTN(+) fibroblasts and the trametinib findings should be regarded as hypothesis-generating pending functional crosstalk, direct-binding, and therapeutic validation."
"pubmed","42722935","10.1007/s11248-026-00513-9","Bridging the bench-to-field gap: a quantitative multi-omics and CRISPR/Cas9 framework for climate-resilient agriculture.","Demir, Busranur; Aydin, Erkan Anil; Saglam, Aykut","Transgenic research","2026-09-11","https://pubmed.ncbi.nlm.nih.gov/42722935/","Global climate change and shrinking freshwater supplies threaten agricultural sustainability. A major translational bottleneck exists: drought-tolerant genotypes developed in labs often fail in open-field conditions due to phenotypic mismatch. Traditional single-gene approaches and static lab tests overlook genotype-by-environment (G x E) interactions, hormonal tradeoffs (involving Abscisic Acid, Jasmonic Acid, Brassinosteroids, and Melatonin), and artificial effects of pots. This review presents an integrated quantitative selection framework to bridge lab and field results. In this review, we propose a conceptual three-stage Predictive Translational Workflow designed to bridge lab and field outcomes by integrating multi-omics envirotyping with advanced mixed models like (G x E)-BLUP and MegaLMM. These methods group complex transcriptomic and metabolomic data into functional networks, filtering out lab artifacts and pinpointing core regulatory nodes stable in real climates. Finally, we show how this pipeline enables precise CRISPR/Cas9 editing of native promoters, reducing agronomic yield penalties in normal conditions and offering a streamlined, non-GMO path to field-resilient crops."
"pubmed","42722723","10.1038/s41417-026-01080-1","Clinical translation of senescence-related pan-cancer multi-omics: tools for assessment and immunotherapy prediction.","Gao, Xin; Zhou, Xue-Jian","Cancer gene therapy","2026-09-11","https://pubmed.ncbi.nlm.nih.gov/42722723/","Cellular senescence (CS) exerts dual roles in tumorigenesis, yet its pan-cancer molecular characteristics and clinical value remain unclear, hindering its translation to oncology and personalized therapy. To address the lack of specific and universal tools for senescence assessment and immunotherapy response prediction, this study systematically analyzed 1259 CS-related genes from the CellAge database across 31 cancer types by integrating multi-omics data, including bulk RNA-seq, single-cell/spatial transcriptomics, and CRISPR screening. We developed a rank-based algorithm SenScoreR (publicly available at https://gxhub.shinyapps.io/SenScoreR/ ) for senescence quantification, validated with 10 independent datasets, and constructed a machine learning-based predictive model CS.Sig for immunotherapy response. Results showed that tumors had significantly lower Rank-based Senescence Score (RSS) than normal tissues across 31 cancers (average diagnostic AUC = 0.895), with low RSS linked to poor survival; high RSS correlated with reduced genomic instability, enriched CD8(+) T/NK cell/macrophage infiltration, upregulated PD-L1 expression, and elevated immune cytolytic activity. CS.Sig demonstrated robust performance in predicting ICI response (AUC = 0.716 across 10 cohorts), outperforming 13 existing signatures, while CRISPR screening identified 17 senescence-related targets (e.g., CEP55, PPP1CC) whose knockout enhanced anti-tumor immunity. Our findings clarify CS's role in maintaining tumor genomic stability and shaping immune microenvironments, and the developed SenScoreR, CS.Sig, and identified targets bridge basic CS research with clinical oncology, providing a translational resource and hypothesis basis for future experimental and clinical validation."
"pubmed","42722432","10.1101/gad.353898.126","A HUWE1 regulatory helix gates ASCL1 degradation through its C-terminal phospho-degron in small cell lung cancer.","Masuzawa, Keita; Dong, Kevin D; XiaoYang Hu, Calvin; Peng, Ting; Myung, Yoochan; Singh, Shilpa; Li, Xinyue; Wang, Tianchu; Jin, Cyrus; Paulo, Joao A; Yang, Ka; Schmid, Ernst W; Booker, Matthew A; Li, Yixiang; Hong, Deli; Lazo, Suzan; Tolstorukov, Michael Y; Doench, John G; Duplaquet, Leslie; Donovan, Katherine A; Iqbal, Sumaiya; Fischer, Eric S; Liau, Brian B; Gygi, Steven P; Oser, Matthew G","Genes & development","2026-09-10","https://pubmed.ncbi.nlm.nih.gov/42722432/","Lineage-defining transcription factors are key oncogenic drivers but remain difficult to target pharmacologically due to the absence of ligandable pockets. The molecular rules governing substrate recognition by large HECT ubiquitin ligases also remain incompletely understood, limiting efforts to exploit these enzymes for targeted protein degradation. Here we combine genome-wide CRISPR knockout screening with base editor tiling screens at amino acid resolution, both coupled to an endogenous knock-in reporter of the SCLC lineage oncogenic transcription factor ASCL1, to systematically interrogate the mechanisms governing its degradation. These complementary screens unbiasedly identify the HECT ubiquitin ligase HUWE1 as the dominant regulator of ASCL1 stability in small cell lung cancer (SCLC) and resolve a conserved C-terminal phospho-degron centered on Ser207 and terminal Trp/Phe residues that are required for HUWE1 docking and ubiquitin-mediated degradation. Unexpectedly, base editor screening further uncovers a previously unrecognized regulatory module within HUWE1: a short negatively charged helix that functions as an autoinhibitory gate controlling access of phospho-degron substrates to HUWE1. Charge-flipping mutations within this regulatory helix relieve autoinhibition and accelerate degradation of multiple HUWE1 phospho-degron substrates, including ASCL1 and the canonical HUWE1 substrate DDIT4. Stabilization of ASCL1 through degron disruption paradoxically impairs SCLC proliferation, revealing that dynamic proteasome-coupled turnover is required for transcription factor function. Together, these findings reveal molecular rules governing HUWE1 phospho-degron recognition and identify a regulatory gate controlling substrate engagement. They also illustrate a generalizable strategy for resolving degradation mechanisms of undruggable transcription factors in their endogenous cellular context."
"pubmed","42722248","10.1016/j.ijbiomac.2026.154428","Spacer-engineered donor DNA enhances CRISPR-Cas9-mediated knockin to establish a chemical knockdown platform for endogenous proteins.","Jang, Seeun; Shin, Siyoon; Jeong, Yujin; An, Yubhin; Han, Yeyoung; Kim, Hyeon Seok; Lim, Donghyun","International journal of biological macromolecules","2026-09-10","https://pubmed.ncbi.nlm.nih.gov/42722248/","Precise installation of functional protein domains at endogenous loci is a powerful approach for interrogating protein functions, but its broad application is limited by the low efficiency of homology-directed repair (HDR)-mediated knockin during Clustered Regularly Interspaced Short Palindromic Repeats (CRISPR)-Cas9 gene editing. Here, we investigated a simple donor DNA engineering strategy that enhances HDR-mediated gene knockin by appending additional gRNA-recognizable spacer sequences to donor templates. Systematic analysis of linear dsDNA and plasmid donors showed that spacer position, length, and orientation influenced HDR efficiency, and that spacer-containing donors improved knockin across multiple genomic loci, insertion sizes, cell types and delivery modalities. Mechanistic analyses revealed that spacer-containing donors formed stable complexes with Cas9/gRNA and showed increased nuclear localization, supporting nuclear delivery as a key contributor to improved editing outcomes. We then applied this gene-editing strategy to establish a chemical knockdown platform by installing drug-responsive degrons at endogenous loci, generating cell lines in which GSK3beta or Lin28A protein could be rapidly, potently and reversibly depleted by drug treatment. These platforms enable selective modulation of endogenous proteins and reveal cellular responses that may differ from those obtained using conventional genetic perturbation. Together, this work establishes a readily implementable framework that integrates improved gene editing with on-demand chemical knockdown of endogenous proteins."
"pubmed","42721657","10.1016/j.plaphy.2026.111720","The role of SlGH9-16 cellulase in gynoecium morphogenesis and fruit texture in tomato.","de la Mora-Franco, Daniela; Bernal-Gallardo, Judith Jazmin; Lopez-Gomez, Pablo; Martinez-Estrada, Eduardo; Hernandez-Cano, Gerardo Neftaly; Lopez-Perez, Mercedes Guadalupe; de Folter, Stefan","Plant physiology and biochemistry : PPB","2026-09-10","https://pubmed.ncbi.nlm.nih.gov/42721657/","Flower development involves dynamic cell wall changes driven by coordinated synthesis, breakdown, and remodeling processes that support cell division, differentiation, and expansion. Endo-1,4-beta-glucanases (EGases or cellulases), belonging to the Glycosyl Hydrolase family 9 (GH9), are key enzymes involved in cell wall disassembly and metabolism, as well as cell expansion and differentiation, fruit ripening, and organ abscission. However, their roles during female reproductive development remain poorly understood. Here, we studied the cellulase SlGH9-16 during gynoecium and fruit development in tomato. Expression profiling of SlGH9-16 and its orthologs AtGH9B2 and AtGH9B13 showed conserved and dynamic spatio-temporal expression patterns in female reproductive organs for these three GH9 members. We also generated CRISPR-Cas9 mutants and overexpression (OE) lines for SlGH9-16 and showed that this enzyme is necessary for normal cellular patterning and morphogenesis of the tomato gynoecium. Furthermore, SlGH9-16 serves as a dose-dependent modifier influencing both fruit architecture and texture, with its loss-of-function significantly extending post-harvest shelf life. FT-IR and HPTLC analyses suggest that these phenotypic changes are correlated with distinct chemical changes in the polysaccharide matrix of the pericarp cell wall. In summary, these findings highlight a role for GH9 cellulases in reproductive development and the importance of endo-1,4-beta-glucanases in the morphogenesis of tomato gynoecium and fruit."
"pubmed","42721655","10.1016/j.plaphy.2026.111730","Cloning and functional characterization of OsERFSR1, a negative regulator of salt stress tolerance in rice (Oryza sativa L.).","Yuan, Ping; Yang, Liying; Bu, Fanwen; Xu, Hai; Tang, Jiale; Hu, Wenbin; Tang, Nan; Jiang, Qin; Li, Ying; Tang, Jiaxin; Yin, Xuming; Xu, Qingguo","Plant physiology and biochemistry : PPB","2026-09-10","https://pubmed.ncbi.nlm.nih.gov/42721655/","Salt stress is one of the major abiotic factors limiting rice growth, development and yield. In this study, a member of the AP2/ERF transcription factor family, OsERFSR1, was cloned from rice. Overexpression of OsERFSR1 (OE) significantly reduced salt tolerance, with survival rates of 53.2% compared with 70.2% in wild-type (WT) plants, whereas CRISPR/Cas9-mediated knockout (ko) markedly enhanced salt tolerance, with survival rates of 54.6% compared with 28.2% in WT, suggesting that OsERFSR1 acts as a negative regulator of salt stress tolerance. Physiological analyses revealed that, under salt stress, the OE lines accumulated significantly higher levels of malondialdehyde (MDA) and hydrogen peroxide (H(2)O(2)), but exhibited lower activities of antioxidant enzymes and slower accumulation of osmotic regulatory substances compared with WT plants. Conversely, the ko lines displayed opposite physiological trends. Transcriptome analysis identified differentially expressed genes among the three genotypes that were mainly enriched in tryptophan metabolism and plant hormone signal transduction pathways. Taken together, our findings suggest that OsERFSR1 is correlated with salt tolerance in rice, and may modulate this process through tryptophan metabolism and hormone signaling pathways, thereby affecting the downstream antioxidant defense system. This study provides a promising candidate target gene for improving salt tolerance in rice through gene editing approaches."
"pubmed","42721203","10.1371/journal.pone.0358077","Mutations in the N-glycan branching enzyme MGAT1 promote invasiveness and EGF-stimulated proliferation and adhesion in neuroblastoma cells.","Hall, M Kristen; Walker, Lyla J; Messer, Abel R; Schwalbe, Ruth A","PloS one","2026-09-10","https://pubmed.ncbi.nlm.nih.gov/42721203/","Attachment and modification of N-glycans to proteins have been linked to the promotion of cancer, and specifically, more recent investigations have supported the involvement of less processed N-glycans. Herein, we investigated how reduced activity of N-acetylglucosaminyltransferase-I (GnT-I, MGAT1) influences aberrant cellular properties and epidermal growth factor receptor (EGFR) signaling in human NB cells. CRISPR/Cas9 technology was used to introduce mutations into MGAT1 in the parental BE(2)-M17 cell line, generating the MGAT1 mutant cell lines, Trunc and Delta45. Lectin binding studies showed increased oligomannose type N-glycans accompanied by decreased hybrid and complex types of N-glycans in both MGAT1 mutant cell lines relative to BE(2)-M17, and the level of oligomannose type N-glycans were reversed in the mutant cells by ectopic expression of GnT-I. Reduced GnT-I activity increased the percentage of S-type cells and decreased the percentage of N-type cells. Anchorage-independent cell growth was reduced in both MGAT1 mutant cell lines, and cell proliferation was slower at sub-confluency. Unexpectedly, cell proliferation rates were increased in confluent and over-confluent cell cultures, as they were in three-dimensional cell spheroids, in the MGAT1 mutant lines compared to the parental cell line. Trunc and Delta45 cells were less sensitive to mechanical dissociation and retained larger intact cell clusters, supporting that increased oligomannose N-glycans strengthen cell-cell adhesion. MGAT1 mutant cell lines were also more invasive than BE(2)-M17. Following EGF stimulation, Trunc and Delta45 cells had increased levels of P-EGFR (Y1068), along with enhanced EGF-stimulated cell proliferation and cell-cell adhesion, whereas the parental cell line was relatively unresponsive. Taken together, these results show that decreased GnT-I activity imparts NB cells to perpetually proliferate at high cell densities. Furthermore, increased oligomannose N-glycans strengthened cell-cell contacts, promoted cell invasiveness, and enhanced EGF-stimulated proliferation, supporting a novel role of oligomannose N-glycans in NB progression."
"pubmed","42721033","10.1016/j.celrep.2026.117899","Diverse routes to Cas3 activation in type I CRISPR-Cas immunity.","Park, Hyun Ho","Cell reports","2026-09-10","https://pubmed.ncbi.nlm.nih.gov/42721033/","Jiang et al. show that the type I-A CRISPR system of Saccharolobus islandicus recruits Cas3 only after target recognition. Their study reveals different Cas3 activation mechanisms and a dual role of ATP in target degradation and collateral cleavage."
"pubmed","42721019","10.1080/1120009X.2026.2728432","Tumor resistance to protein kinase inhibitors.","Sengar, Mridul Singh; Paliwal, Ajita; Kaushik, Niranjan; Singh, Shristi; Kashyap, Pushp; Paliwal, Deepika; Negi, Sweta","Journal of chemotherapy (Florence, Italy)","2026-09-10","https://pubmed.ncbi.nlm.nih.gov/42721019/","Cancer treatment is difficult, there are many issues regarding cancer treatment because Protein Kinase Inhibitors (PKIs) are unable to control tumors that are resistant to them. Resistance to drugs starts with changes in genetic code and continues with fresh changes, routes and alterations in the tumour. When treating cancer with imatinib or osimertinib, PKIs can correct faulty signals, yet patients generally become resistant swiftly and this resistance can include unpleasant side effects. Reviewing Epidermal Growth Factor Receptor (EGFR) T790M and BCR::ABL1 T315I mutations reveals that the important interactions and binding sites are removed or obstructed with the drug. This is how researchers design second- and third-generation drug inhibitors. In addition, the use of single-cell sequencing, CRISPR screens and liquid biopsies helps researchers and doctors to accurately fight resistance in cancer patients. For cancer treatments to succeed, systems to reduce drug costs and make them available, fresh ideas, global experts and equitable healthcare laws should be implemented."
"pubmed","42720869","10.1007/s11259-026-11504-w","Development and evaluation of a single-tube RT-ERA-CRISPR/Cas12a assay for simultaneous detection of enterovirus G and recombinant strains with papain-like cysteine protease gene insertion.","Lu, Danfeng; Li, Zhanhong; Zhu, Pei; Zhang, Zhenxing; Liu, Peng; Meng, Li; Sun, Xiutao; Yang, Qi; Song, Jianling; Li, Zhuoran","Veterinary research communications","2026-09-10","https://pubmed.ncbi.nlm.nih.gov/42720869/","Enterovirus G (EV-G) strains carrying the papain-like cysteine protease (PLCP) gene insertion have recently emerged as important pathogens associated with diarrhea in weaned piglets. Herein, a single-tube reverse transcription-enzymatic recombinase amplification coupled with CRISPR/Cas12a (RT-ERA-CRISPR/Cas12a) dual-readout assay was established to concurrently detect pan-EV-G via conserved RNA-dependent RNA polymerase 3D-encoding gene and screen pathogenic PLCP-carrying recombinant strains. After systematic optimization of primer-probe set and reaction parameters, the analytical and clinical performances of the established assay were evaluated. The assay exhibited no cross-reaction with other common porcine diarrhea-associated viruses or closely related members of the Picornaviridae family. Its limits of detection reached 5.19 copies.microL(-)(1) for the 3D-encoding gene and 5.51 copies.microL(-)(1) for the PLCP gene, demonstrating superior sensitivity compared with conventional RT-PCR, RT-qPCR, RPA, and LAMP assays. Testing 96 field fecal samples yielded almost perfect agreement with RT-qPCR (kappa = 0.95, concordance = 97.92%) and moderate consistency with conventional RT-PCR (kappa = 0.68, concordance = 87.88%), respectively. Unlike multiplex CRISPR-Cas12a platforms that suffer from reporters' interference from Cas12a non-specific cleavage and dual nfo-probe systems prone to oligonucleotide dimerization, this work implemented separated visual readouts: nfo-probe lateral flow strips for 3D-encoding gene amplicons and Cas12a collateral cleavage for PLCP gene amplification products. An 85 ℃ heating step neutralized endonuclease Ⅳ to remove potential CRISPR signal inhibition, realizing unified single-tube detection. This assay is rapid, cost-efficient, and features high specificity and sensitivity. It offers a practical on-farm surveillance tool for virulent PLCP-recombinant EV-G, facilitating prevention and control of swine diarrheal diseases and safeguarding pork production safety."
"pubmed","42720867","10.1007/s13105-026-01230-x","Targeting lncRNA-regulated macrophage polarization: a novel therapeutic strategy for pancreatic ductal adenocarcinoma.","Sun, Hongshi; Wang, Jia; Xie, Zhongbo; Yang, Zhichao; Yang, Tiantian","Journal of physiology and biochemistry","2026-09-10","https://pubmed.ncbi.nlm.nih.gov/42720867/","Pancreatic ductal adenocarcinoma (PDAC), which is the most common type of pancreatic cancer (PC), carries a poor prognosis with a 5-year survival rate of less than 12%. Suboptimal therapeutic responses are primarily attributed to the immunosuppressive features of the tumor microenvironment (TME). In the PDAC TME, tumor-associated macrophages (TAMs) constitute the dominant immune cell population. Polarization of TAMs toward the M2 phenotype promotes tumor progression, immune escape, therapeutic resistance, and disease advancement. Recent studies have demonstrated that long non-coding RNAs (lncRNAs) regulate M2-TAM polarization and PDAC progression via transcriptional, epigenetic, and post-transcriptional mechanisms. This review summarizes key lncRNAs involved in TAM polarization in PDAC, highlighting their roles in inducing the M2 phenotype and promoting PDAC progression through epigenetic modifications, ceRNA networks, and signal transduction pathways. Based on these regulatory mechanisms, potential therapeutic strategies targeting lncRNAs, such as siRNA-mediated knockdown, CRISPR-based editing, antisense oligonucleotides, downstream-targeting strategies, and nanoparticle delivery systems, may provide more precise control over lncRNA activity to repolarize TAMs and reverse immunosuppression in the TME. Furthermore, advances in developing clinical prognostic models that incorporate lncRNAs linked to M2-TAMs offer potential for refined patient outcome prediction and the identification of tailored PDAC treatment options."
"pubmed","42720682","10.1007/s00299-026-03965-9","Engineering cold stress resilience in capsicum annuum through functional genomics and precision breeding.","Ullah, Ikram; Ahmad, Naveed; Bhat, Aashaq Hussain; Hussain, Adil; Wei, Fan; Hongzhi, Wu","Plant cell reports","2026-09-10","https://pubmed.ncbi.nlm.nih.gov/42720682/","This review synthesizes the molecular mechanisms of cold tolerance in pepper, integrating multi-omics data,genome editing, and precision breeding strategies to accelerate the development of cold-resilient cultivars. Cold stress is a significant environmental factor that affects the growth, productivity, and fruit quality of Capsicum annuum by impairing membrane integrity photosynthesis and cellular redox homeostasis. Although pepper has several endogenous cold-responsive regulators such as CaNAC035 and CabHLH035, along with antioxidant defense systems, its cold tolerance remains limited due to low transcriptional activation of key regulators, functional redundancy among cold-responsive genes, and the polygenicity of cold tolerance. These complexities, combined with low genetic diversity and linkage drag, have hindered the improvement of cold-resistant cultivars through conventional breeding. This review brings together the recent progress in understanding the molecular mechanisms of cold stress perception, signal transduction, transcriptional regulation, metabolic reprogramming, and phytohormone interactions in pepper. Precision Breeding 2.0 is a new innovation that combines the integration of multi-omics-based target identification with next-generation genome-editing techniques, allowing precise and multiplex engineering of complex and interconnected regulatory networks instead of single genes. We cover new approaches such as engineering the DREB/CBF pathway, allele-specific editing and targeted disruption of negative regulators to enhance the pathway(s) involved in cold response. Moreover, we propose a roadmap for integration of transcriptomics, proteomics, metabolomics, high-throughput phenomics, and speed breeding to accelerate the identification, validation, and deployment of superior alleles to boost cold tolerance. This review provides a foundation for developing climate-resilient pepper cultivars by connecting functional genomics with precision genome engineering approaches to maintain productivity under variable environmental conditions."
"pubmed","42720665","10.1111/pce.70866","Cold-Induced Downregulation of TaSAP7-A2 Activates the TaCOLD1-2D-TaCML5-7B Module to Enhance Cold Tolerance in Wheat.","Li, Teng; Liu, Yang; Fu, Liang; Zheng, Yan; Yu, Yang; Tian, Yesong; Li, Huaqing; Guo, Pengxia; Zhao, Yue; Zhang, Xiaohong; Song, Yulong; Min, Donghong","Plant, cell & environment","2026-09-10","https://pubmed.ncbi.nlm.nih.gov/42720665/","Cold stress, including chilling and freezing, severely limits global wheat (Triticum aestivum L.) production. Although many cold-responsive genes have been identified, the mechanisms that connect early cold sensing to transcriptional regulation and downstream physiological adaptation are still not fully understood. By generating TaCOLD1-2D overexpression and CRISPR/Cas9 knockout lines in wheat and integrating protein interaction assays, transcriptional regulation analyses, physiological measurements, and haplotype analysis of 143 Chinese wheat accessions, we characterized the TaSAP7-A2/TaCOLD1-2D/TaCML5-7B regulatory module. TaSAP7-A2 functions as a transcriptional repressor that directly binds the TaCOLD1-2D promoter under normal conditions. Cold exposure rapidly downregulates TaSAP7-A2, relieving this repression and elevating TaCOLD1-2D expression. The increased TaCOLD1-2D then recruits TaCML5-7B in a Ca(2+)-dependent manner. This cascade activates ABA biosynthesis and signalling, promotes rapid stomatal closure, maintains ROS homoeostasis, and fine-tunes CBF-COR gene expression, conferring robust tolerance at both seedling and booting stages without affecting growth under non-stress conditions. A natural TaSAP7-A2 promoter haplotype (Hap-7A-2) with weakened repressive activity shows strong artificial selection in high-latitude cultivars. These results uncover an efficient derepression strategy that integrates early cold perception with Ca(2+)-ABA-mediated protective responses. The module provides valuable genetic targets for developing climate-resilient wheat while avoiding the growth penalties associated with constitutive defence activation."
"pubmed","42720610","10.1080/17435889.2026.2732014","CRISPR-Cas9‑based lipid nanocarriers for advanced therapy of urinary bladder cancer.","Mukherjee, Swarupananda; Karati, Dipanjan; Sarkar, Sinjini; Ash, Dipanjana; Ganguly, Shayeri Chatterjee; Dutta, Ayon; Kesarla, Rajesh","Nanomedicine (London, England)","2026-09-10","https://pubmed.ncbi.nlm.nih.gov/42720610/","Bladder cancer (BCa) exhibits significant genetic and phenotypic variability. This variability suggests that various tumor subtypes could be influenced by several biomarkers and signaling pathways, which presents a problem for monotherapy strategies. Despite the initial effectiveness of traditional therapies, BCa's high rates of progression and recurrence, and the eventual development of drug resistance in many patients, continue to be major concerns. Because of the potential to transform the genetic modifications linked to the disease, genome editing using CRISPR/Cas9 has become a transformative tool in medicine with noteworthy potential for BCa therapy. Although the CRISPR/Cas9 technology is incredibly effective at transforming the field of genome editing, its instability and cellular impermeability pose significant challenges to its delivery. To increase efficient delivery of CRISPR/Cas9, nanovectors may be investigated. Significant promise exists for improving the therapeutic potential of CRISPR-Cas9 technology and addressing complex cancer therapy difficulties because of the rapid development of nanotechnology-based delivery systems. Relevant articles were searched in Google Scholar, Scopus, and Web of Science covering studies published between 2007 and 2026. Along with the impact of lipid-based nanoparticles on their safe transport to cancer cells, this review emphasizes the significance of the CRISPR/Cas9 genome editing system in the treatment of BCa."
"pubmed","42720426","10.1167/iovs.67.11.16","Establishment of Stable Immortalized Human Choroidal Melanocytes for Ocular Research.","Fuentes-Rodriguez, Aurelie; Mitchell, Andrew; Gelinas, Vincent; Coutant, Kelly; Droit, Arnaud; Landreville, Solange","Investigative ophthalmology & visual science","2026-09-10","https://pubmed.ncbi.nlm.nih.gov/42720426/","PURPOSE: The short lifespan of primary normal choroidal melanocytes (NCMs) in vitro represents a major barrier to mechanistic, functional, and translational studies of choroid biology and uveal melanoma (UM). This study aimed to establish and characterize immortalized human NCM lines that retain melanocytic function, maintain a non-cancerous profile, and are amenable to gene editing. METHODS: NCMs from four donors were immortalized by lentiviral transduction of cyclin-dependent kinase 4 (CDK4R24C), cyclin D1, and human telomerase reverse transcriptase (hTERT), establishing NCM-K4DT lines. Their morphology, melanocytic marker expression, proliferation, and functional properties (melanin synthesis and tyrosinase activity) were evaluated. Genomic stability was assessed by targeted mutation profiling, karyotyping, and copy number variation (CNV) analysis. The tumorigenicity was tested in immunodeficient mice. Plasmid-based CRISPR/Cas9 editing was performed to determine their suitability for gene editing. RESULTS: NCM-K4DT lines retained dendritic-shaped morphology, pigmentation, and expression of PMEL, TYRP1, Melan-A, and SOX10. Cells exhibited enhanced proliferative capacity with preserved cell cycle regulation. Melanin production and tyrosinase activity were comparable to primary NCMs. Genomic profiling confirmed the absence of UM-associated driver mutations and chromosomal abnormalities. In vivo growth assays demonstrated that NCM-K4DT lines did not form tumors within the 3-month observation period. Notably, NCM-K4DT cells were efficiently edited by CRISPR/Cas9. CONCLUSIONS: NCM-K4DT lines represent stable, non-cancerous, and genetically tractable models for studying choroidal melanocyte biology, modeling UM-associated mechanisms, and advancing therapeutic development in ocular research."
"pubmed","42720254","10.1002/1878-0261.70335","p190A/ARHGAP35 and p190B/ARHGAP5 proteins in endometrial cancer: a novel cancer-relevant paralog interplay.","Pinault, Mathilde; Heraud, Capucine; Oliveira, Melissa Correia de; Neaud, Veronique; Valesco, Valerie; Prouzet-Mauleon, Valerie; Turcq, Beatrice; Dupuy, Jean-William; Raymond, Anne-Aurelie; Croce, Sabrina; Saltel, Frederic; Lagree, Valerie; Moreau, Violaine","Molecular oncology","2026-09-10","https://pubmed.ncbi.nlm.nih.gov/42720254/","Endometrial cancer is one of the main gynecological malignancies worldwide. Several studies highlight ARHGAP35 as a significantly mutated gene in these tumors. It encodes for p190RhoGAP-A (p190A), which is a major regulator of the small GTPase family of proteins. ARHGAP5 is a paralog of ARHGAP35 that encodes p190RhoGAP-B (p190B). By analyzing human endometrial cancer samples, we found a co-occurrence of mutations in ARHGAP35 and ARHGAP5 genes and reported that both are less expressed at the mRNA level in tumoral samples compared to healthy tissues. We then studied the impact of p190A/B under-expression in endometrial cancer and the relationship between the two paralogs. We generated CRISPR/Cas9-mediated HEC-1-A knockout cells for p190A and p190B. We showed that removal of each paralog led to a similar actin remodeling phenotype with the formation of Cross-Linked Actin Networks (CLANs), dependent on the Rho/ROCK pathway. Moreover, proteomic analysis of p190A and p190B knockout cells highlighted similar affected cell functions. Finally, our study demonstrates a functional interaction between p190A and p190B where removal of both paralogs is deleterious in endometrial cancer cells, unveiling a potential actionable vulnerability."
"pubmed","42720009","10.1021/acssensors.6c02330","Input-Triggered Allosteric Activation of CRISPR-Cas12a by Modular Loop-Engineered Hairpins.","Yin, Na; Zhang, Li; Lu, Ruiling; Yu, Hongyan; Wang, Weitao; Lv, Ke; Peng, Yang; Han, Xiaole; Zhang, Yaoyi; Chen, Yuhan; Zhang, Ziheng; Guo, Bianqin; Yang, Gang; Xie, Guoming","ACS sensors","2026-09-10","https://pubmed.ncbi.nlm.nih.gov/42720009/","Achieving precise control over CRISPR-Cas12a activity remains a fundamental challenge in the development of versatile sensing platforms, particularly for applications in diagnostics. Herein, we report an allosteric strategy that employs modular loop-engineered hairpin (MLEH) to precisely control Cas12a activation, thereby establishing a plug-and-play sensing framework with enhanced versatility. The MLEH comprises both the loop‑embedded ssDNA activator sequence and its complementary blocking domain. The input-triggered linearization of the MLEH via toehold-mediated strand displacement governs the accessibility of the activator, thereby controlling the binding and activation of Cas12a. A distinct advantage of this strategy is its elimination of the reliance on protospacer adjacent motif (PAM) sequences, customized CRISPR RNA (crRNA), or external activators. By merely substituting the responsive region of the MLEH, the system can be flexibly reconfigured to detect a wide range of targets, encompassing nucleic acids, proteins, and small molecules. MLEH-Cas12a broadens the scope of CRISPR technologies, offering a robust tool for diverse diagnostic applications. Collectively, our work delineates a novel allosteric regulatory mechanism for Cas12a activation and highlights the potential of engineered hairpins as key components in next-generation molecular sensing platforms, overcoming current limitations in CRISPR-based diagnostics and enabling broader target detection."
"pubmed","42719951","10.1111/febs.70716","Newly identified human aminoacyl-tRNA synthetase complex interacting multifunctional protein 2 (AIMP2) loss-of-function mutations cause neurodevelopmental defects linked to cell death in a zebrafish model.","Mullen, Patrick; Lakhani, Shenela; Appelbaum, Joshua; See, DeJenae; Patterson, Pryce; MacLeod, Collin M; George, Alexandra; Maroofian, Reza; Ross, Margaret E; Francklyn, Christopher; Ebert, Alicia M","The FEBS journal","2026-09-10","https://pubmed.ncbi.nlm.nih.gov/42719951/","Aminoacyl-tRNA synthetase complex interacting multifunctional protein 2 (AIMP2) is a component of the eukaryote-specific multisynthetase complex (MSC), a macromolecular assembly of eight aminoacyl-tRNA synthetases (ARS) and three scaffolding components known as aminoacyl-tRNA synthetase interacting multifunctional proteins (AIMP1-3). Recent studies show that bi-allelic mutations in AIMP2 cause a neurodevelopmental syndrome that overlaps phenotypically with disorders caused by recessive ARS mutations. In this work, we further characterize AIMP2 mutations in two patients with severe neurodevelopmental disorders, including one previously unreported compound heterozygous patient. We show patient-derived fibroblast AIMP2 mutations cause decreased protein expression, attenuation of protein synthesis, and dysregulation of the MSC component, methionyl-tRNA synthetase (MARS1). CRISPR-mediated disruption of aimp2 in zebrafish led to increased cell death and atrophy in the developing brain, further supporting a link between AIMP2 dysfunction and neurodevelopmental defects. We tested anticodon engineered suppressor tRNAs on expression of disease-associated nonsense mutations and found that they dramatically increase protein expression of AIMP2 variants. Together, these data demonstrate that AIMP2 depletion leads to neurodevelopmental dysfunction in both human and zebrafish, and suggest that therapies such as anticodon engineered suppressor tRNAs could improve patient outcomes."
"pubmed","42719693","10.3389/fpls.2026.1842722","A voyage of reprogrammable metabolic bioengineering reshapes plant defense: from editing tools to synthetic systems.","Raghuraman, Pandiyan; Park, SeonJoo","Frontiers in plant science","2026-09-10","https://pubmed.ncbi.nlm.nih.gov/42719693/","Metabolic bioengineering has emerged as a transformative approach for reshaping plant defense by targeting intrinsic biosynthetic pathways to enhance immunity in modern agriculture. Moving beyond proof-of-concept metabolomics to broad-spectrum programmable pathway engineering addresses gaps in plant rational design and optimizes resilience in response to diverse environmental cues. This review aims to comprehensively highlight the transition of innovative approaches to phenolics, alkaloids, flavonoids, terpenoids, and benzoxazinoids, inferring adaptive reprogramming that mediates the growth-defense balance and functions as molecular sentinels in plants. Furthermore, decoding the volatile metabolome reveals a dynamic signaling interface that influences defense responses and stress-induced plant-microbe interactions, with the shikimate, jasmonate, and salicylate pathways functioning as central hubs for microbial deterrence and priming immune memory. Recent developments in multi-scalar genome-editing strategies, including CRISPR-driven combinatorial edits, enzyme orthogonalization, fluxomics, and spatially resolved multi-omics, reconfigure central and specialized metabolic fluxes toward improved defense function and regulation. Additionally, emerging tools, such as WUSCHEL2 and BABY BOOM transcriptional modules, and artificial engineering strategies integrating deep learning model-driven predictions facilitate rapid development of synthetic genetic circuits and support a predictive engineering of plants. Moreover, Mass spectrometry imaging (MSI) in spatial metabolomics enables to obtain structures and locations of unidentified endogenous metabolites within cells and tissues. Overall, this review emphasizes a diverse array of primary and secondary metabolites, spanning molecular concepts to recent advances in plant immune mechanisms. It also illustrates new frontiers in programmable metabolic engineering that accelerate the understanding of plant-microbe-metabolite cross-talks, offering strategies to improve plant resistance and advance sustainable agricultural solutions."
"pubmed","42719520","10.3389/fbioe.2026.1887696","Exploring the role of CRISPR in advancing space biotechnology: challenges and solutions for human survival beyond earth.","Ahmad, Ubaid","Frontiers in bioengineering and biotechnology","2026-09-10","https://pubmed.ncbi.nlm.nih.gov/42719520/","As space exploration advances toward long-duration missions and the potential colonization of extraterrestrial environments, innovative strategies are required to address the physiological, agricultural, and environmental challenges associated with spaceflight. Clustered Regularly Interspaced Short Palindromic Repeats (CRISPR)-Cas9 gene-editing technology has emerged as a promising platform for overcoming these challenges through precise genetic modifications in humans, plants, and microorganisms. This review comprehensively examines the potential applications of CRISPR in space biotechnology, focusing on enhancing astronaut health by targeting genes associated with muscle atrophy, bone loss, radiation resistance, and immune function. It also discusses the potential of CRISPR to engineer crops capable of thriving under space conditions, including microgravity, elevated radiation, limited resources, and constrained lighting, through improved photosynthetic efficiency, nutrient utilization, and stress tolerance. Furthermore, the review explores the use of CRISPR-engineered microorganisms to support closed-loop life-support systems by improving air purification, water recycling, and waste biodegradation. Unlike previous reviews that primarily address individual aspects of CRISPR or space biotechnology, this review integrates advances in astronaut health, space agriculture, and microbial engineering within a unified framework while critically evaluating the associated ethical, technical, regulatory, and biosafety challenges. It also identifies current knowledge gaps and future research priorities to facilitate the responsible development and implementation of CRISPR-based technologies for long-duration space missions. Collectively, these insights highlight the transformative potential of CRISPR to support sustainable human exploration and long-term habitation beyond Earth."
"pubmed","42718568","10.3389/fcimb.2026.1897057","Beyond antibiotics: artificial intelligence-enabled anti-infective ecosystems for next-generation precision therapeutics against antimicrobial resistance.","Pattapulavar, Veilumuthu; Ramanujam, Sathiyabama; Badmanathan, Rosshini; Christopher, John Godwin","Frontiers in cellular and infection microbiology","2026-09-10","https://pubmed.ncbi.nlm.nih.gov/42718568/","The rapid global expansion of antimicrobial resistance (AMR) threatens to undermine decades of progress in infectious disease management and highlights the limitations of conventional antibiotic-centered therapeutic strategies. Although emerging technologies-including antimicrobial peptides, bacteriophage therapy, CRISPR-based antimicrobials, microbiome therapeutics, anti-virulence approaches, nanotechnology-enabled drug delivery, and artificial intelligence (AI)-have individually demonstrated considerable promise, they are predominantly being developed as independent interventions rather than as coordinated components of an integrated therapeutic strategy. This Perspective proposes the Intelligent Anti-Infective Ecosystem (IAIE) as a conceptual systems-level framework that computationally integrates multimodal diagnostics, pathogen genomics, microbiome profiling, AI-assisted decision support, programmable precision therapeutics, ecological monitoring, and longitudinal clinical feedback within a continuously learning dynamically optimized workflow. Unlike existing paradigms that primarily optimize individual technologies or therapeutic decisions, IAIE emphasizes closed-loop coordination among complementary antimicrobial approaches to support precision-guided infection management while preserving microbiome integrity and mitigating resistance selection pressure. We further outline the core components, operational principles, translational challenges, and technology readiness of the major therapeutic platforms that could contribute to such an ecosystem, while distinguishing clinically established interventions from emerging experimental strategies. Importantly, IAIE should be interpreted as a prospective conceptual architecture rather than an existing clinical platform. Its proposed clinical value remains to be established through sequential computational, preclinical, and prospective clinical investigations using standardized microbiological, ecological, and patient-centered outcome measures. By framing antimicrobial innovation within an responsive systems perspective, IAIE provides a roadmap for future multidisciplinary research aimed at integrating artificial intelligence and systems microbiology to enable sustainable management of antimicrobial resistance."
"pubmed","42717734","10.1017/S0007485326101308","Molecular characterization of vitellogenin and its receptor with CRISPR-based sgRNA validation in the legume pod borer, Maruca vitrata (Geyer) (Lepidoptera: Crambidae).","Pradeep, Chalapathi; Sujatha, Parvathy Madhusoodanan; Nagesha, Somakalahalli Narasimhappa; Asokan, Ramasamy; Karuppannasamy, Ashok","Bulletin of entomological research","2026-09-10","https://pubmed.ncbi.nlm.nih.gov/42717734/","Maruca vitrata, the legume pod borer, causes yield losses of up to 80% in grain legumes. Increasing insecticide resistance and environmental concerns necessitate sustainable pest management alternatives. In the present study, the complete vitellogenin (Vg) coding sequence (CDS), a key reproductive gene involved in oogenesis and embryonic development, was cloned and molecularly characterised from M. vitrata. The assembled Vg CDS ( approximately 5.3 kb) shared 99.04% sequence identity with the reported M. vitrata Vg sequence (MG799570.1). Phylogenetic analysis demonstrated close evolutionary association with related Lepidopteran species, while protein domain analysis identified three conserved domains, namely LPD_N, DUF1943, and VWD. Among these, the single exon-encoded LPD_N domain was selected as the target region for CRISPR/Cas9-mediated editing. Homology models of Vg and vitellogenin receptor (VgR) (Global Model Quality Estimation (GMQE): 0.58 and 0.51) showed a favourable interaction by protein-protein docking (score: -295.66). Three single-guide RNAs (sgRNAs) were designed, synthesised through in-vitro transcription, and evaluated using in vitro cleavage assays. sgRNA1 targeting the LPD_N domain and sgRNA2 targeting the signal peptide region exhibited efficient site-specific cleavage activity, whereas sgRNA3 failed to induce cleavage because of an unfavourable secondary structure that likely impaired Cas9-sgRNA complex formation. Overall, this study provides the first CRISPR-oriented functional characterisation and sgRNA validation of the M. vitrata Vg gene, together with structural characterisation of VgR and Vg-VgR interaction analysis, providing preliminary molecular resources for future CRISPR/Cas9 studies and supporting future embryo microinjection and heritable genome editing for sustainable management of M. vitrata."
"pubmed","42717497","10.1002/advs.77704","CRISPR and Gene Augmentation Rescue Trabecular Meshwork Dysfunction in iPSC Models of Lowe Syndrome.","Chen, Siyu; Liu, Zhiquan; Wang, Wenmin; Wang, Qing; Kowal, Tia J; Zhang, Fan; Walkiewicz, Grzegorz; Hossen, Faruk; Lachman, Herbert M; Zhou, Jinqiong; Wang, Yiting; Sun, Yang","Advanced science (Weinheim, Baden-Wurttemberg, Germany)","2026-09-10","https://pubmed.ncbi.nlm.nih.gov/42717497/","Lowe syndrome is a rare, currently incurable multisystem disorder that affects the eyes, kidneys, and central nervous system. It is caused by mutations in the OCRL gene, which encodes an inositol 5-phosphatase. The disorder remains incurable, and the pathways underlying the ocular symptoms remain poorly understood, largely due to the lack of appropriate models. In this study, trabecular meshwork cell models of Lowe syndrome were generated to test two distinct gene therapy strategies: a mutation-agnostic OCRL DNA augmentation therapy and a patient-specific CRISPR-mediated gene correction strategy. The results showed that AAV2-OCRL demonstrated the highest transduction efficiency in patient iPSC-derived trabecular meshwork models (iHTM) among the three AAV-OCRL vectors evaluated, establishing it as a promising delivery vector. Targeted CRISPR-based gene therapy restored OCRL enzyme activity and corrected cellular defects in patient iPSC-derived trabecular meshwork cell models. Furthermore, RNA-sequencing analysis of these models revealed dysregulation of extracellular matrix organization, cell adhesion, focal adhesion, and cytoskeletal regulatory pathways, suggesting that disruption of interconnected ECM-adhesion-cytoskeletal networks may contribute to trabecular meshwork dysfunction in Lowe syndrome-associated glaucoma. These findings indicate the feasibility of OCRL gene augmentation and CRISPR-based gene editing in patient-derived ocular models and position AAV2-OCRL as a leading therapeutic candidate for Lowe syndrome."
"pubmed","42717441","10.1093/neuonc/noag225","EFTUD2-Regulated Alternative Splicing of MSH5 Drives Radioresistance in Recurrent IDH-Mutant Glioma.","He, Qiu; Wu, Runxin; Yu, Xiaozhou; Song, Xiao; Walker, Maya; Tiek, Deanna; Jiang, Tongchao; Li, Xiao-Nan; Her, Chengtao; Hu, Bo; Cheng, Shi-Yuan","Neuro-oncology","2026-09-10","https://pubmed.ncbi.nlm.nih.gov/42717441/","BACKGROUND: Recurrent IDH-mutant gliomas frequently acquire increased radioresistance, leading to poorer outcomes. Their underlying mechanisms, however, remain largely unknown. We hypothesize that dysregulated RNA alternative splicing (AS) during IDH-mutant glioma recurrence contributes to the enhanced radioresistance by influencing critical cellular pathways. METHODS: RNA sequencing of paired primary and recurrent IDH-mutant gliomas were analyzed to identify recurrence-associated AS events. Functional effects were assessed in patient-derived glioma stem cells using RNA interference and CRISPR-dCas13-mediated isoform switching. Candidate upstream RNA-binding proteins and antisense oligonucleotide (ASO)-based therapeutic strategies were evaluated in vitro and in vivo. RESULTS: We identified differentially spliced MutS homolog 5 (MSH5) isoforms between primary and recurrent IDH-mutant gliomas. Primary gliomas predominantly expressed an exon 11/12-skipped MSH5 transcript, whereas recurrent tumors largely retained the full-length isoform. Exon 11/12 skipping introduced a premature termination codon, leading to nonsense-mediated decay and diminished MSH5 expression in primary tumors. Further analyses identified elongation factor Tu GTP binding domain containing 2 (EFTUD2) as an upstream splicing regulator that was upregulated in recurrent tumors and promoted exon 11/12 inclusion, thereby maintaining MSH5 expression and enhancing the repair of radiation-induced DNA double-strand breaks. Inducing MSH5 exon 11/12 skipping with CRISPR-dCas13 or inhibiting EFTUD2 with ASOs reduced MSH5 expression, impaired DNA repair, and sensitized recurrent IDH-mutant glioma to radiotherapy in vitro and in vivo. CONCLUSIONS: These findings identify an EFTUD2-MSH5 splicing axis that contributes to radioresistance in recurrent IDH-mutant glioma. Therapeutic disruption of this splicing program may represent a strategy to enhance the radiation response in recurrent IDH-mutant glioma."
"pubmed","42717353","10.1186/s12967-026-08835-2","Tet2 deficiency drives age-related heterogeneous progression of myeloid neoplasms through epigenetic-immune microenvironment imbalance.","Chen, Yanxi; Yu, Li; Yang, Rui; Chen, Pengjie; Zeng, Wen; Li, Zihan; Wang, Yanting; Xu, Yonggang; Yang, Xiupeng","Journal of translational medicine","2026-09-10","https://pubmed.ncbi.nlm.nih.gov/42717353/","BACKGROUND: Tet2 dysfunction drives myeloid neoplasm initiation and progression, yet the mechanisms underlying disease heterogeneity, age-dependent progression and immune microenvironment perturbation remain poorly understood. This study aimed to establish a hematopoietic specific Tet2 conditional knockout mouse model to elucidate these core mechanisms and recapitulate clinical features of Tet2 mutated myeloid neoplasms. METHODS: We generated Mx1-Cre-mediated haematopoietic-specific Tet2 conditional knockout mice on a C57BL/6JGpt background using CRISPR-Cas9 and Cre-LoxP technologies. Haematopoietic phenotypes, pathological features and immune microenvironment dynamics were systematically characterised in 5- and 12-month-old mice, with wild-type littermates as controls. Statistical analyses were applied for intergroup comparisons of phenotypic and immunological indices. RESULTS: Tet2 deficiency induced myeloid neoplasms with distinct age-dependent progression. Five-month-old mice exhibited mild hematological abnormalities without overt pathology, whereas 12-month-old mice developed typical myeloid neoplasm phenotypes including pancytopenia, splenomegaly, myelodysplasia, with heterogeneous subtypes spanning myelodysplastic syndrome, myeloproliferative neoplasm and acute myeloid leukemia. These mice were also accompanied by severe immune dysregulation. Mechanistically, Tet2-deficient bone marrow established an immunosuppressive niche characterised by M2-like macrophage polarisation and a skewed CCR4 ligand profile with elevated CCL22 and diminished CCL17, which selectively recruited Foxp3(+) regulatory T cells. Concurrently, serum cytokine profiling revealed broad immune activation spanning Th1-type, Th2-type and Th17-type responses. Male mice exhibited significantly accelerated disease progression compared with females. CONCLUSIONS: Tet2 deficiency drives myeloid neoplasm progression through the synergy of epigenetic dysregulation, age-related hematopoietic stem cell damage and immune microenvironment imbalance. This model recapitulates core clinical features of elderly Tet2-mutated myeloid neoplasms and provides a preclinical platform for mechanistic investigation and the development of epigenetic and immune-targeted precision therapies."
"pubmed","42717197","10.1038/s41467-026-76567-4","Towards efficient perturbation for the noncoding genome.","Zhang, Han; Luo, Shijie; Wang, Xiaofeng; Lin, Liquan; Liang, Ruipu; Zhong, Chunge; Zhang, Yunhan; Zhao, Wenchang; Chen, Zhisong; Liu, Xiaoya; Gao, Yunyan; Chen, Feng; Sun, Ning; Huang, Jialiang; Fei, Teng","Nature communications","2026-09-10","https://pubmed.ncbi.nlm.nih.gov/42717197/","Deciphering the functionality of the noncoding genome, which includes important cis-regulatory elements (CREs) and transcribed noncoding RNA genes, remains technically challenging. Here, using massively parallel genetic screening, we systematically benchmark the performance of five representative loss-of-function perturbation tools, including single-guide RNA (gRNA) mediated SpCas9 cleavage or CRISPR interference, and paired gRNA (pgRNA) involved dual-SpCas9, Big Papi (paired SpCas9 and SaCas9) or dual-enAsCas12a fragment deletion methods, in decoding the roles of the noncoding genome. For targeting CREs such as enhancers, dual-SpCas9 outperforms other methods with superior efficiency in destroying functional genomic regions. For perturbing noncoding RNA genes, in addition to dual-SpCas9, other RNA-targeting methods such as RNA interference are recommended to discriminate transcript-dependent or -independent roles. A deep learning model, DeepDC, with an associated web server, is built to facilitate optimal dual-SpCas9 pgRNA design for efficiently deleting a genomic fragment. Together, our work provides practical guidance on selecting appropriate loss-of-function tools to resolve the functional complexity of the noncoding genome."
"pubmed","42717063","10.1038/s41594-026-01894-5","Architecture of a DNA-guided Cas12a.","Ocampo, Rodrigo Fregoso; Orosco, Carlos; Huang, Boyu; West, Madeline S; Parker, Bay; Jain, Piyush K; Taylor, David W","Nature structural & molecular biology","2026-09-10","https://pubmed.ncbi.nlm.nih.gov/42717063/","CRISPR-Cas systems have largely been restricted to RNA-guided nucleases. Here, we present the cryo-electron microscopy structure of Acidaminococcus sp. Cas12a bound to a pseudo-DNA (PsiDNA) guide and RNA target, revealing how Cas12a can accomplish DNA-guided RNA recognition. The PsiDNA hairpin bridges the recognition and nuclease lobes, mimicking a PAM-proximal duplex and positioning the spacer to allow formation of a canonical RNA-DNA heteroduplex along the recognition lobe. This provides a structural framework for its activity and provides a potential blueprint for future engineering."
"pubmed","42717024","10.1038/d41586-026-02840-7","DNA-editing 'pencils' probe early human development.","Khodeer, Sherif; Pasque, Vincent","Nature","2026-09-10","https://pubmed.ncbi.nlm.nih.gov/42717024/",""
"pubmed","42716927","10.1038/s41467-026-76778-9","Ultra-sensitive profiling of CRISPR-Cas off-target effects with Tracking-seq2.","Cong, Tingting; Xu, Runda; Chen, Xuancheng; Yuan, Junsong; Lin, Zuomiao; Yang, Wenqin; Ju, Anji; Wang, Liren; Wang, Qingcan; Zhang, Jiqin; Li, Yinqing; Li, Dali; Zhu, Ming","Nature communications","2026-09-10","https://pubmed.ncbi.nlm.nih.gov/42716927/","Accurate detection of off-target activity in primary human cells is crucial for ensuring the safety of gene therapies, yet existing methods often lack sufficient sensitivity. To address this limitation, we develop Tracking-seq2, an advanced technology that integrates exogenous 5' --> 3' exonuclease treatment and non-homologous end joining (NHEJ) pathway inhibitors with the original Tracking-seq. Tracking-seq2 exhibits enhanced sensitivity in profiling off-target sites of diverse genome editors-including Cas9, Cas12a, cytosine base editors (CBEs), adenine base editors (ABEs), and prime editors (PEs). Critically, Tracking-seq2 is directly applicable to clinically relevant primary human cell types, such as T cells and CD34(+) hematopoietic stem and progenitor cells (HSPCs). Furthermore, our findings reveal that genomic variations drive distinct off-target heterogeneity across different individuals, highlighting the necessity for personalized safety assessment in clinical genome editing applications. Tracking-seq2 provides a robust platform for sensitive off-target detection in primary cells, with sensitivity comparable to or exceeding current state-of-the-art methods."
"pubmed","42716876","10.1016/j.tplants.2026.08.007","Ancient polyploidization waves as evolutionary shields for angiosperms.","Chang, Xiaojun; Gong, Yao; Zheng, Jian; Zhang, Liangsheng","Trends in plant science","2026-09-09","https://pubmed.ncbi.nlm.nih.gov/42716876/","Chen et al. identified 132 whole-genome duplications (WGDs) clustered around environmental crises. We highlight how, over longer evolutionary timescales, ancient WGDs convergently retained MADS-box, MYB, WRKY and HSF transcription factors, building stress-adaptation networks. These insights guide climate-resilient crop improvement through comparative genomics and CRISPR engineering."
"pubmed","42716490","10.1093/bib/bbag478","SpacerScope: binary-vectorized, genome-wide off-target profiling for RNA-guided nucleases without prior candidate-site bias.","Qu, Yanji; Wang, Yaxuan; Wang, Yan; Tang, Haoru; Chen, Qing","Briefings in bioinformatics","2026-09-09","https://pubmed.ncbi.nlm.nih.gov/42716490/","The precision of CRISPR/Cas systems is fundamental to their application in plant and animal biotechnology. However, comprehensive sequence-based off-target candidate discovery remains a computational bottleneck, particularly in large and complex genomes. Here we developed SpacerScope, an off-target candidate discovery framework that enables unbiased, genome-wide discovery by leveraging binary vectorization, bitwise filtering, and right-end-anchored alignment. Benchmarking against human CIRCLE-seq data demonstrated that SpacerScope recovered 100% of validated off-target sites (6142/6142), matching the sensitivity of exhaustive algorithms. Crucially, SpacerScope achieved this maximum candidate recovery while substantially reducing computational overhead. In large-genome evaluations, SpacerScope maintained low peak memory usage of 2.20 GiB and achieved substantial runtime improvements over indel-aware comparator tools, including more than 50-fold speedup relative to Cas-OFFinder 3 (544 s versus 29 185 s). Furthermore, comparative analyses in polyploid species, such as the octoploid strawberry, revealed that SpacerScope identified larger sequence-compatible candidate burdens than standard web-based design platforms. Our results establish SpacerScope as a high-speed framework for sequence-based genome-wide off-target candidate discovery across diverse and highly repetitive genomic landscapes. The source code and program was publicly available at https://github.com/charlesqu666/SpacerScope. Short Abstract CRISPR/Cas sequence-based off-target candidate discovery remains computationally challenging in large, repetitive, and polyploid genomes. Existing tools either miss indel-containing candidate sites or incur prohibitive runtime and memory costs. We developed SpacerScope, a binary-vectorized framework that enables unbiased, genome-wide off-target candidate discovery without pre-selected candidate sites. By integrating bitwise filtering with right-end-anchored alignment, SpacerScope recovered 100% of validated off-target sites in human CIRCLE-seq data while using only 2.20 GiB of memory and achieving more than 10-fold speedup over indel-aware alternatives. Evaluation in plant genomes, including rice and octoploid strawberry, further demonstrated SpacerScope's capacity to identify larger sequence-compatible candidate burdens overlooked by standard tools. SpacerScope thus provides a high-speed framework for sequence-based genome-wide off-target candidate discovery across diverse and highly repetitive genomic landscapes, supporting downstream prioritization."
"pubmed","42716374","10.1016/j.neuropharm.2026.111185","Opto-CRISPR technologies in translational neuropharmacology.","Lau, Cia-Hin; Xia, Qiyuan; Liang, Qingle; Guo, Rui; Zhu, Haibao","Neuropharmacology","2026-09-09","https://pubmed.ncbi.nlm.nih.gov/42716374/","Opto-CRISPR (optically controlled CRISPR/Cas) represents a major advancement in precision neurology by enabling localized gene editing within the nervous system at precise times and locations. While preclinical studies still rely largely on classical CRISPR/Cas systems, opto-CRISPR offers unprecedented opportunities to safely treat neurological diseases at their genetic roots. It achieves this by spatiotemporally correcting pathogenic mutations, halting toxic protein accumulation, repairing neurons, rebuilding neural circuitry, and accelerating drug discovery through highly realistic disease models. This review discusses this emerging field and its transformative potential for translational neuropharmacology, focusing on therapies for neurodevelopmental and neurodegenerative disorders. Opto-CRISPR is classified into four generations: Generation 1 (light-controlled Cas protein systems), Generation 2 (light-activated guide RNA systems), Generation 3 (light-controlled inhibitor systems), and Generation 4 (NIR upconversion and epigenetic multiplexing). Their working mechanisms, applications, advantages, and limitations are comprehensively described. We also critically discuss how opto-CRISPR offers distinct advantages over traditional biologics and remote modalities (e.g., small-molecule drugs, monoclonal antibodies, antisense oligonucleotides, viral-mediated gene therapy, magnetogenetics, and sonogenetics) in neuropharmacology. Finally, we address current challenges and the therapeutic outlook for the clinical translation of opto-CRISPR."
"pubmed","42716355","10.1016/j.biotechadv.2026.109033","Emerging strategies for regulating Cas12a and Cas13a trans-cleavage activity in biosensing.","Wang, Xiaohui; Huang, Yaru; Zhang, Lei; Zheng, Le","Biotechnology advances","2026-09-09","https://pubmed.ncbi.nlm.nih.gov/42716355/","CRISPR-Cas12a and Cas13a have become widely used platforms for molecular diagnostics and biosensing, because target recognition can trigger collateral nucleic acid cleavage for signal amplification. Leveraging this mechanism, numerous biosensing platforms have been developed with high sensitivity, high specificity, and compatibility with point-of-care testing. However, their analytical performance depends strongly on the regulation of trans-cleavage activity. This review summarizes recent advances in the molecular basis and activity regulation of CRISPR-Cas12a- and Cas13a-based biosensing systems. We discuss the target-recognition and conformational activation mechanisms underlying Cas12a and Cas13a trans-cleavage. We then examine how Cas effector properties, crRNA architecture and composition, activator accessibility and structure, reaction conditions, and reporter design regulate target-induced activation and signal output. We further highlight the use of these strategies for controlled activation, tunable signal generation, and broader biosensing applications. By organizing these strategies across different regulatory layers, this review aims to provide a framework for designing more controllable and adaptable CRISPR trans-cleavage biosensing systems."
"pubmed","42716227","10.1016/j.plantsci.2026.113443","The OsRFP1-OsMYB61 module regulates rice drought tolerance by modulating the transcription of ABA- and drought-responsive genes.","Li, Xiaoyue; Xu, Bing; Jia, Xuying; Cao, Xiaohong; Sun, Wanying; Wang, Weiwei; Yang, Siqi; Yan, Tengling; Du, Honglin; Guo, Guangyan; Bi, Caili","Plant science : an international journal of experimental plant biology","2026-09-09","https://pubmed.ncbi.nlm.nih.gov/42716227/","Rice (Oryza sativa L.) is a major food crop worldwide. With the acceleration of global warming, drought is becoming one of the major limitations for rice productivity. In plants, MYB transcription factors (TF) play pivotal roles in mediating drought stress tolerance. The rice OsMYB61 encodes an R2R3-MYB protein. OsMYB61 is localized both in the nucleus and the stomatal guard cells in the Nicotiana benthamiana leaves. The expression of OsMYB61 is repressed by ABA and PEG treatments. OsMYB61-overexpressing rice lines exhibited decreased drought tolerance. qRT-PCR evidence showed that the transcription levels of OsDREB2A and OsNCED1/4 in transgenic rice plants were differentially altered by PEG treatment. The yeast one-hybrid (Y1H) assay and transient luciferase reporter experiments demonstrated that OsMYB61 may bind to the promoters OsNCED1/4 and OsDREB2A, and hence inhibits their expression. OsRFP1 is a RING-finger E3 ubiquitin ligase and promotes stomatal opening. Our evidence showed that OsMYB61 interacts with and ubiquitinates OsRFP1 directly, thereby promoting its degradation via the ubiquitin-26S proteasome pathway. Moreover, knockout of OsRFP1 via the CRISPR-Cas9 technique led to decreased drought and osmotic tolerance of osrfp1 mutants, implying that OsRFP1 positively regulates drought and osmotic stress response. Furthermore, co-expression of OsRFP1 and OsMYB61 attenuated the repressive effects of OsMYB61 on the transcription of OsNCED1/4 and OsDREB2A. Collectively, our findings unraveled the molecular mechanisms of the OsRFP1-OsMYB61 module in regulating rice drought tolerance, which provide potential targets for rice breeding with improved drought tolerance."
"pubmed","42716156","10.1016/j.ijbiomac.2026.154405","PDK1 signaling in cancer: Current status and future perspectives.","Honnasiddappa, Darshana Ballagere; Ramar, Mohankumar; Biju, Tincy; Sajjan, Mallikarjun; Venkatesh, Chidananda; Mahadeva, Nayan Kumar; Kunjiappan, Selvaraj; Ammunje, Damodar Nayak; Pavadai, Parasuraman","International journal of biological macromolecules","2026-09-09","https://pubmed.ncbi.nlm.nih.gov/42716156/","Dysregulation of signaling pathways governing cell growth, survival, metabolism, angiogenesis, invasion, metastasis, and therapeutic response drives cancer progression. The AGC family of kinases, such as AKT, S6K, SGK, RSK, and PKC, is important for downstream signaling. The 3-phosphoinositide-dependent protein kinase-1 protein (PDK1), encoded by the PDPK1 gene, phosphorylates activation-loop residues in these kinases and links phosphoinositide signaling to cellular growth, survival, metabolism, and transformation. The structure, regulation, cancer-associated functions, and therapeutic targeting of PDK1 are critically reviewed, with a focus on the pleckstrin homology domain, PIF pocket-mediated substrate docking, the kinase domain, and reported non-catalytic interactions. Experimental results from breast, lung, gastric, liver, hematological, and melanoma models suggest that dysregulated PDK1 signaling can increase the output of the PI3K-AKT-mTOR pathway, invasion, metabolic adaptation, and resistance to specific hormonal, chemotherapeutic, and targeted therapies. In some preclinical models, genetic suppression of PDK1 using siRNA, shRNA, or CRISPR-based methods has been shown to slow tumor cell growth and restore drug sensitivity. However, PDK1 remains an unvalidated therapeutic target in the clinic. There is no selective PDK1 inhibitor that has been clinically approved, and most pharmacological candidates are based on biochemical and cellular data. There is limited genetic evidence and in vivo evidence, and no validated clinical evidence specific to PDK1. Emerging PIF-pocket ligands, dual-site inhibitors, allosteric modulators, and protein-degradation strategies are therefore investigational strategies that need to be improved in terms of selectivity, pharmacokinetic characterization, tumor-context validation, and biomarker-guided evaluation."
"pubmed","42716134","10.1016/j.bcp.2026.118462","MEX3A mediates DHRS3 instability to relieve G0/G1 arrest and facilitate hepatocellular carcinoma tumorigenesis and progression.","Li, Weihan; Mo, Shanshan; Zhang, Wei; Ben, Yiran; Chen, Guolin","Biochemical pharmacology","2026-09-09","https://pubmed.ncbi.nlm.nih.gov/42716134/","Hepatocellular carcinoma (HCC), the most prevalent form of liver cancer, has a high incidence and mortality rate. This study aimed to elucidate the function of MEX3A in HCC and explore its underlying mechanisms. The expression of MEX3A was assessed in a DEN/CCl(4)-induced mouse model and in clinical HCC tumor tissues. MEX3A expression was increased in the tumors of HCC patients and was associated with poor prognosis. CRISPR/Cas9-mediated MEX3A knockout induced cell cycle arrest at the G0/G1 phase and suppressed the proliferation of HCC cells. Knockout of Mex3a hampered tumor development in DEN/CCl(4)-induced mice and inhibited xenograft tumor growth. MEX3A reduces the mRNA stability of DHRS3 via MRE. Knockdown of DHRS3 compromised the effect of MEX3A knockout on the HCC cell cycle and promoted HCC development. MEX3A transcription in HCC is regulated by ZKSCAN5. Knockout of ZKSCAN5 induced HCC cell cycle arrest at the G0/G1 phase and suppressed HCC cell proliferation. Sincalide, a compound targeting ZKSCAN5, inhibited the malignant behavior of HCC cells. The findings of this study indicate that sincalide serves as a potential ZKSCAN5-targeting candidate compound. By binding to ZKSCAN5 and promoting its proteasome-dependent degradation, it offers a new avenue for inhibiting the ZKSCAN5/MEX3A/DHRS3 axis."
"pubmed","42716014","10.1016/j.neuron.2026.08.006","Mapping cell-type- and age-dependent neuronal vulnerability through genome-wide in vivo CRISPRi screens in the mouse brain.","Lin, Risheng; Ke, Zeting; Wang, Jianhui; Wei, Tianzi; Zhang, Lifu; Fang, Yitong; Tian, Ruilin","Neuron","2026-09-09","https://pubmed.ncbi.nlm.nih.gov/42716014/","Current brain atlases are largely descriptive, cataloging correlative molecular snapshots such as gene expression signatures yet offering limited functional insight. Here, we develop a scalable, cell-type-resolved in vivo CRISPR interference (CRISPRi) platform enabling systematic gene function profiling in the mouse brain. Through genome-wide screens across four neuronal populations at three time points spanning youth to aging, we identify neuronal essential genes missed in vitro and define a consensus set of 269 neuronal core essential genes. The data reveal cell-type-specific genetic vulnerabilities, including divergent dependencies validated for exosome component 9 (Exosc9) and osteopetrosis-associated transmembrane protein 1 (Ostm1) between excitatory and inhibitory neurons. We uncover aging-specific dependencies enriched in mitochondrial and translational pathways, aligning with transcriptional changes in the aging human brain. Finally, we establish the CRISPRinvivo data portal as a community resource for in vivo screening. Altogether, this work provides a broadly applicable platform for in vivo functional genomics and a framework for building comprehensive gene-function brain atlases."
"pubmed","42716012","10.1016/j.ajhg.2026.08.014","Functional characterization of the 9q34.13 locus identifies RAPGEF1 as a candidate gene modulating risk for melanoma and nevi via RAS activation.","Thakur, Rohit; Xu, Mai; Thornock, Alexandra M; Yon, Joshuah; Anyaso-Samuel, Samuel; Lauss, Martin; Rehling, Thomas; Bui-Raborn, Linh; Sowards, Hayley; Duncan, Gerard; Jessop, Lea; Myers, Timothy; Chari, Raj; Long, Erping; Funderburk, Karen; Yin, Jinhu; Hennessey, Rebecca; Hsieh, Emory; Levin, Hannah; Machiela, Mitchell J; Zhang, Tongwu; Jonsson, Goran; Bishop, D Timothy; Newton-Bishop, Julia; Nsengimana, Jeremie; Iles, Mark M; Landi, Maria Teresa; Law, Matthew H; Andresson, Thorkell; Choi, Jiyeon; Zon, Leonard I; Shi, Jianxin; Brown, Kevin M","American journal of human genetics","2026-09-09","https://pubmed.ncbi.nlm.nih.gov/42716012/","Genome-wide association studies identified a melanoma- and nevus count-associated locus on chromosome band 9q34.13. Fine-mapping and melanocyte expression data collectively suggest two potential risk genes with opposite associations with risk: higher levels of Rap guanine nucleotide exchange factor 1 (RAPGEF1) and lower levels of uridine-cytidine kinase 1 (UCK1). Colocalization analyses and conditional transcriptome-wide association studies (TWASs) suggest multiple causal cis-regulatory sequence variants in partial linkage disequilibrium (LD) to each other. Melanocyte capture-HiC and CRISPR inhibition demonstrated regulatory interactions between fine-mapped variants and the RAPGEF1 and UCK1 promoters. Focusing on RAPGEF1, we demonstrate that RAPGEF1 expression promotes melanocyte growth and drives colony formation of human immortalized melanocytes. Following treatment with human epidermal growth factor (EGF), RAPGEF1 overexpression activated both RAP1 and RAS. Further, we show that RAPGEF1 expression is significantly enriched in melanomas that lack strongly activating RAS-MAPK pathway mutations, which suggests that RAPGEF1 may promote oncogenic RAS-MAPK pathway signaling in melanomas. Furthermore, in these tumors, we provide preliminary evidence to support the prognostic relevance of RAPGEF1 expression in individuals whose melanomas lack RAS or BRAF mutations. Together with other recent studies, these data suggest that germline variation influencing RAS activation may play a key role in nevus development and melanoma risk."
"pubmed","42715858","10.1016/j.micres.2026.128712","Spartin promotes influenza A virus attachment by sustaining the organization of sialic acid clusters.","Sun, Huimin; Luo, Didan; Tu, Shaoyu; Du, Yue; Xiong, Chuhan; Jin, Meilin; Chen, Huanchun; Zou, Jiahui; Zhou, Hongbo","Microbiological research","2026-09-09","https://pubmed.ncbi.nlm.nih.gov/42715858/","Swine influenza virus (SIV) poses a continuous threat to global pig production and public health. Efficient SIV replication is highly dependent on host factors, making their identification and functional characterization important for the development of host-directed antiviral strategies. Here, we investigated the role of the host factor SPART in SIV infection using CRISPR/Cas9-mediated knockout cells in combination with viral entry assays, flow cytometry, confocal microscopy, and stimulated emission depletion (STED) super-resolution imaging. SPART deficiency markedly impaired the replication of multiple influenza A virus (IAV) subtypes. Further analyses revealed that SPART knockout inhibited viral attachment. Mechanistically, SPART deficiency altered the organization of sialic acid clusters on the cell membrane by remodeling intracellular F-actin via hyperactivation of the MEK/ERK signaling pathway, without affecting the expression of sialic acid receptors. Collectively, these findings identify SPART as a novel host factor that promotes IAV attachment by maintaining sialic acid cluster organization, providing new mechanistic insight into host-mediated regulation of influenza virus entry."
"pubmed","42715831","10.1016/j.theriogenology.2026.118163","Rapid CRISPR-based bovine embryo sexing to streamline genotype-informed cattle breeding.","Ri, Lara; Cortez, Jenin V; Bogema, Daniel R; Nevard, Rory; Day, Margot; Grupen, Christopher G; McFarlane, Gus R","Theriogenology","2026-09-09","https://pubmed.ncbi.nlm.nih.gov/42715831/","Cattle in vitro fertilisation and embryo transfer programmes increasingly rely on embryo-level selection to accelerate genetic gain, but current sexing and genotyping workflows can be costly, slow and logistically demanding. This study developed an efficient, low-resource workflow for bovine embryo sexing that combines whole genome amplification (WGA) with recombinase polymerase amplification-CRISPR-Cas12a (RPA-Cas12a). It also assessed whether the same WGA biopsy products could be used for downstream single nucleotide polymorphism (SNP) microarray genotyping. A one-tube RPA-Cas12a assay targeting the bovine Y-chromosome S4 repeat was developed for fluorescence and lateral flow assay (LFA) readouts. Analytical sensitivity was assessed using serially diluted bovine genomic DNA (gDNA), and breed robustness was tested using male and female gDNA from five major beef breeds and Holstein cattle. The workflow was then applied to WGA products from 22 bovine blastocyst biopsies, with sex calls validated against an established real-time PCR melt curve assay and 100K SNP microarray genotyping. The assay detected male bovine gDNA down to 100 pg using both fluorescence and LFA readouts, with no signal from female gDNA. Male-specific detection was consistent across all breeds tested. All WGA-RPA-Cas12a sex calls from blastocyst biopsies were concordant with real-time PCR and SNP microarray sex calls, and WGA biopsy products produced genome-wide SNP call rates above 85%. This workflow provides a practical approach for rapid bovine embryo sex triage and could reduce unnecessary cryopreservation and genotyping while improving the efficiency of genotype-informed cattle breeding programmes."
"pubmed","42715099","10.1016/j.celrep.2026.117960","FANCM is required for the PAX3::FOXO1-driven oncogenic program in rhabdomyosarcoma.","Delaney, Christopher D; Lu, Min; Zimmerman, Seth P; Meng, Yingying; Vaganay, Camille; Cerda-Smith, Christian G; Liu, Annie; Hoj, Jacob P; Killarney, Shane T; Dillon, Kerry; Stewart, Amy E; Huang, Kevin; Caci, Julia D; White, Olivia; Puissant, Alexandre; Root, David E; Shern, Jack F; Eyler, Christine E; David Chen, Chun-Wei; Counter, Christopher M; Linardic, Corinne M; Zou, Lee; Wood, Kris C","Cell reports","2026-09-09","https://pubmed.ncbi.nlm.nih.gov/42715099/","Many cancers are driven by mutationally altered transcription factors (TFs) that rewire cells to an oncogenic state. Cells must activate specific mechanisms to tolerate the burden of oncogenic TF activity. To define such mechanisms, we focused on a canonical oncogenic fusion protein-driven cancer, alveolar rhabdomyosarcoma (ARMS), where the PAX3::FOXO1 fusion protein hyperactivates and mislocalizes PAX3 and FOXO1 TF functions. Employing sequential functional genomic CRISPR-Cas9 screens, we identified FANCM, a DNA translocase in the Fanconi anemia pathway, as a selective dependency in PAX3::FOXO1+ ARMS. FANCM loss reduces fusion protein levels, induces myogenic differentiation, and disrupts the PAX3::FOXO1 transcriptional program, thereby halting oncogenic proliferation. Mechanistically, FANCM depletion exacerbates replication stress (RS) and DNA damage signaling, with chromatin-associated RS enriched at PAX3::FOXO1 target gene loci, resulting in selective downregulation of the oncogenic program. CRISPR exon-tiling screens prioritized FANCM's helicase and DNA-binding domains as essential for this dependency, linking FANCM-mediated replication fork binding to sustained oncogenesis."
"pubmed","42715083","10.1073/pnas.2613134123","Harmonizing amplification and cleavage kinetics through crRNA scaffold mutation enables robust one-pot CRISPR-Cas12 diagnostics.","Jiang, Qingyang; Xu, Ruiquan; Lin, Zhixin; Sun, Chenyu; Ye, Feidi; Ye, Yanyan; Lin, Duoming; Li, Zhen; Mai, Jingwen; Lin, Zhihong; Qu, Jiuxin; Deng, Xiaoyan; Ge, Chenchen; Wang, Dou","Proceedings of the National Academy of Sciences of the United States of America","2026-09-09","https://pubmed.ncbi.nlm.nih.gov/42715083/","CRISPR-based diagnostics (CRISPR-Dx) integrated with isothermal nucleic acid amplification have emerged as a promising strategy for point-of-care molecular testing. Their practical deployment, however, remains constrained by workflow-related limitations. Conventional two-step formats are laborious and highly susceptible to aerosol contamination during amplicon transfer, whereas simplified one-pot formats often suffer from reduced sensitivity because amplification and CRISPR-mediated cleavage compete kinetically within the same reaction vessel. In this work, we present a broadly applicable one-pot detection strategy termed mutant scaffold-mediated RPA-CRISPR/Cas12a (MS-CRISPR). This approach introduces rationally designed point mutations into the crRNA scaffold to moderately attenuate Cas12a activation and cleavage kinetics. Such kinetic tuning prevents the enzyme from prematurely depleting nascent RPA amplicons, a common source of signal loss in wild-type systems. By delaying cleavage until sufficient amplification products have accumulated, MS-CRISPR markedly enhances endpoint signal output. Using this kinetically balanced system, we achieved a limit of detection of 1 copy/muL for both SARS-CoV-2 and influenza A virus within 15 min, while preserving a fully closed-tube workflow that minimizes aerosol contamination and simplifies operation. We coupled the assay with an instrument-free lateral-flow readout and an ultraportable, multiplex, low-cost microfluidic platform (portable wireless isothermal nucleic acid detection). Clinical validation with patient samples showed 100% sensitivity and specificity for both viral targets. Collectively, MS-CRISPR establishes a sensitive, versatile, and field-deployable platform for rapid pathogen screening."
"pubmed","42714839","10.1158/1078-0432.CCR-21-3677","Phase 1 trial and biomarker analysis of Buparlisib with weekly Cisplatin and Radiotherapy in high risk locally advanced squamous cell cancer of the Head and Neck.","Lorch, Jochen H; Wong, Kristine; Tishler, Roy B; Haddad, Robert I; O'Neill, Anne; Shin, Kee-Young; Liu, Mofei; Hanna, Glenn J; Chau, Nicole G; Rabinowits, Guilherme; Schoenfeld, Jonathan D; Margalit, Danielle N; Goguen, Laura; Uppaluri, Ravindra; Thomas, Tom; Kacew, Alec; McHugh, Patricia; Harris, Ethan; Austin, Kimberly; Huang, Julian; Mahmood, Umair; Kochupurakkal, Bose S; Sholl, Lynette M; Spangle, Jennifer M","Clinical cancer research : an official journal of the American Association for Cancer Research","2026-09-09","https://pubmed.ncbi.nlm.nih.gov/42714839/","PURPOSE: We evaluated the pan-PI3K inhibitor buparlisib with weekly cisplatin and radiotherapy among patients with locally advanced (LA) squamous cell cancer of the head and neck (SCCHN) and tobacco history. PATIENTS AND METHODS: Patients with stage III/IV LA-SCCHN (AJCC7), >/=10 pack-year tobacco use treated with curative intent were enrolled. Patients received buparlisib during a 2-week run-in phase and during standard 70Gy of radiotherapy plus weekly cisplatin. An exploratory analysis of genomic sequencing was performed on biopsy specimens Results: Twenty-three patients were enrolled (n=17 at the MTD (buparlisib 40 mg daily, CDDP 30mg/m2/week)). Ninety-one percent (21/23) had stage IV disease. HPV was detected in 15 of 18 cases with oral/oropharyngeal disease. 5 patients suffered recurrences of whom 3 had activating mutations along the PI3K pathway. In 5 patients whose disease responded during the 2 week run-in phase with buparlisib alone, 3 of 4 with sequencing data showed loss-of-function mutations in either Tumor Necrosis Factor Receptor Associated Factor 3 (TRAF3), and/or Cylindromatosis Lysine Deubiquinatinase (CYLD). Preclinical studies with mutations in TRAF3 or CYLD via CRISPR/Cas9 knockout in HPV+SCCHN cells demonstrate that loss of TRAF3 or CYLD may sensitize SCCHN cell lines to PI3K through mechanisms other than blocking NFkappab pathway. CONCLUSIONS: Buparlisib with CRT was feasible and active, though escalation to the standard weekly cisplatin dose of 40 mg/m2 was not possible. Our data suggests that TRAF3/CYLD mutant SCCHN may be susceptible to PI3K inhibition whereas PI3K pathway activation appeared to be associated with poor outcomes in this limited dataset."
"pubmed","42714654","10.1007/s00425-026-05151-3","Auxin is involved in NtIAA17-mediated regulation of root development under salt stress in tobacco.","He, Fan; Li, Chang; Liu, Shengbo; Jia, Zhibin; Zhu, Zitong; Yang, Yongxia; Zhang, Songtao; Luo, Yong; Jia, Hongfang","Planta","2026-09-09","https://pubmed.ncbi.nlm.nih.gov/42714654/","NtIAA17 acts as a positive regulator of salt tolerance in tobacco, which alleviates salt-repressed root growth by sustaining auxin homeostasis and antioxidant capacity. Across the globe, soil salinization severely restricts plant growth and crop yield, posing a serious threat to agricultural sustainability. While auxin is indispensable for the control of root development and abiotic stress adaptation, the precise mechanism through which this hormone modulates salt tolerance in tobacco remains poorly understood. Here, we demonstrate that salt stress markedly inhibits root growth in tobacco, while exogenous auxin application effectively alleviated this inhibitory effect. Transcriptome analysis revealed that salt stress extensively reprogrammed the genes associated with auxin synthesis, polar transport, and signal transduction pathways. We further cloned and characterized NtIAA17, a salt‑inducible Aux/IAA gene encoding a nucleus‑localized protein with distinct tissue‑specific expression. CRISPR-Cas9-mediated knockout of NtIAA17 enhanced salt sensitivity in tobacco. Compared with wild-type plants, the NtIAA17-knockout lines showed reduced auxin accumulation, lower transcript levels of auxin synthesis (NtYUCCAs) and transport (NtPINs) genes, stunted root growth, and compromised antioxidant capacity under salt stress. Collectively, our results demonstrate that NtIAA17 functions as a positive regulator of salt tolerance in tobacco by coordinating auxin signal transduction and antioxidant defense pathways, thus offering a promising genetic target for engineering salt-tolerant crops."
"pubmed","42714611","10.1007/s00299-026-03963-x","Genetic transformation of forage crops: comparative barriers, evidence, and emerging strategies.","Yaoyu, Tian; Xiang, Xu; Peizhi, Yang; Xiaoxia, Shen","Plant cell reports","2026-09-09","https://pubmed.ncbi.nlm.nih.gov/42714611/","Forage crops include phylogenetically and biologically distinct legumes and grasses, and their genetic transformation is constrained by different combinations of host response, DNA-delivery efficiency, regeneration competence, genotype dependence, and genome stability. This review critically compares evidence from forage legumes and forage grasses rather than treating these groups as a single transformation category. We evaluate Agrobacterium-mediated transformation, protoplast-based delivery, particle bombardment, CRISPR/Cas-enabled applications, developmental regulators (DRs), viral vectors, and nanomaterial-mediated delivery according to four practical outcomes: reproducibility across genotypes, recovery of regenerated plants, heritable transmission, and genetic stability. Direct evidence in forage crops shows that protocol performance is strongly species-, genotype-, explant-, and endpoint-dependent; efficiencies based on transient reporters or resistant callus therefore cannot be directly equated with stable, fertile events. DR-assisted regeneration has direct proof of concept in recalcitrant forage grasses, whereas stable nanomaterial-mediated transformation and virus-induced heritable editing remain unvalidated in forage crops. We conclude that current progress is best interpreted as the engineering of interacting delivery and regeneration constraints, not as a universal transition to genotype-independent transformation. Priority should be given to standardized outcome reporting, multi-genotype and inter-laboratory validation, controlled DR expression, and rigorous molecular and phenotypic assessment of regenerated plants."
"pubmed","42714387","10.1128/aac.00495-26","Functional validation of the Plasmodium falciparum K13 C580Y mutation in recently collected Ethiopian isolates.","Mukherjee, Angana; Assefa, Ashenafi Bahita; Turlo, Christopher V; Needham, Lisa Checkley; Shoue, Douglas; Qahash, Tarrick; Belachew, Mahlet; Tadesse, Dagimawie; Kassie, Enirsie; Berihun, Mulu; Brhane, Bokretsion G; Parr, Jonathan B; Ferdig, Michael T","Antimicrobial agents and chemotherapy","2026-09-09","https://pubmed.ncbi.nlm.nih.gov/42714387/","Recent genomic investigation in Ethiopia identified the first detection of the Plasmodium falciparum Kelch13 (K13) C580Y substitution in the Horn of Africa. To assess its functional impact, we introduced C580Y into two recently collected Ethiopian clinical isolates using CRISPR-Cas9 genome editing. Ring-stage survival assays showed significantly elevated in vitro dihydroartemisinin survival in edited parasites relative to isogenic controls, demonstrating that C580Y confers artemisinin tolerance in contemporary Ethiopian parasite genetic backgrounds."
"pubmed","42714094","10.3791/71451","Generation and Phenotypic Characterization of a CRISPR/Cas9-Engineered Cracd-Deficient Mouse Model for Post-Myocardial Infarction Remodeling Studies.","Zheng, Shuang; Li, Xiang; Li, Fei; Ren, Xuecong; Chen, Jianxin; Zou, Yunzeng; Yang, Feng Hua; Xia, Yu; Tan, Weijiang","Journal of visualized experiments : JoVE","2026-09-09","https://pubmed.ncbi.nlm.nih.gov/42714094/","Myocardial infarction (MI) remains a major cause of morbidity and mortality worldwide. This protocol describes a method for generating and characterizing a Cracd-deficient mouse line on the C57BL/6N background using CRISPR/Cas9 technology. Zygotes were co-injected with Cas9 mRNA, a gRNA construct, and a donor template designed to generate a 3153-bp genomic deletion. The edited allele was confirmed by PCR genotyping and Sanger sequencing. To assess the functional role of CRACD in post-MI remodeling, Cracd-deficient and wild-type (WT, C57BL/6N) mice underwent MI induced by permanent ligation of the left anterior descending coronary artery. On postoperative day 7, cardiac function and left ventricular wall motion were assessed using transthoracic echocardiography and speckle-tracking strain imaging, followed by histopathological evaluation with H&E and Masson's trichrome staining. Representative results showed that Cracd-deficient mice exhibited reduced ventricular dilation and preserved systolic function compared to WT controls. This protocol provides a reliable experimental platform for mechanistic studies of CRACD in cardiac pathophysiology."
"pubmed","42713745","10.1002/path.70106","Heterozygous germline deletion in Hif3a exacerbates esophageal squamous cell carcinoma development.","Qian, Yanli; Lin, Runhua; Liu, Zhiwei; Huang, Bo; Liu, Xi; Su, Ruibing; Du, Caiwen; Liu, Chencai; Xiao, Chenglin; Zhang, Xinxin; Zhang, Zhihua; Tian, Dongping; Su, Min","The Journal of pathology","2026-09-09","https://pubmed.ncbi.nlm.nih.gov/42713745/","Germline variations contribute to esophageal squamous cell carcinoma (ESCC) susceptibility. We identified a germline deletion (exons 7-8) in HIF3A in an ESCC family and investigated its functional impact using CRISPR/Cas9-engineered cells and Hif3a-eKO1 mice (heterozygous for exons 7-8 deletion). Multi-omics analysis of Hif3a-eKO1 and WT mice revealed dysregulated pathways in normal esophagus and during 4NQO-induced carcinogenesis, with key biomarkers validated by immunohistochemistry. Hif3a deficiency enhanced ESCC cell proliferation and invasion in vitro and accelerated 4NQO-induced tumorigenesis in vivo, with Hif3a-eKO1 mice developing more and larger neoplastic lesions. Multi-omics analysis revealed downregulation of cytokeratin-related genes (notably Krt17) and gammadelta T cells in normal esophagus of Hif3a-eKO1 compared with WT. Consistently reduced Krt17 expression in Hif3a-eKO1 was confirmed by both esophageal immunohistochemistry and cellular Western blot analyses. During 4NQO-induced carcinogenesis, Hif3a deficiency upregulated DNA damage response markers, including Kruppel-like factor 4 (Klf4) and ATR serine/threonine kinase (Atr). Notably, epithelial cells with abundant gammaH(2)AX foci lacked Krt17 expression, while Krt17-positive cells showed minimal gammaH(2)AX foci. Heterozygous germline Hif3a deletion (exons 7-8) may promote ESCC by disrupting esophageal barrier function-impairing Krt17-mediated epithelial integrity and reducing gammadelta T cells-while exacerbating genomic instability. These findings reveal ESCC predisposition mechanisms and therapeutic targets. (c) 2026 The Pathological Society of Great Britain and Ireland."
"pubmed","42713672","10.1111/cas.70520","The DNA/RNA Helicase SETX Maintains R-Loop Homeostasis to Promote Chemoresistance in Ovarian Cancer.","Hu, Zi-Wei; Xu, Tu-Nan; Wang, Zi-Ying; Zheng, Xin; Feng, Duan-Yong; Wang, Xiao-Min; Jin, Er-Suo; Ren, Ming; Yang, Xiao-Min; Zhang, Xian-Chao; Che, Xuan; Pan, Wei-Wei; Zhan, Zha-Jun; Cheng, Shu-Qun","Cancer science","2026-09-09","https://pubmed.ncbi.nlm.nih.gov/42713672/","Ovarian cancer is a lethal malignancy that frequently develops resistance to platinum-based chemotherapies. Elucidating the genes that regulate DNA damage repair could lead to more effective treatments for ovarian cancer. Senataxin (SETX), an RNA-DNA helicase, maintains R-loop homeostasis to ensure replication fork progression, and its deficiency is linked to neurodegenerative diseases. However, its clinical relevance to solid tumors is not understood. We aimed to investigate the clinical significance and functional role of SETX in ovarian cancer progression and chemotherapy resistance. SETX expression was analyzed in ovarian cancer tissues, followed by CRISPR-Cas9-mediated knockout, mechanistic analyses, and RNASEH1 rescue experiments to investigate its role in ovarian cancer progression and chemoresistance. SETX was significantly overexpressed in ovarian tumors, and its high expression was correlated with cisplatin resistance and poor patient survival. SETX depletion significantly impaired tumor cell proliferation and invasion and sensitized cells to cisplatin-induced apoptosis. Mechanistically, SETX deficiency triggered pathological R-loop accumulation, which was accompanied by replication stress, DNA double-strand breaks, and activation of DNA damage response. RNA-seq analysis also revealed splicing alterations and U2AF1 interaction. Critically, R-loop degradation induced by RNASEH1 overexpression rescued the DNA damage phenotype and growth defects induced by SETX loss. These findings reveal a dual oncogenic role for SETX. Maintaining R-loop homeostasis supports malignant progression while conferring chemotherapy resistance. Therefore, SETX represents a promising therapeutic target, as its inhibition simultaneously suppresses tumor growth and overcomes chemotherapy resistance in ovarian cancer."
"pubmed","42713652","10.1242/dmm.052775","A patient-derived missense mouse model of Kabuki syndrome 1.","Halldorsdottir, Sara Tholl; Vinod, Meghna; Gunnlaugsson, Hilmar Orn; Bjornsdottir, Ellen Dagmar; Jacques Lasseur, Romain Maurice; Luperchio, Teresa; Fahrner, Jill A; Ulfig, Agnes; Bjornsson, Hans Tomas","Disease models & mechanisms","2026-09-09","https://pubmed.ncbi.nlm.nih.gov/42713652/","Kabuki syndrome type 1 (KS1) is a rare cause of intellectual disability resulting from heterozygous pathogenic variants in the gene encoding the histone methyltransferase KMT2D. A previously established loss-of-function mouse model of KS1 exhibits key phenotypic features, and therapeutic trials in this mouse model suggest postnatal malleability of neurological symptoms. However, 15-30% of individuals with KS1 carry missense variants. To investigate whether missense variants lead to similar phenotypic presentation in mice, we used CRISPR-Cas9 to introduce the KS1- patient variant R5179, corresponding to R5230H in mice into C57BL/6NTac. Computational and in vitro testing suggests that the R5230H variant does not impair protein stability or loss of enzyme function of KMT2D. Despite a distinct mechanistic basis, our new mouse model (Kmt2d+/R5230H) recapitulates most phenotypes of our prior loss-of-function model, including growth deficiency, craniofacial anomalies, and IgA deficiency, but not altered neurological function. Kmt2d+/R5230H mice show perinatal lethality and a high frequency of unilateral kidney agenesis, a novel phenotype in KS1 mouse models. Kmt2d+/R5230H mice provide a unique opportunity to understand the impact of missense variants on KMT2D function and uncover developmental and perinatal abnormalities in KS1."
"pubmed","42713468","10.3389/fpls.2026.1902159","CRISPR-Cas technologies for precision genome editing in plants: advances, applications, and future perspectives.","Riaz Ahmed, Syed; Khan, Jahangir; Ijaz, Iram; Ali, Zeba; Rasul, Ijaz; Aslam, Muhammad; Ud-Din, Naeem; Liu, Yongming; Tariq, Muhammad Sayyam; Skalicky, Milan; Tan, Daniel K Y","Frontiers in plant science","2026-09-09","https://pubmed.ncbi.nlm.nih.gov/42713468/","Developing climate-smart crops with enhanced crop productivity, nutritional quality, resistance to biological and environmental stressors is vital for global food security. While hybrid breeding forms the cornerstone of modern crop improvement, conventional breeding approaches are limited by genetic barriers and prolonged breeding cycles. CRISPR-Cas based genome editing has revolutionized plant biology by allowing precise, efficient, and multiplex genetic modifications. This review provides a comprehensive synthesis of a recent advances in CRISPR-Cas technologies and their strategic applications in crop genetics and hybrid breeding. We summarize major genome-editing strategies, including gene knock-out, base editing (BE), knock-in, gene replacement, epigenome editing, and transcriptional regulation. Furthermore, we contrast stable, transient, and DNA-free delivery systems, highlighting ribonucleoprotein (RNP)-mediated delivery for minimizing off-target effects and avoiding transgene integration. We showcase how these technologies accelerate hybrid breeding by engineering male sterility systems, fixing heterosis, and generating high-throughput mutant libraries for trait discovery. Finally, we synthesize major bottlenecks in tissue culture-independent transformation and delivery systems, while outlining how emerging paradigms like de novo domestication and synthetic biology will shape the future of climate-resilient agriculture."
"pubmed","42713177","10.1039/d6na00472e","Role of nanoclusters in the design and development of novel strategies for diagnosis and treatment of infectious diseases.","Nwagwu, Chinekwu Sherridan; Nwachukwu, Onyinyechi Lydia; Emencheta, Stephen Chijioke; Onugwu, Adaeze Linda; Ezeibe, Ezinwanne Nneoma; Ugwu, Chinenye Nnenna; Nnamani, Petra Obioma; Tarirai, Clemence; Ofokansi, Kenneth; Attama, Anthony","Nanoscale advances","2026-09-09","https://pubmed.ncbi.nlm.nih.gov/42713177/","Despite major advances in sanitation, vaccination, and antimicrobial chemotherapy, infectious diseases continue to pose a huge threat to global health. The ever-increasing occurrences of antimicrobial resistance, emerging pathogens, and persistent diagnostic delays further exacerbate this situation. Over the years, nanotechnology has generated a lot of material platforms to address these failures, and in this study, we critically examine nanoclusters-ultrasmall, atomically precise assemblies (<2 nm cores) with discrete electronic states, as an under-recognized but potentially transformative class of materials for infectious disease diagnostics and therapeutics. Their quantized optical properties, precision ligand chemistry, and unusually high surface-to-volume ratios enable behaviours fundamentally inaccessible to larger nanomaterials, including ratiometric fluorescence reporting, rapid redox-driven antimicrobial activity, and programmable bio-recognition at near-molecular resolution. First, we disentangle NCs from larger nanomaterials by focusing on the consequences of discrete electronic states, ultrasmall hydrodynamic radii, and well-defined ligand shells for transport, clearance, and interactions with pathogens and host-derived biomolecules. Furthermore, the review synthesizes advances in NC-enabled diagnostics, including DNA and aptamer templated Au, Ag, and Cu NC probes, CRISPR/Cas integrated ratiometric sensors, and nanozyme-based readouts that routinely achieve single colony-forming unit or sub-femtomolar detection of bacterial, viral, fungal, and protozoan nucleic acids and antigens. On the therapeutic side, we discuss how the same structural characteristics can be exploited to engineer NCs that mediate controlled ROS generation, membrane and biofilm disruption, quorum sensing interference, photothermal and NIR II photodynamic therapy, and ligand-directed drug delivery, with case studies spanning multidrug-resistant bacteria, opportunistic fungi, and selected parasitic infections. At the same time, we looked at some of the major barriers to clinical translation that remain unaddressed. We show with this study that nanoclusters are not merely ""smaller nanoparticles"" but a distinct chemical system, capable of enabling modular, multiplexed, and clinically relevant infectious disease interventions. To realize this potential, future work must couple atomic-level design with rigorous pharmacokinetic, toxicodynamic, and translational engineering frameworks."
"pubmed","42712938","10.3389/fpls.2026.1944974","Molecular and physiological mechanisms of drought tolerance in grapevine.","Chen, Yongqiang; Tu, Liqin; Luo, Zhi","Frontiers in plant science","2026-09-09","https://pubmed.ncbi.nlm.nih.gov/42712938/","Drought stress severely limits grapevine productivity and compromises fruit quality, with its adverse effects expected to intensify under ongoing climate change. This review synthesizes recent advances in elucidating the molecular and physiological mechanisms underlying drought tolerance in Vitis vinifera. Key physiological responses include abscisic acid (ABA)-mediated amplification of stomatal closure, osmotic adjustment, activation of antioxidant defense systems, and hydraulic vulnerability segmentation-a protective strategy involving the targeted sacrifice of petioles and basal leaves to maintain hydraulic integrity in stems and roots. These coordinated responses are regulated by a complex transcriptional network centered on NAC, WRKY, MYB, and bZIP transcription factors, and further modulated by hormone metabolism, potassium channel activity, aquaporin-facilitated water transport, and both enzymatic and non-enzymatic antioxidant pathways. We also identify critical knowledge gaps requiring urgent attention: (First) field-scale validation of transgenic or CRISPR-edited grapevine lines; (Second) the molecular basis of rootstock-scion signaling during drought stress; and (Third) the integration of multi-omics data with high-resolution phenotyping to accelerate precision breeding. Collectively, this review provides an integrative conceptual framework to support sustainable viticulture in water-limited environments."
"pubmed","42712921","10.1002/mco2.70964","High-Content CRISPR Screening: Methods and Applications.","Zhang, Yike; Zhang, Yimeng; Tang, Xudong; Deng, Xinyu; Zhou, Yitian; Wu, Yanfeng; Luo, Jianhua","MedComm","2026-09-09","https://pubmed.ncbi.nlm.nih.gov/42712921/","Clustered regularly interspaced short palindromic repeats (CRISPR)-Cas9 screening has become a central technology in functional genomics, enabling genome-scale interrogation via pooled perturbations. Early CRISPR screens employed survival or simple phenotypic readouts to identify essential genes and drug resistance mechanisms. However, as biological questions have shifted toward understanding regulatory networks, cellular heterogeneity, and context-dependent gene functions, there has been increasing demand for screening strategies capable of capturing complex cellular phenotypes beyond cell fitness. Recent advances in single-cell sequencing, high-content imaging, and spatial transcriptomics have expanded the resolution of CRISPR screening by enabling multidimensional phenotypic characterization following genetic perturbation. By integrating pooled perturbations with diverse readouts, these approaches systematically map targeted gene edits to transcriptional states, cellular phenotypes, and microenvironmental contexts. Meanwhile, innovations in library design, delivery, and computational pipelines have further improved the robustness and interpretability of high-content screening platforms. This review synthesizes the methodological evolution of CRISPR screening, emphasizing advances in perturbation strategies, delivery systems, and multimodal readouts. Representative applications spanning oncology, immunotherapy, developmental biology, neurobiology, and infectious diseases are delineated to demonstrate refined gene network annotations. Additionally, existing technical bottlenecks, such as scalability, cost constraints, and in vivo limitations, are critically assessed. Finally, future directions are proposed to facilitate the development of precise medicine."
"pubmed","42712777","10.3389/fbinf.2026.1893206","Molecular biology and integrated strategies for activating cryptic biosynthetic gene clusters toward next-generation antibiotic discovery.","Pattapulavar, Veilumuthu; Ramanujam, Sathiyabama; Yellampalli, Avanthi; Badiginchala, Henu Sree; Christopher, John Godwin","Frontiers in bioinformatics","2026-09-09","https://pubmed.ncbi.nlm.nih.gov/42712777/","Antimicrobial resistance (AMR) has been identified as one of the 21st century's severest global public health crises. AMR led to an estimated 4.95 million deaths in 2019 and will claim 10 million lives a year by 2050 in the absence of targeted interventions. During the same period, the number of novel antibiotics discovered has decreased drastically as many researchers are rediscovering known antibiotics, non-model microorganisms are poorly understood or difficult to culture and antibiotic research and development investment has declined drastically. However, high-throughput whole genome sequencing and the subsequent application of bioinformatics in bacterial and fungal genomes have shown that a numerous of cryptic or silent biosynthetic gene clusters (BGCs) remain latent at ambient laboratory conditions since their genes are transcriptionally inactive. Cryptic BGCs represent a vast source of unique secondary metabolites, many of which may yield novel antibacterial, antifungal, anti-cancer and other potentially valuable natural products. This review discusses the biological relevance of cryptic BGCs, the major limiting factors that restricts their activation and novel strategies that have been employed to activate them and exploit their potential to produce novel natural products. The review focuses on biological approaches including CRISPR-Cas mediation for the activation of cryptic BGCs, promoter engineering, pathway refactoring, and heterologous expression; biochemical strategies such as Osman, OsMAC, Precursor Feeding, Chemical Elicitation, Epigenetic Regulation and Co-cultivation and technology-based strategies such as Genome mining, Microfluidic Cultivation systems, High-Throughput Screening, Metabolomics, Molecular Networking and Artificial Intelligence and Machine Learning based prediction of BGCs and their metabolites. The use of multi-omics technologies combined with synthetic biology to achieve better discovery, characterization and large-scale production of novel natural products is also discussed herein. Finally, we will talk about the ecological significance and evolutionary advantage of cryptic BGCs' role in interactions between microorganisms, such as competition, communication, symbiosis and environmental adaptability, so as to provide a useful background for accelerating next-generation antibiotics."
"pubmed","42712665","10.1002/pld3.70191","Turnip Mosaic Virus-Based gRNA Delivery System for Plant Genome Editing.","Khwanbua, Ekkachai; Lappe, Ryan R; Bierl, Austin A; Whitham, Steven A","Plant direct","2026-09-09","https://pubmed.ncbi.nlm.nih.gov/42712665/","Plant virus-based gRNA delivery systems offer a rapid alternative to stable transformation for CRISPR-mediated genome editing, but potyvirus-based platforms in Cas9-expressing plants are still underexplored. Here, we developed a turnip mosaic virus (TuMV)-based system for gRNA delivery in Cas9-expressing Nicotiana benthamiana and tested whether Csy4-mediated gRNA processing could improve editing efficiency. A TuMV construct carrying a gRNA targeting PHYTOENE DESATURASE (NbPDS) induced detectable editing in both infiltrated and systemic tissues, although editing frequencies were low. Incorporation of the bacterial endoribonuclease Csy4 increased editing efficiencies in the two NbPDS genes, raising editing in infiltrated leaves to 7.1%-13.8% for NbPDSa and 7.6%-23.0% for NbPDSb, whereas lower but reproducible editing was detectable in systemic leaves. The TuMV-Csy4 platform also supported editing of a second endogenous target, MAGNESIUM CHELATASE SUBUNIT H (NbChlH), and enabled multiplex editing of NbPDS and NbChlH regardless of guide order. Editing efficiencies were consistently higher in infiltrated leaves than in systemic leaves, and no visible photobleaching or chlorosis was observed in systemic tissues despite confirmed molecular editing. To assess the potential for heritable editing, a tRNA(Ile) mobility element was fused to the NbPDS gRNA. Although this construct increased somatic editing, no albino progeny were recovered after screening approximately 20,000 seedlings, demonstrating that heritable editing was not achieved under these conditions or did not result in mutations in all copies of the two NbPDS genes. Together, these results establish TuMV as a platform for Cas9-based gRNA delivery and show that Csy4-mediated processing improves editing efficiency, supports multiplex targeting, and demonstrates the feasibility of potyvirus-based genome editing systems in plants."
"pubmed","42711984","10.1016/j.xplc.2026.102097","Precision Engineering of Evolution-Resilient Rice against Bacterial Blight.","Li, Kaihuai; Luo, Le; Shi, Xinchi; Li, Cheng; Laborda, Pedro; Liu, Fengquan","Plant communications","2026-09-09","https://pubmed.ncbi.nlm.nih.gov/42711984/","The persistent conflict between rice and Xanthomonas oryzae pv. oryzae (Xoo), the causal agent of bacterial blight, exemplifies a dynamic genetic arms race in agriculture. The cyclical deployment and erosion of major resistance (R) genes highlight the high adaptive potential of Xoo and the need for strategies that are durable rather than absolute. This review synthesizes a paradigm shift from reactive, single R-gene deployment toward proactive engineering of evolution-resilient resistance. We explore the molecular-genetic basis of Xoo adaptability, including TAL effector diversification, non-TAL virulence functions, genome variation, and immune suppression mechanisms. In response, we propose a framework for durable disease management with three connected components: precision disarmament through editing of susceptibility-gene effector-binding elements and executor/decoy designs; smart induction through targeted delivery and immune priming; and ecological fortification through protective microbiomes. We also discuss the limits, trade-offs, and field-validation requirements of these approaches. Integrating frontier technologies with evolutionary genetics, predictive genomics, and pathogen population dynamics can help develop rice varieties and deployment systems that are more difficult for Xoo populations to overcome."
"pubmed","42711491","10.1038/s41589-026-02312-z","Chemogenomic maps reveal a PRDX1-dependent iron-damage axis in the DNA damage response.","O'Loughlin, Thomas A; Arab, Abolfazl; Misiukiewicz, Sara; Montesano, Elizabeth; Yogodzinski, Christopher; Borah, Ashir A; Quarantotti, Valentina; Lou, Kevin; Rosen, Barry S; Corn, Jacob E; Gianni, Davide; Kabir, Shaheen; Forment, Josep V; Gilbert, Luke A","Nature chemical biology","2026-09-09","https://pubmed.ncbi.nlm.nih.gov/42711491/","The DNA damage response (DDR) is a sophisticated network of cellular pathways whose perturbation leads to genome instability and is a key hallmark of oncogenesis. Here, we present data from 32 genome-scale loss-of-function CRISPR interference chemical-genetic screens with inhibitors targeting core constituents of the DDR machinery (PARP, ATR, ATM, DNAPK and WEE1), as both single agents and in combination with poly(ADP-ribose) polymerase inhibitors. These experiments identify >1,000 genes whose perturbation modifies the DDR and provides a rich resource to the DDR community. In addition, this compendium of functional genomics data reveals key principles governing the DDR and highlights a strong chemical-genetic interaction between loss of activity of the peroxiredoxin PRDX1 and all tested DDR inhibitors through a mechanism involving iron availability mediated by an MRGBP-PAX7-IREB2 axis. Our data position PRDX1 as a key suppressor of DNA damage accumulation and potential druggable target in combination with DDR inhibitors."
"pubmed","42711403","10.1038/s41477-026-02401-w","Zinc-finger proteins C3H14 and C3H15 maintain meiocyte identity in flowering plants.","Chen, Zhiyu; Li, Meiling; Yang, Shiqian; Li, Ke; Xin, Yilin; Liu, Xiulian; Guo, Yuxuan; Ma, Hong; You, Chenjiang; Wang, Cong; Wang, Yingxiang","Nature plants","2026-09-09","https://pubmed.ncbi.nlm.nih.gov/42711403/","In the anthers of flowering plants, the innermost meiocytes and surrounding somatic cells (tapetum) are differentiated from the same precursor archesporial cells, and these cells acquire distinct cell identities after specification. However, the underlying mechanism regulating meiocyte identity is elusive. Here we demonstrate a conserved surveillance mechanism governed by Arabidopsis zinc-finger proteins C3H14 and C3H15, which redundantly regulate mRNA homoeostasis to ensure meiocyte identity. The meiocytes of Atc3h14 Atc3h15 display meiotic arrest accompanied by ectopic accumulation of mRNAs essential for archesporial cell differentiation and tapetum development. These meiocytes ultimately undergo reactive oxygen species bursts and programmed cell death in synchrony with the tapetum. Moreover, C3H14/C3H15 interacts with processing-body proteins and the CCR4-NOT deadenylase complex, and is required for eliminating unwanted transcripts. Consistently, CRISPR-Cas9-induced mutations in AtC3H14/15 paralogues in soybean and rice caused similar defects in meiocyte identity, indicating that the regulation of meiocyte identity by post-transcriptional RNA elimination is conserved in flowering plants."
"pubmed","42711121","10.26508/lsa.202603709","MAFF is a transcription factor that regulates contraction-induced skeletal muscle transcription.","Fukushima, Taku; Fujioka, Taiju; Masubuchi, Satoru; Sakakibara, Iori","Life science alliance","2026-09-08","https://pubmed.ncbi.nlm.nih.gov/42711121/","Skeletal muscle adapts to exercise through rapid transcriptional remodeling, but regulators that link contractile activity to these gene programs remain unclear. Here we show that MAFF, a small MAF transcription factor, is consistently induced by acute exercise in both human and mouse skeletal muscle, with induction restricted to muscles recruited by the exercise modality. In C2C12 cells, Maff was induced by in vitro electrical pulse stimulation model. Using CRISPR/Cas9-mediated Maff knockout C2C12 cells, we found that loss of Maff reduced myogenic fusion with accumulation of unfused nuclei. RNA sequencing revealed broad reprogramming in Maff-deficient myotubes, including reduced expression of muscle structural and contractile genes and increased interferon/immune responses and extracellular matrix-related signatures. Moreover, Maff deficiency attenuated a subset of electrical pulse stimulation-responsive genes. Together, these data identify MAFF as a component of the transcriptional machinery supporting myogenic maturation and contraction-evoked gene regulation."
"pubmed","42710713","10.1016/j.molbiopara.2026.111782","Sialic acid specificity of Erythrocyte Binding Antigen-140 orthologues in human- and ape-infective Laverania species.","Burzynska, Patrycja; Silvester, Eleanor; Kemp, Alison; Darzynkiewicz, Zbigniew; Lipinski, Tomasz; Zerka, Agata; Jodlowska, Marlena; Rayner, Julian C; Jaskiewicz, Ewa","Molecular and biochemical parasitology","2026-09-08","https://pubmed.ncbi.nlm.nih.gov/42710713/","Plasmodium falciparum is the only human-infective species within the Laverania subgenus. In order for Plasmodium falciparum merozoites to invade erythrocytes, parasite ligands interact with a number of erythrocyte surface proteins, several of which are modified with sialic acids. These sialic acids differ between humans, which can synthesise only Neu5Ac sialic acids, and apes which express an enzyme absent in humans that converts Neu5Ac to Neu5Gc, resulting in their surface sialoglycoproteins predominantly being modified with Neu5Gc. This difference between apes and humans has been previously proposed to play a role in the specificity of ligand-receptor interactions between Laverania species. In this study we used biochemical and experimental genetic approaches to explore the molecular preferences of one specific invasion ligand, EBA-140. Recombinant EBA-140 ligands from P. falciparum (human-infective), P. praefalciparum (gorilla-infective) and P. reichenowi (chimpanzee-infective), were all able to bind both sialic acids, but all showed a clear preference for Neu5Gc. Using CRISPR/Cas9 to swap the receptor-binding region of P. falciparum EBA-140 with the same region from Laverania orthologues had no effect on parasite growth or invasion in chimeric transgenic lines. There is therefore no evidence that Neu5Ac/Neu5Gc specificity plays a role in host preference for EBA-140 orthologues."
"pubmed","42710690","10.1016/j.bbi.2026.107004","A critical in vivo role for microglial p38alpha MAPK in HIV-1 associated inflammatory brain injury.","Bhullar, Deepika; Maung, Ricky; Roberts, Amanda J; Murad, Rabi; Carson, Monica J; Kaul, Marcus","Brain, behavior, and immunity","2026-09-08","https://pubmed.ncbi.nlm.nih.gov/42710690/","People with HIV (PWH) develop neurocognitive impairment despite control of viral infection. Key pathological features of NeuroHIV patients, including activated microglia, neuronal damage and behavioral impairment, are present in transgenic mice expressing HIV-1 envelope glycoprotein gp120 in their brain (HIVgp120tg). Here we show that microglial mitogen-activated protein kinase p38alpha plays a crucial in vivo role in neuronal injury triggered by viral gp120. Cre-expression driven by the Cx3cr1 promotor in HIVgp120tg mice with floxed p38alpha alleles results in deletion of microglial p38alpha and protection from neuronal injury and behavioral impairment. Moreover, the expression patterns of neurotransmission-related genes differ between gp120-transgenic brains protected from neuronal injury and non-transgenic controls, suggesting that microglial p38alpha deficiency permits a non-toxic modulation of neurons in the presence of the viral protein. Bulk RNA-seq analysis of murine microglia and follow-up in human microglial cells in which p38alpha has been knocked out using CRISPR/Cas9 technology using qRT-PCR reveals that deficiency of the kinase leads to a distinct gene expression pattern of reduced inflammatory but preserved anti-viral responses."
"pubmed","42710679","10.1016/j.jbc.2026.113540","PARP16 is a Druggable Regulator of Ribosome MARylation and Protein Homeostasis in Ovarian Cancer Cells.","Challa, Sridevi; Dasovich, Morgan; Abshier, Jonathan C; Pekhale, Komal; Yang, Lu; Camacho, Cristel V; Kraus, W Lee","The Journal of biological chemistry","2026-09-08","https://pubmed.ncbi.nlm.nih.gov/42710679/","Cytosolic NAD(+) synthesis supports ovarian cancer growth by enabling PARP16-dependent mono(ADP-ribosyl)ation (MARylation) of ribosomal proteins, thereby fine-tuning translation and maintaining protein homeostasis. While genetic depletion of PARP16 disrupts ribosome MARylation and impairs tumor cell growth, the therapeutic potential of pharmacologic PARP16 inhibition in this pathway remains unexplored. Here, we characterized the effects of DB008, a tool compound that functions as a selective inhibitor of PARP16, in ovarian cancer cells. Biochemical analyses demonstrated that PARP16 undergoes NAD(+)-dependent auto-MARylation and that NMNAT-2 supplies NAD(+) to support this activity. DB008 potently inhibited PARP16 auto-MARylation in vitro. In ovarian cancer cells, DB008 engaged PARP16, reduced its MARylation, and decreased ribosome-associated MARylation. Consistent with PARP16 depletion, DB008 enhanced global protein synthesis, increased protein aggregation, and suppressed cell growth and anchorage-independent colony formation. CRISPR-mediated deletion of the PARP16 gene in ovarian cancer cells abolished the effects of DB008 on translation, protein aggregation, and proliferation, demonstrating on-target activity. Moreover, cells expressing a PARP16 mutant resistant to DB008 were unaffected by inhibitor treatment, further confirming that the cellular effects of DB008 require on-target inhibition. Finally, DB008 significantly inhibited tumor growth in OVCAR3 xenografts, with on-target engagement of PARP16 in the xenograft tumors. Collectively, these findings establish PARP16 as a druggable regulator of ribosome MARylation and protein homeostasis in ovarian cancer and provide pharmacologic proof-of-concept that disrupting ribosomal MARylation impairs tumor growth."
"pubmed","42710656","10.1016/j.jgg.2026.09.003","A transcription factor-focused CRISPR screen identifies SKI as a BCL11A-independent repressor of zeta-globin.","Liu, Qing; Zhang, Jianxiang; Zhang, Mengli; Xin, Ye; Ye, Yuhua; Jiang, Min; Xu, Xiangmin; Xu, Peng","Journal of genetics and genomics = Yi chuan xue bao","2026-09-08","https://pubmed.ncbi.nlm.nih.gov/42710656/","The regulation of alpha-like globin genes, particularly the embryonic zeta-globin gene (HBZ), remains incompletely understood. To identify transcriptional regulators of HBZ, we establish a GFP reporter system based on the HBZ-P2A-GFP allele in erythroid cell lines and conduct a CRISPR/Cas9 screen targeting 1639 transcription factors. This screen identifies SKI as a potent HBZ repressor. Functional validation shows that SKI loss increases HBZ expression without impairing erythropoiesis, whereas SKI overexpression suppresses HBZ. Tet-on-inducible SKI overexpression and auxin-inducible SKI degradation indicate that SKI rapidly represses HBZ transcription. Transcriptome profiling further reveals that SKI deletion activates HBZ while minimally affecting other erythroid genes. Mechanistically, genome-wide occupancy analyses show that SKI binds the distal enhancers HS-10 and HS-40, with partial co-occupancy by BCL11A. Despite this overlap, dual knockout of SKI and BCL11A synergistically increases HBZ expression, as does base editing of the SKI-binding site within HS-10. We also identify a naturally occurring variant (chr16:193207G>A) within this enhancer in alpha-thalassemia patients with elevated zeta-globin levels. Together, these findings establish SKI as a direct, BCL11A-independent transcriptional repressor of zeta-globin. This work advances our understanding of globin gene regulation and suggests targeted zeta-globin reactivation as a potential therapeutic strategy for alpha-thalassemia."
"pubmed","42710586","10.1016/j.jgar.2026.09.001","Clonal diversity and genetic characteristics of extraintestinal pathogenic Escherichia coli in northern Japan: identification of the potentially prevalent clones phylogroup B2-ST357 and ST1193.","Suzuki, Satoshi; Aung, Meiji Soe; Matsubara, Kana; Kimura, Yuuki; Ito, Masahiko; Urushibara, Noriko; Kawaguchiya, Mitsuyo; Ohashi, Nobuhide; Higuchi, Toru; Takahashi, Satoshi; Kobayashi, Nobumichi","Journal of global antimicrobial resistance","2026-09-08","https://pubmed.ncbi.nlm.nih.gov/42710586/","OBJECTIVES: Extraintestinal pathogenic Escherichia coli (ExPEC) is a leading cause of bloodstream and urinary tract infections, often showing multiple drug resistance associated with production of extended-spectrum beta-lactamases (ESBLs). The present study aimed at revealing the clonal structure and diversity of ExPEC in northern Japan and its relation to antimicrobial resistance (AMR) profiles and determinants, and genetic features. METHODS: Phylogenetic group and sequence type (ST) based on MLST scheme were determined for clinical isolates of ExPEC. PCR and sequencing were used to identify AMR determinants, virulence factors and CRISPR-Cas systems, along with antimicrobial susceptibility test by the broth microdilution method. RESULTS: A total of 454 ExPEC isolates (150 from blood and 304 from urine/other specimens) were collected for 6 months. The major phylogenetic group was B2 (79.5%), and the remaining were D (9.9%), B1 (5.7%), F (3.1%), and other groups (A, C, G; 1.8% in all). Among the 68 STs identified, ST131 was the most common (33.7%), followed by ST95 (15.6%), ST357 (9.9%), ST1193 (7%), and ST73 (4%), all of which belonged to phylogroup B2. Five types of ESBL genes including the dominant bla(CTX-M-15) or bla(CTX-M-27) were detected in 17% of isolates, which belonged mostly to the ST131 complex. CRISPR-Cas type I-E was present mostly in phylogroup B1 and D, while I-F in 3 STs of phylogroup B2. CONCLUSION: The potentially increased prevalence of ST357, ST1193, and animal-related clones was revealed to be novel clonal features of ExPEC in northern Japan."
"pubmed","42710449","10.1016/j.psj.2026.107501","Research note: Development of a recombinant duck enteritis virus vector expressing DHAV-3 VP1 and DTMUV prM/TE genes.","Jia, Wenfeng; Wu, Zhi; Tan, Aiqi; Cheng, Yuting; Zhou, Qingkang; Zhu, Shanyuan; Wang, Anping","Poultry science","2026-09-08","https://pubmed.ncbi.nlm.nih.gov/42710449/","Duck enteritis virus (DEV) is a promising viral vector for vaccine development. In a previous study, an HDR-CRISPR/Cas9-based strategy was used to generate a recombinant virus, rDEV-DHAV-VP1, by inserting the VP1 gene of duck hepatitis A virus type 3 (DHAV-3) into the UL27/UL26 intergenic region of DEV vaccine strain, resulting in good genetic stability and immunogenicity. In the present study, the same strategy was applied to insert the EGFP gene into the US7/US8 and LORF11/UL55 intergenic regions of a DEV vaccine strain. Among the evaluated insertion sites, the highest level of EGFP expression was observed at the US7/US8 locus, followed by the UL27/UL26 locus. Based on rDEV-DHAV-VP1, the pre-membrane (prM) and truncated envelope (TE) genes of duck Tembusu virus (DTMUV) were further inserted into the US7/US8 locus, resulting in a bivalent recombinant virus, rDEV-VP1-prM/TE. The recombinant virus exhibited growth kinetics comparable to those of the parental virus, while maintaining efficient expression and high genetic stability of the inserted genes. These findings indicate that the HDR-CRISPR/Cas9 system is an efficient strategy for generating stable DEV-based recombinant vectors and provides a promising platform for the development of multivalent vaccines against major duck viral diseases."
"pubmed","42710139","10.1016/j.talanta.2026.130589","Portable centrifugal microfluidics system for on-site detection of foodborne pathogens.","Kim, Seo Jin; Jeong, Yeonwoo; Han, Chung Soo; Han, Sangjin; Nam, Hochul; Lee, Jina; Kang, Taejoon; Jung, Juyeon; Lee, Sung Woon; Choi, Bong Gill; Lim, Eun-Kyung; Lee, Kyoung G","Talanta","2026-09-08","https://pubmed.ncbi.nlm.nih.gov/42710139/","Rapid and accurate detection of foodborne pathogens is essential to prevent outbreaks of foodborne illness and reduce public health threats. However, conventional diagnostic methods remain inadequate for on-site food safety monitoring due to low sensitivity, bulky equipment, and complex operation. Therefore, the development of portable, miniaturized, and user-friendly point-of-care testing systems has become essential. In this study, we report an all-in-one microfluidic centrifugal disc (AMCD) platform that integrates recombinase polymerase amplification (RPA) and CRISPR-Cas12a detection for rapid on-site detection of foodborne pathogens. The AMCD platform utilizes centrifugal force to automate the sequential release, reagent mixing, amplification, and detection of foodborne pathogen DNA after sample loading. Notably, the disc was configured with compartmentalized chambers to maintain physical separation of the reagents and prevent premature mixing between sequential reaction steps. To demonstrate the practical applicability of the AMCD platform, we performed multiplexed detection of four different foodborne pathogens (Staphylococcus aureus, Salmonella enteritidis, Listeria monocytogenes, and Bacillus cereus) spiked in real food samples, successfully completing the entire analysis within 60 min. Furthermore, integrating the platform with a smartphone application enables immediate on-site monitoring. The developed portable AMCD platform provides a promising approach for rapid detection of foodborne pathogens and on-site food safety monitoring."
"pubmed","42710138","10.1016/j.talanta.2026.130569","Paper microfluidic LAMP-CRISPR/enAsCas12a platform for multiplex detection of waterborne pathogens in drinking water.","Du, Wei; Lv, Haoran; Zhou, Hourong; Mao, Kang; Chen, Zhen; Ran, Fang; Cao, Haorui; Hamza, Ibrahim Ahmed; Li, Zuoxiang; Yang, Zhugen; Pan, Bo; Zhang, Hua","Talanta","2026-09-08","https://pubmed.ncbi.nlm.nih.gov/42710138/","Pathogenic contamination poses a threat to drinking water safety and public health. To address contamination by Escherichia coli (E. coli), Salmonella spp., and Shigella spp., this study developed paper microfluidics for on-site multi-target detection based on an integrated LAMP-CRISPR/enAsCas12a assay. The device integrates nucleic acid enrichment, purification, elution, and multi-channel reaction processes into a paper-based device. Structural parameters, including hydrophilic pore size, glass fiber adsorption units, reaction chamber dimensions, and plate thickness, were optimized to improve nucleic acid recovery and fluid distribution. CRISPR/enAsCas12a-mediated sequence verification was incorporated to improve endpoint interpretation following LAMP amplification under complex water-matrix conditions. The limits of detection were 1.11 x 10(2), 1.87 x 10(4), and 1.95 x 10(2) copies/muL for E. coli, Salmonella spp., and Shigella spp., respectively, and the maximum DNA recovery efficiency was approximately 70%. Validation using samples from 15 drinking-water source sites in Tongren City, China, generated positive E. coli responses at all sites and Salmonella responses at selected sites, whereas Shigella was not detected under the applied conditions. Comparison with qPCR showed broadly consistent concentration patterns for E. coli, whereas differences were observed for some low-abundance Salmonella samples, which may be associated with the relatively higher detection limit of the Salmonella channel. Overall, the developed platform provides an integrated and portable-compatible approach for decentralized multiplex screening of waterborne pathogens and establishes a basis for further field-oriented development."
"pubmed","42710047","10.1097/MOH.0000000000000955","Sickle cell disease and hematopoietic stem cell transplantation: donor expansion, gene-modified grafts and prenatal horizons.","Mackina, Giula; Shangaris, Panicos","Current opinion in hematology","2026-09-08","https://pubmed.ncbi.nlm.nih.gov/42710047/","PURPOSE OF REVIEW: To review advances from the past 18 months in allogeneic hematopoietic stem cell transplantation (HSCT) and autologous gene-modified stem cell transplantation for sickle cell disease (SCD), and to relate these developments to stem cell biology, conditioning and emerging prenatal strategies. RECENT FINDINGS: Matched sibling HSCT remains the clinical benchmark, but recent studies show age- and regimen-dependent trade-offs between durable engraftment, graft-versus-host disease and toxicity. Haploidentical platforms using posttransplant cyclophosphamide, thiotepa or intensified low-dose irradiation have widened donor access, although infection, graft failure and chronic graft-versus-host disease remain important. Autologous CRISPR-edited and lentiviral grafts can nearly eliminate severe vaso-occlusive events, but still require stem cell collection, individualized manufacture and myeloablative conditioning. New work identifies inflammation, lineage skewing, reduced GATA1 and premature senescence as determinants of sickle stem cell fitness, while culture-sparing editing and antibody-directed conditioning offer routes to safer transplantation. SUMMARY: Curative SCD therapies are converging on the same challenge: establishing durable healthy hematopoiesis with acceptable toxicity. Progress will depend on graft quality, safer niche creation, patient-centred outcomes and equitable delivery. In vivo and prenatal approaches remain preclinical and require a substantially higher maternal-foetal safety threshold."
"pubmed","42710038","10.1021/acssensors.6c01650","CRISPR-Based Diagnostic Assay for Point-of-Care Detection of Methicillin-Resistant Staphylococcus aureus in patients with Bloodstream Infections.","Huang, Hai-Qian; Zhang, Jun-Heng; Hu, Xie-Fei; Xu, Jing-Song; Liu, Yu; Yang, Shuang; Li, Tian-Ming; Zhu, Zi-Yue; Li, Shun; Li, Wei; Li, Min; Wang, Hua","ACS sensors","2026-09-08","https://pubmed.ncbi.nlm.nih.gov/42710038/","Methicillin-resistant Staphylococcus aureus (MRSA) is a leading cause of mortality in critically ill patients with bloodstream infections (BSIs). Timely diagnosis and early initiation of guideline-concordant antimicrobial therapy are independently associated with improved survival and reduced complication rates in patients with MRSA BSIs. However, current blood culture-based detection of MRSA requires 3-7 days for definitive identification and antimicrobial susceptibility reporting, entails numerous manual steps, and frequently delays the transition from empirical to pathogen-directed therapy, thereby affecting treatment outcomes and patient prognosis. Here, we present a highly sensitive and specific CRISPR-based diagnostic platform that shortens the MRSA detection time from >70 h to  approximately 2 h-enabling true ""sample-to-result"" testing directly from whole blood at the point of care. This study develops a one-step RPA-CRISPR assay targeting the S. aureus nucA and mecA genes, with 10 copies/reaction sensitivity and no cross-reactivity. By integrating vancomycin-conjugated magnetic nanoparticles, a herringbone microfluidic chip, and a miniaturized wireless analyzer, the platform performs on-chip S. aureus capture, lysis-mediated DNA release, and dual-gene detection directly from whole blood. In a prospective, multicenter clinical evaluation of 350 hospitalized patients with suspected bacteremia, the HELP platform identified all 20 S. aureus-positive cases (including 8 MRSA-positive cases), demonstrating 100% positive percent agreement with blood culture. By delivering definitive MRSA identification in under 2 h, HELP markedly accelerates clinical decision-making, facilitates the timely initiation of targeted antimicrobial therapy, and holds strong potential for scalable deployment in primary care and resource-constrained settings."
"pubmed","42709888","10.1371/journal.ppat.1014599","PRMT3 restricts porcine epidemic diarrhea virus replication by disrupting the interaction between VAPA and the viral nucleocapsid protein.","Wu, He-Yong; Zhong, Shu-Yu; Qi, Ao-Si; Wang, Zi-Ru; Tu, Qiu-Se; Li, Feng; Wu, Rui; Wang, Jing-Yao; Song, Fan; Zhang, Tian-Yi; Li, Ting; Yu, Qing-Chun; Yuan, Hong-Ming; Lv, Dong-Mei; Ouyang, Hong-Sheng; Du, Xi-Liang; Pang, Da-Xin; Xie, Zi-Cong","PLoS pathogens","2026-09-08","https://pubmed.ncbi.nlm.nih.gov/42709888/","Porcine epidemic diarrhea virus (PEDV) represents a severe threat to the global swine industry. Its infection process involves intricate virus-host interactions and immune evasion mechanisms, but effective therapeutic targets remain elusive. In this study, we identified protein arginine methyltransferase 3 (PRMT3) as a novel regulatory factor that significantly modulates PEDV infection via genome-wide CRISPR/Cas9 knockout library screening. Knockout or inhibition of PRMT3 markedly enhanced PEDV infection in multiple cell lines, including LLC-PK1, IPEC-J2, and primary porcine intestinal epithelial cells. Mechanistic investigations revealed that PRMT3 can restrict PEDV infection by interacting with vesicle-associated membrane protein-associated protein A (VAPA). Further analysis revealed that VAPA facilitates cholesterol transport through binding to oxysterol-binding protein (OSBP) and inhibits the autophagic degradation of the viral nucleocapsid (N) protein, with both processes being critical for promoting PEDV infection in host cells. A detailed analysis revealed that K52 within its major sperm protein (MSP) domain interacts with D404 and D405 in the two phenylalanines in an acidic tract (FFAT)-like motifs of the N protein, and these interactions proved essential for PEDV infection. In summary, this is the first study to identify and validate the PRMT3-VAPA-N protein autophagic degradation axis as a key pathway through which PRMT3 suppresses PEDV infection, with VAPA acting as an essential host factor for PEDV pathogenesis. These findings uncover novel signaling pathways and molecular targets for the development of anti-PEDV therapeutics."
"pubmed","42709802","10.1073/pnas.2534362123","In vivo genome-wide CRISPR screens identify FOXR1 as a suppressor of CD8(+) T cell antitumor immunity.","Yang, Xue; Ouyang, Han; Xu, Henan; Peng, Lingxiao; Cui, Jianzhou; Zhang, Bin; Huang, Bo; Wang, Chunmei; Li, Guideng; Cao, Xuetao","Proceedings of the National Academy of Sciences of the United States of America","2026-09-08","https://pubmed.ncbi.nlm.nih.gov/42709802/","T cell dysfunction critically limits the efficacy of T cell-based immunotherapies in solid tumors, yet the intrinsic regulators of T cell dysfunction remain incompletely understood. Through an in vivo genome-wide CRISPR screen in tumor-infiltrating CD8(+) T cells, we identified Forkhead Box R1 (FOXR1) as a potent transcriptional suppressor of CD8(+) T cell effector functions. Genetic ablation of FOXR1 significantly enhanced cytokine production and cytotoxic capacity in both murine and human CD8(+) T cells, whereas its overexpression impaired T cell activation and effector molecule expression. Mechanistically, multiomics integration of RNA-seq, CUT&Tag-seq, and ATAC-seq revealed that FOXR1 binds directly to promoter regions of key effector genes, including IL2, GZMB, and PRF1, and represses their expression. Importantly, FOXR1 deletion in human anti-CD19 CAR T cells improved their efficacy against solid tumors, demonstrating that FOXR1 is a checkpoint of T cell effector function and targeting FOXR1 is a promising strategy to enhance CAR T cell efficacy against solid tumors."
"pubmed","42709801","10.1073/pnas.2615890123","A host-encoded prophage targets a Candidate Phyla Radiation bacterium and shapes episymbiotic interactions.","Kumar, Ajay; Nahar, Nusrat; Chouhan, Deepak; McLean, Jeffrey S; Bor, Batbileg; Dong, Pu-Ting; He, Xuesong","Proceedings of the National Academy of Sciences of the United States of America","2026-09-08","https://pubmed.ncbi.nlm.nih.gov/42709801/","The Patescibacteriota, also known as the Candidate Phyla Radiation (CPR), represent a large lineage of ultrasmall bacteria with highly reduced genomes and obligate dependence on bacterial hosts. Although genomic analyses have revealed CRISPR-Cas and restriction-modification systems in many CPR genomes, no cognate bacteriophages (phages) have been isolated, leaving CPR-phage interactions unexplored. Nanosynbacter lyticus TM7x, the first cultivated CPR bacterium, grows episymbiotically on its host, Schaalia odontolytica XH001, in the human oral microbiome. Here, we identify Xhp1, an inducible prophage of XH001 that is preferentially activated during episymbiosis with TM7x. Released Xhp1 particles infect prophage-free XH001 via distinct strategies determined by host growth mode, establishing lysogeny under planktonic conditions but driving lytic infection during surface-associated growth. Xhp1 also binds efficiently to TM7x and exhibits limited infection under the conditions tested, indicating direct phage-CPR interactions. Importantly, TM7x modulates Xhp1 availability in a spatially dependent manner. In planktonic culture, free-floating TM7x reduces lysogenic conversion of XH001DeltaXhp1, consistent with TM7x acting as a phage sink that lowers effective phage concentration. In contrast, during surface-associated growth, TM7x increases XH001DeltaXhp1 susceptibility to lytic infection, likely by locally concentrating phage particles within a constrained niche. These results demonstrate that CPR bacteria can regulate viral encounter rates through spatial organization. In spatially structured environments such as oral biofilms, such modulation may shape infection dynamics and community structure. Together, this work characterizes the first CPR-targeting phage and reveals a an important role for phages in CPR-host bacteria interactions."
"pubmed","42709589","10.1021/acsabm.6c01518","Sequential Precise Targeted Hepatitis B Virus Therapy: Hepatitis B Virus-Specific Small Interfering RNA Followed by Aggregation-Induced Emission-Photothermal Ablation Based on Macrophage Membrane-Coated Nanoplatform.","Wei, Zihui; Gao, Lixia; Zheng, Mengting; Wang, Xun; Fu, Xinting; Duan, Han; Wang, Jiamei; Wu, Yanqiu; Ma, Fei; Zhang, Yunlong; Jia, Yue; Gu, Qin; He, Changting; Wang, Yongli; Li, Bin; Ma, Weifeng; Liao, Yuhui","ACS applied bio materials","2026-09-08","https://pubmed.ncbi.nlm.nih.gov/42709589/","Chronic hepatitis B (CHB) afflicts approximately 254 million people worldwide and is responsible for more than one million deaths annually. Intrahepatic persistence of covalently closed circular DNA (cccDNA), the episomal transcriptional template of hepatitis B virus (HBV), sustains chronic replication, blunts the efficacy of antiviral therapy, and precipitates virological relapse once treatment is discontinued. While emerging cccDNA-targeted strategies include CRISPR/Cas9-mediated cleavage and epigenetic silencing, their clinical translation is impeded by delivery inefficiency, safety concerns, and limited durability. Herein, we present a sequential nano-therapeutic platform that combines small interfering RNA (siRNA) delivery using HBV-pre-activated macrophage membranes (HMs) with photothermal therapy utilizing aggregation-induced emission (AIE) agents. In the first step, HM-coated lipid nanoparticles encapsulating siRNA (siR@HM NPs) enable virus to neutralize and hepatocyte targeted delivery via surface viral receptors, achieving efficient gene silencing. At 72 h post-administration, HM-coated PLGA nanoparticles loaded with an AIE photothermal agent (TPAT@HM NPs) are introduced, facilitating near-infrared IIb fluorescence-guided 808 nm laser ablation of residual infected cells. In a cell model of chronic HBV infection, both siR@HM NPs and TPAT@HM NPs achieved targeted delivery to infected hepatocytes. Critically, sequential administration yielded superior antiviral efficacy compared with concurrent administration or either monotherapy, leading to substantial reduction in HBsAg, HBeAg, HBV DNA, cccDNA, and pgRNA levels. Biosafety assessments confirmed negligible cytotoxicity, hemolysis, and systemic toxicity. This bionic platform integrates time-programmed virus targeting, RNA interference, and photothermal ablation. The virus-preactivated membrane coating enables dual recognition of both viral particles and infected cells, offering a precise and scalable theranostic strategy for HBV and other refractory viral infections."
"pubmed","42709540","10.1080/15384047.2026.2724630","Thioredoxin reductase-1 facilitates cellular plasticity and stemness mediated by TGF-beta1 in non-small cell lung cancer.","Lang, Yaw-Dong; Gu, Shin-Yuan; Shih, Jou-Ho; Lin, Chun-Jung; Chiang, Hua-Hsin; Lin, Tsai-Yu; Lee, Yu-Ching; Tsai, Keng-Chang; Chang, Jui-Tin; Chu, Cheng-Ying; Jou, Yuh-Shan; Chou, Teh-Ying","Cancer biology & therapy","2026-09-08","https://pubmed.ncbi.nlm.nih.gov/42709540/","BACKGROUND: Cellular plasticity and epithelial-mesenchymal transition (EMT) promote the initiation and progression of non-small cell lung cancer (NSCLC). Thioredoxin reductase 1 (TXNRD1), a key redox enzyme, has been linked to malignancy, but its mechanism in NSCLC remains unclear. We examined whether TXNRD1 regulates TGF-beta1 autocrine signaling to drive EMT and stemness. MATERIALS: Stage-progression gene profiles were analyzed in the TCGA and GEO databases with an emphasis on redox gene families. TXNRD1 was manipulated by overexpression or knockdown in A549, H226, and H1299 cells, followed by migration/invasion, spheroid assays, ELISA for cytokines, and RT-qPCR/Western blot for EMT markers. RNA-seq with pathway enrichment analyses was used to identify downstream programs. An orthotopic lung cancer mouse model was established using TXNRD1-WT cells, TXNRD1-deficient cells, and TXNRD1-deficient cells treated with TRi-1. Tumor progression was monitored by bioluminescence imaging at 6 and 12 weeks after transplantation. RESULTS: TXNRD1 expression was ~2-fold higher in advanced-stage NSCLC and was validated in tumor tissues. CRISPR/Cas9 or siRNA knockdown reduced EMT-associated genes and decreased TGF-beta1 production in A549 and H226 cells. TXNRD1 overexpression increased EMT and stemness markers and produced larger, more compact spheres with higher sphere numbers in H1299 cells. RNA-seq indicated the TXNRD1 pathway activates the TGF-beta1 pathway to promote EMT, motility, and stemness via an autocrine loop; knockdown or TXNRD1 inhibition suppressed metastatic tumor growth in vivo. CONCLUSIONS: Our study identifies TXNRD1 as a crucial regulator of cellular plasticity and metastasis in NSCLC via the TGF-beta1 pathway, suggesting that targeting TXNRD1 may reduce metastatic potential and improve patient survival."
"pubmed","42708417","10.1111/jipb.70386","Plant cis-regulatory grammar: Decoding the multidimensional code of transcriptional regulation for programmable crop engineering.","Zhang, Libin; Li, Maoteng","Journal of integrative plant biology","2026-09-08","https://pubmed.ncbi.nlm.nih.gov/42708417/","Cis-regulatory elements (CREs) orchestrate the spatiotemporal precision of gene expression that underlies plant development, adaptation, and domestication. Decoding the cis-regulatory grammar of plant genomes remains a central challenge in modern biology, with profound implications for programmable crop engineering. Here, recent conceptual and technological advances are synthesized to reshape our understanding of plant CREs. This review first argues that CRE function is not only an intrinsic property of DNA sequence alone but also emerges from a multidimensional context, including chromatin accessibility, histone modifications, three-dimensional genome topology, and cell type-specific regulatory landscapes. Furthermore, the convergence of single-cell epigenomics, high-throughput functional assays, and CRISPR-based dissection has begun to unravel this contextual grammar, revealing the computational principles governing transcriptional regulation. Critically, we propose that artificial intelligence (AI) platforms are catalyzing an ongoing transition from descriptive discovery to predictive engineering, wherein these platforms outperform natural evolution in designing synthetic CREs. Finally, a roadmap is outlined toward a plant regulatory grammar foundation model, which will enable truly predictive engineering of gene expression when fine-tuned for specific tasks. Collectively, the integration of single-cell resolution maps, precise genome editing, AI-driven design, and regulatory-compliant delivery systems promises to transform our ability to reprogram plant gene regulation for next-generation agriculture, bridging the gap between foundational regulatory biology and tangible crop improvement."
"pubmed","42708411","10.1093/nar/gkag862","An expanded realm of anti-CRISPR-associated proteins and regulatory mechanisms.","Feussner, Maximilian; Birkholz, Nils; Lee, So Yeon; Beisel, Chase L; Park, Hyun Ho; Brown, Chris M; Fineran, Peter C; Weinberg, Zasha","Nucleic acids research","2026-09-08","https://pubmed.ncbi.nlm.nih.gov/42708411/","Many bacteriophages encode anti-CRISPR (Acr) proteins that inhibit bacterial CRISPR-Cas immune systems. Rapid acr gene expression upon phage entry enables CRISPR-Cas neutralization but can impact phage fitness if unregulated. Therefore, Acr production is often controlled by distinct families of co-encoded anti-CRISPR-associated (Aca) proteins, which are usually helix-turn-helix (HTH) regulators that bind DNA within acr-aca operon promoters. Previously, we demonstrated that the Aca2 family additionally represses Acr production translationally by binding structured RNA motifs within the 5' untranslated region (UTR) of the acr-aca mRNA. Here, through systematic bioinformatic analyses, we provide evidence of structured RNA motifs in the 5' UTRs of operons encoding members of other Aca families and show that Aca1 also specifically binds its cognate RNA motif. Additionally, many Aca proteins are predicted to regulate not only their own but also adjacent operons with potential anti-defence genes. Indeed, we show that Aca14, newly identified in this study, represses two predicted anti-defence operons. Aca14 is a ribbon-helix-helix domain protein, revealing regulatory diversity beyond the canonical HTH Aca family members. Collectively, our findings expand our understanding of acr regulation in mobile genetic elements and reveal novel mechanisms by which phages fine-tune anti-defence gene expression."
"pubmed","42708327","10.1016/j.gim.2026.102716","Evaluating the pathogenic significance of unique chromosomal variants in craniosynostosis using patient-derived induced pluripotent stem cells and mouse modelling.","Korona, Dagmara; Hashimoto, Akiko Soneda; Pei, Yang; Calpena, Eduardo; Sloane-Stanley, Jackie; Riva, Simone G; Schwessinger, Ron; Forzano, Francesca; Chintawar, Satyan; Duggal, Galbha; Wall, Steven A; Hughes, Jim R; Twigg, Stephen R F; Wilkie, Andrew O M","Genetics in medicine : official journal of the American College of Medical Genetics","2026-09-08","https://pubmed.ncbi.nlm.nih.gov/42708327/","PURPOSE: Unravelling causal links between unique structural/copy-number variants (SV/CNV) and associated phenotypes is essential for correct genetic counselling. We investigated two families in which patients with craniosynostosis had SV/CNV potentially dysregulating a fibroblast growth factor (FGF)-encoding gene; a 730 kb dup(4)(q21.21) including FGF5; and a complex 568 kb interspersed 13q12.11 duplication, located 841 kb from FGF9. METHODS: We combined bioinformatic predictions of altered topologically-associating domain (TAD) structure, with experimental analysis (RNA- and ATAC- [assay for transposase-accessible chromatin] sequencing) of patient induced pluripotent stem cell lines (iPSCs) differentiated to neural crest (NCC) and osteoprogenitor (OPC) identities. For the dup(4)(q21.21) we generated a mouse bearing an equivalent rearrangement using CRISPR-Cas9 targeting. RESULTS: TAD analysis suggested potential dysregulation of the FGF5/FGF9 gene by bringing it into a novel genomic milieu. The RNA- and ATAC-seq assays demonstrated FGF5/FGF9 upregulation (2.7-18x) and local opening of chromatin, in 3/4 cell lines. For the dup(4)(q21.21), a causal role was supported by the mouse model, whereas interpretation of the 13q12.11 SV is confounded by a co-existing FOXP2 pathogenic variant. CONCLUSION: Patient iPSC-differentiated NCC and OPC lines, combined with TAD-based modelling to generate testable functional hypotheses, provide valuable functional evidence when evaluating causation of unique SV/CNV in craniosynostosis."
"pubmed","42707988","10.7150/thno.131793","An integrated SOX4-driven transcriptional and metabolic program governs tumor-infiltrating regulatory T cells in ovarian cancer.","Wu, Lei; Tao, Ziqi; Zhang, Yuelu; Mao, Yepeng; Zhang, Lei; Yan, Lina; Li, Rong; Zhou, Lingfei; Liu, Zhijie; Shang, Wenwen; Liu, Shuna; Lou, Jianfang; Huang, Xi; Wang, Ting; Wang, Fang","Theranostics","2026-09-08","https://pubmed.ncbi.nlm.nih.gov/42707988/","BACKGROUND: Regulatory T cells (Tregs) suppress antitumor immunity in ovarian cancer (OC) and are promising targets for immunotherapy. However, the heterogeneity and regulatory mechanisms of tumor-infiltrating Tregs (TI-Tregs) remain poorly defined. Here, we aim to delineate TI-Treg programs to identify potential therapeutic targets. METHODS: CD4(+)CD25(+)CD127(-) Tregs from OC, adjacent tissues, and peripheral blood were profiled by single-cell RNA sequencing and spatial transcriptomics, with regulatory networks inferred using SCENIC. Functional and mechanistic studies of SOX4 were performed using hypoxic/tumor-conditioned models, CRISPR-Cas9 perturbation, ectopic overexpression, Cut&Tag profiling, and oxidative phosphorylation (OXPHOS) inhibition. RESULTS: We identified nine transcriptionally distinct Treg subsets, revealing a highly activated and immunosuppressive state among TI-Tregs. These TI-Tregs exhibited strong co-expression of TNFRSF4, TNFRSF9, TNFRSF18, and CTLA4, and their increased intratumoral abundance was independently associated with poorer overall survival. SCENIC analysis identified SOX4 as the top regulon defining TI-Treg identity, with spatial transcriptomics revealing SOX4(+) Tregs forming an immunoregulatory barrier at tumor margins. This phenotypic identity was robustly induced by the hypoxic microenvironment and TCR stimulation in a well-established murine OC model. Mechanistically, SOX4 transactivated MT1X to promote mitochondrial fitness and OXPHOS. Consistently, Cut&Tag profiling showed reduced chromatin accessibility at OXPHOS-related loci following SOX4 depletion. Furthermore, CRISPR-Cas9-mediated disruption of SOX4 reduced FOXP3 expression and other suppressive markers, whereas SOX4 overexpression enhanced FOXP3 expression in an OXPHOS-dependent manner. Notably, pharmacological inhibition of OXPHOS abolished this effect. CONCLUSIONS: SOX4 is a central regulator of TI-Treg suppressive function and metabolic fitness, representing a promising therapeutic target for OC."
"pubmed","42707868","10.3389/fbioe.2026.1892898","CRISPR-based point-of-care diagnostics for viral hepatitis: from molecular design to clinical implementation.","Lin, Lanke; Luo, Fukang; Liu, Shan; Tong, Xianli; Xu, Xuyu; Yi, Weijia; Deng, Xinyue; Luo, Hongzhi","Frontiers in bioengineering and biotechnology","2026-09-08","https://pubmed.ncbi.nlm.nih.gov/42707868/","Timely etiological diagnosis of viral hepatitis is essential for surveillance, treatment initiation, linkage to care, and elimination efforts. In resource-limited settings, however, diagnostic pathways are frequently disrupted by centralized nucleic acid testing, specimen-transport requirements, delayed reporting, and loss to follow-up. CRISPR-Cas-based point-of-care testing may help shorten these pathways, but its clinical value cannot be judged by analytical sensitivity alone. This review evaluates CRISPR-Cas strategies for detecting hepatitis A, B, C, D, and E viruses by linking molecular design to virus-specific clinical and public-health decisions. We compare target selection, Cas effectors, amplification strategies, readout formats, specimen processing, genotype coverage, clinical validation, and implementation feasibility. For each virus, the evidence is evaluated in relation to the principal diagnostic need, the potential contribution of CRISPR-Cas, the maturity of the available evidence, and the remaining requirements for deployment. Current evidence is most advanced for HBV and HCV, whereas HAV, HDV, and HEV applications remain less developed or more context dependent. Future platforms should prioritize clinically meaningful detection thresholds, closed-tube sample-to-answer workflows, internal controls, genotype-diverse validation, reagent stability, non-expert usability, and transparent pathway-level cost evaluation."
"pubmed","42707823","10.3389/fgeed.2026.1808390","Heat stress impact on rice reproductive processes: challenges and new approaches.","Moreira, Miguel; Queiros, Ana Rita; Ventura, Ana; Moreira, Diana; Coimbra, Silvia; Pereira, Ana Marta","Frontiers in genome editing","2026-09-08","https://pubmed.ncbi.nlm.nih.gov/42707823/","Heat stress represents one of the most severe abiotic constraints to rice (Oryza sativa L.) productivity and is expected to intensify under ongoing climate change, particularly affecting the reproductive phase and leading to substantial yield and grain quality losses. This review synthesizes current knowledge on the impacts of heat stress on rice reproduction, with a focus on both male and female reproductive structures and their interactions. Evidence from anatomical, physiological, transcriptomic, and metabolomic studies to describe how elevated temperatures disrupt key reproductive processes, including microsporogenesis, anther dehiscence, pollen viability, pollen-pistil interactions, fertilisation, and embryo sac development were integrated in this review. It further discusses the genotype-dependent differences in reproductive thermotolerance; and key genes, metabolites, and pathways associated with heat stress perception, signalling, and tolerance are highlighted. Finally, it is briefly discussed how recent advances in breeding strategies, functional genomics and genome-editing technologies, particularly CRISPR-based approaches, are providing new opportunities to enhance reproductive resilience to heat stress and how it is essential to close the existing molecular knowledge gaps in the development of heat-tolerant rice varieties capable of sustaining productivity in a warming climate."
"pubmed","42707723","10.2147/IJN.S622664","An RCA-Coupled CRISPR/Cas12a Cascade-Enhanced SERS Platform for Ultrasensitive Detection of Exosomal miRNA-21 in Colorectal Cancer Serum.","Tao, Jian; Zeng, Binbin; Bi, Caili; Xu, Minyi; Gu, Xiaxian; Jing, Dingding; Sun, Jun","International journal of nanomedicine","2026-09-08","https://pubmed.ncbi.nlm.nih.gov/42707723/","PURPOSE: Ultra-sensitive detection of exosomal miR-21 is crucial for the early diagnosis of colorectal cancer. This study aims to develop a cascade amplification platform based on surface-enhanced Raman scattering (SERS), combining rolling circle amplification (RCA) and CRISPR/Cas12a, to enable ultra-sensitive quantitative detection of exosomal miR-21. METHODS: A SERS substrate was constructed using streptavidin-modified concave gold nanocubes (CGNs), and gold double-stranded probes loaded with Raman reporter molecules were used as SERS probes. The two components are controllably linked via a single-stranded DNA molecule with a thiol group at one end and biotin at the other, forming a stable detection system. Target-triggered RCA generates a repeat sequence, which, under the mediation of crRNA, activates Cas12a cleavage, causing the probe to be released from the substrate surface and resulting in a significant attenuation of the SERS signal. RESULTS: This platform achieves three-stage cascading signal amplification via RCA, CRISPR/Cas12a, and SERS, with a detection limit at the femto-mole (fM) level and a total detection time of approximately 80 minutes. The results were consistent with those of qRT-PCR, demonstrating high sensitivity, high specificity, and reliability. CONCLUSION: This study proposes an RCA-CRISPR-SERS cascade amplification platform that provides a highly sensitive and specific method for detecting miR-21 in exosomes, offering potential clinical value for the early diagnosis and dynamic monitoring of colorectal cancer."
"pubmed","42707636","10.3389/fpls.2026.1903346","BioCNT-TLS engineered systemic mobile resistome for sustainable crop protection.","Li, Wenbo; Farooq, Tahir; Hussain, Muhammad Dilshad; Brosnan, Christopher A; Chen, Huanhuan","Frontiers in plant science","2026-09-08","https://pubmed.ncbi.nlm.nih.gov/42707636/","The global agricultural sector faces an existential threat from viral quasispecies that bypass traditional resistance through high-frequency mutation and rapid systemic colonization. Conventional strategies, including chemical pesticides and transgenic modifications, are increasingly constrained by environmental toxicity, regulatory hurdles, and the biological arms race of viral evasion. This review critically expands upon the transformative potential of biocompatible carbon nanotubes conjugated with tRNA-like structures as a non-transgenic, systemic delivery platform for RNA interference effectors. We analyze the mechanistic synergy between nanomaterial-mediated incorporation and vascular trafficking, proposing a systemic mobile resistome concept, in which BioCNT-TLS complexes may provide transgene-free, RNA-mediated interference distributed across aerial tissues from a single foliar application, an effect demonstrated in a single recent study and not yet validated at the whole-plant or field scale. By synthesizing data on RNAi pyramiding, spray-to-edit CRISPR technologies, and the ecotoxicological footprint of carbon nanomaterials, we provide a blueprint for the future of precision crop protection."
"pubmed","42707485","10.3389/fbioe.2026.1901459","Gene therapy for genodermatoses at the crossroads of innovation and clinical translation.","Fabrizi, Alessandra; Valenti, Marta; Zacchino, Silvia; Russo, Katia; Baschetti, Erica; De Rosa, Laura; De Luca, Michele","Frontiers in bioengineering and biotechnology","2026-09-08","https://pubmed.ncbi.nlm.nih.gov/42707485/","Inherited genodermatoses are a heterogeneous group of rare monogenic disorders. Among these, epidermolysis bullosa (EB) and ichthyoses represent paradigmatic disorders characterized by severe skin fragility and hyperkeratosis, respectively, and impaired barrier function, often with profound effects on quality of life and systemic health. Current management remains largely palliative, underscoring the urgent need for disease-modifying therapies. Over the past 2 decades, advances in epithelial stem cell biology, vector engineering and genome editing technologies have transformed the therapeutic landscape for genodermatoses. Ex vivo gene therapy has provided the first proof that genetically corrected epidermal stem cells can achieve long-term tissue regeneration in EB skin patients, establishing a new paradigm for regenerative medicine. In parallel, the emergence of programmable genome engineering platforms, including CRISPR/Cas nucleases, base editors and prime editors, have enabled increasingly precise strategies for mutation-specific correction in both recessive and dominant disorders. Furthermore, the development of in vivo topical approaches is expanding the possibility of directly targeting the skin. Despite these advances, substantial translational barriers continue to limit broad clinical implementation. Efficient and durable targeting of epidermal stem cells within a highly regenerative tissue, together with safe delivery across the skin barrier, stringent control of off-target activity, scalable manufacturing and demonstration of long-term safety, remain major challenges for the clinical translation of these approaches. In this Review, we discuss the current state of gene therapy for genodermatoses, highlighting key clinical milestones, emerging genome editing technologies and next-generation delivery systems. We further examine the biological and regulatory challenges that need to be overcome to bridge the gap between experimental innovation and clinically accessible therapies for patients with inherited skin diseases."
"pubmed","42707352","10.3389/fmicb.2026.1918484","Rapid detection of Streptococcus agalactiae using an RPA-MbCas12a CRISPR assay targeting novel sodA and groL markers.","Shamukhan, Aldan; Shaizadinova, Aisha; Amanzholova, Meruyert; Tarlykov, Pavel; Abeldenov, Sailau","Frontiers in microbiology","2026-09-08","https://pubmed.ncbi.nlm.nih.gov/42707352/","Streptococcus agalactiae (Group B Streptococcus, GBS) is a major cause of neonatal and invasive infections, necessitating rapid and sensitive diagnostic approaches beyond conventional culture and PCR. Here, we developed an isothermal recombinase polymerase amplification (RPA)-MbCas12a CRISPR assay for fluorescence-based detection of GBS using a recently characterized MbCas12a variant from Moraxella bovoculi. The assay targets two conserved housekeeping genes, sodA and groL, and operates under isothermal conditions at 37  degrees C with minimal sample processing. Analytical sensitivity reached 1.6 x 10(1) to 2.5 x 10(1)copies per reaction, while analytical specificity was confirmed against non-target bacterial species. The assay successfully detected all 14 tested GBS isolates directly from crude heat lysates and generated results within 1 h. By combining rapid isothermal amplification, simplified sample preparation, and MbCas12a-mediated detection, this platform represents a promising approach for point-of-care GBS screening and infection control in resource-limited settings."
"pubmed","42707175","10.1016/j.isci.2026.117365","A streamlined protocol for small-scale protoplast generation and CRISPR/Cpf1-mediated genome editing in Fusarium oxysporum.","Zheng, Jun-Ze; Huang, Szu-Chieh; Zeng, Wen-Ting; Lin, Ying-Hong; Chang, Tao-Ho","iScience","2026-09-08","https://pubmed.ncbi.nlm.nih.gov/42707175/","Fusarium oxysporum is a significant threat to agriculture and One Health, requiring advanced molecular tools for functional genomic analyses and biological control agent development. Existing gene-editing methods are hampered by costly protoplast preparation protocols and by CRISPR-Cas9 limitations, such as restricted protospacer adjacent motif (PAM) sequences and complex guide RNA requirements. We engineered an efficient CRISPR/Cpf1 system that overcomes these issues through three main innovations: small-scale protoplast generation using filter column-based methods that greatly reduce enzyme consumption while simplifying workflows, a CRISPR/Cpf1 system with shorter guide RNA design and staggered DNA cleavage to promote homologous recombination, and minimal homology arm strategies that significantly decrease cloning complexity. Extensive validation confirms successful gene targeting with molecular verification and functional analysis via standardized pathogenicity assays. This integrated platform offers affordable, accessible tools for systematic F. oxysporum research, enhancing fundamental understanding of plant-pathogen interactions and supporting high-throughput screening vital for agricultural biotechnology and biological agent development."
"pubmed","42707136","10.1016/j.vas.2026.100836","Development of an RT-LAMP-CRISPR/Cas12a-based nucleic acid detection platform for rapid diagnosis of porcine reproductive and respiratory syndrome virus type 2.","Li, Congcong; Sun, Changsheng; Xu, Qiuliang","Veterinary and animal science","2026-09-08","https://pubmed.ncbi.nlm.nih.gov/42707136/","Porcine reproductive and respiratory syndrome virus (PRRSV) significantly affects swine production, leading to reproductive failure and respiratory disorders. Current detection methods are limited by slow turnaround times, insufficient sensitivity and specificity, the need for skilled personnel, and costly equipment, which hinder their application in rapid on-site diagnosis and early disease prevention and control. In this study, a novel detection platform was developed by integrating the target specificity of RT-LAMP primers with the dual recognition capability of CRISPR/Cas12a. Optimal crRNA primers targeting conserved sequences in the PRRSV-2 structural protein M gene were designed and screened. Reaction conditions were subsequently optimized, and a cloning vector containing the target gene was constructed. Sensitivity evaluation using PCR, LAMP-CRISPR/Cas12a, and qPCR revealed detection limits of 9.17 x 10(3) copies/muL, 9.17 x 10(-1) copies/muL, and 9.17 x 10(2) copies/muL for the target plasmid DNA, respectively. Notably, the LAMP-CRISPR/Cas12a assay exhibited the highest sensitivity, with a detection capability 10(4)-fold and 10(3)-fold greater than that of PCR-CRISPR/Cas12a and qPCR, respectively. Specificity analysis demonstrated that only HP-PRRSV generated a positive signal among the four tested porcine viruses, including PEDV G2b, PRV HNJY, and PPV SD-1. No fluorescent signals were detected for the other viral strains, indicating the absence of cross-reactivity. Fifty porcine serum samples were analyzed to compare the diagnostic performance of the RT-LAMP-CRISPR/Cas12a assay with that of qPCR, and the results showed complete agreement between the two methods. The established RT-LAMP-CRISPR/Cas12a detection system provides a rapid and reliable approach for PRRSV detection and may facilitate improved surveillance and control of PRRSV infections."
"pubmed","42707092","10.3389/fphar.2026.1884232","Integrated multi-omics analysis and functional experiments reveals PPAP2C as a potential prognostic biomarker and therapeutic target in breast cancer.","Lin, Xiaoxi; Cen, Lihang; Yue, Sihui; Teng, Liangsen; Qin, Shuang; Cheng, Yipeng; Qiu, Mingyue; Lu, Yonggang; Zhang, Jie; Zuo, Shuguang","Frontiers in pharmacology","2026-09-08","https://pubmed.ncbi.nlm.nih.gov/42707092/","BACKGROUND: This study aims to systematically elucidate the clinical significance and biological function of the phospholipid phosphatase (PLPP) family member (PPAP2C) phosphatidic acid phosphatase type 2C in breast cancer, and to evaluate its potential as a prognostic biomarker and therapeutic target. METHODS: Gene expression data from The Cancer Genome Atlas (TCGA), Genotype-Tissue Expression (GTEx), and Cancer Cell Line Encyclopedia (CCLE) databases were integrated to characterize the expression profile of PLPP family members, focusing on PPAP2C in breast cancer. The prognostic value of PPAP2C, initially identified at the mRNA level (TCGA, (METABRIC) Molecular Taxonomy of Breast Cancer International Consortium, Gene Expression Omnibus (GEO)), was confirmed at the protein level by immunohistochemistry (IHC) on tissue microarrays (TMA). The oncogenic functions of PPAP2C were investigated in triple-negative breast cancer (TNBC) cells through CRISPR-Cas9-mediated knockout and ectopic overexpression, with assessment of key phenotypes including proliferation, colony formation, migration, and invasion. In vivo validation was subsequently performed using an MDA-MB-231 xenograft model. RESULTS: PPAP2C exhibits the most significant overexpression pattern across 33 cancer types (upregulated in 16 cancers, downregulated in only 3). Compared with normal tissues, PPAP2C showed specific overexpression in breast cancer tissues and was significantly associated with advanced clinical stages and aggressive subtypes (HER2(+) and TNBC). Survival analysis demonstrated that high PPAP2C expression correlated with significantly shorter overall survival and disease-free survival, which was further validated in METABRIC and GEO cohorts. Tissue microarray analysis confirmed higher PPAP2C protein positivity in tumor tissues (94.7%) than in adjacent normal tissues (59.7%), with worse OS and RFS in high-expression groups. Multivariate analysis identified PPAP2C as an independent prognostic factor for OS. Functional experiments revealed that PPAP2C knockout (via 5-bp/1-bp frameshift mutations) suppressed TNBC cell proliferation, colony formation, migration, and invasion, while overexpression enhanced these phenotypes. In vivo studies further demonstrated complete tumor regression in MDA-MB-231 xenografts upon PPAP2C knockout. CONCLUSION: This study identifies PPAP2C as a key oncogenic driver and a robust independent prognostic biomarker in breast cancer. The findings provide compelling evidence that PPAP2C represents a promising therapeutic target, offering a new strategic avenue for precision therapy, particularly for aggressive breast cancer subtypes."
"pubmed","42706795","10.24272/j.issn.2095-8137.2025.447","A horizontally acquired gene mediates insect cocoon pigmentation in the eri silkmoth, Samia ricini.","Guo, Hui-Duo; Zhang, Zhong-Jie; Ling, Ming-Fa; Sun, Chen-Xin; Guo, Yu; Liu, Xiang-Biao; Zhu, Ke-Sen; Xiang, Hui; Qian, He-Ying; Tan, An-Jiang","Zoological research","2026-09-08","https://pubmed.ncbi.nlm.nih.gov/42706795/","Holometabolous insects make cocoons during larval-pupal metamorphosis to protect the pupal phase. The materials used for cocoon construction vary widely. Lepidopteran insects typically secrete silk to form cocoons, which display diverse colors. The eri silkworm, Samia cynthia ricini, is an economically important domesticated species that mostly produces white cocoons, with some varieties producing red cocoons. The enzyme kynureninase (KYNU), acquired from bacteria by horizontal gene transfer, has previously been implicated in insect coloration, while the tryptophan metabolite 3-hydroxyanthranilic acid (3-HAA) has been identified as a red pigment. However, exactly how KYNU is involved in cocoon pigmentation remains unclear. Here, we report that a horizontally transferred bacterial gene encoding KYNU regulates red cocoon formation. Metabolomic analysis revealed a high accumulation of 3-HAA in red cocoons, confirming its role as the primary pigment and associating the coloration with tryptophan metabolism. Quantitative real-time polymerase chain reaction (qPCR) analysis indicated that SrKYNU is highly expressed in the silk glands and significantly downregulated in the red cocoon strain compared to the white cocoon strain. Genomic sequencing identified a 141 bp deletion in the upstream regulatory region of KYNU in the red cocoon strain compared to the white cocoon strain. Dual-luciferase assays confirmed that this deletion significantly reduced promoter activity. CRISPR/Cas9 knockout of SrKYNU in the white-cocoon strain resulted in mutants producing red cocoons with elevated 3-HAA content. These findings reveal that the horizontally transferred gene SrKYNU exhibits tissue-specific expression and regulates cocoon coloration in S. ricini, illustrating that horizontal gene transfer can play an important role in regulating an insect physiological process."
"pubmed","42706781","10.1111/jfd.70286","A Rapid RPA-CRISPR/Cas12a Approach for Detecting Mycobacterium marinum.","Yan, Guangda; Li, Hongxia; Xu, Liwen; Lin, Huajian; Deng, Yiqin; Guo, Zhixun; Ma, Hongling; Feng, Juan","Journal of fish diseases","2026-09-08","https://pubmed.ncbi.nlm.nih.gov/42706781/","Mycobacterium marinum is one of the most common atypical mycobacteria causing opportunistic infections in humans. It is considered to be one of the most important fish pathogens and is associated with a variety of diseases in freshwater and marine fish. In this study, a rapid detection method for M. marinum was established based on the Recombinase Polymerase Amplification (RPA) technology and the CRISPR/Cas12a trans-cut principle. By designing and screening RPA primers and crRNA, the RPA amplification system and CRISPR/Cas12a detection system were optimized, and an RPA-CRISPR/Cas12a detection system with high sensitivity and specificity was successfully constructed. The LOD(95) of this detection method was estimated to be 5.7 copies/muL (95% CI: 2.4-15.5 copies/muL). The RPA-CRISPR assay showed perfect agreement with qPCR, with 100% sensitivity (95% CI: 76.8%-100%) and 100% specificity (95% CI: 73.5%-100%). The RPA-CRISPR/Cas12a-M. marinum detection method established in this study has the advantages of simple operation and visualization of results. It provides an effective tool for rapid on-site detection of M. marinum and is expected to play an essential role in the monitoring and prevention of aquaculture diseases."
"pubmed","42706676","10.1002/iub.70130","MMP9 Knockout by CRISPR-Cas9 Reduces Bladder Cancer Malignancy But Does Not Synergize With BCG and Anti-PD-L1 in an Orthotopic Mouse Model.","Camargo, Juliana Alves de; Lee, Maria Carolina; Souza, Milena Monteiro de; Silva, Luana Pereira da; Boas, Giovanna Caetano Vilas; Silva, Karina Serafim da; Mioshi, Carolina Mie; Pimenta, Ruan Cesar Aparecido; Candido, Patricia; Silva, Iran Amorim da; Trarbach, Ericka Barbosa; Leite, Katia Ramos Moreira; Nahas, William Carlos; Reis, Sabrina Thalita Dos","IUBMB life","2026-09-08","https://pubmed.ncbi.nlm.nih.gov/42706676/","Bladder cancer (BC) is the 10th most common cancer worldwide, accounting for approximately 5% of new cases. Several factors contribute to tumor progression, including increased MMP9. Recently, CRISPR-Cas9 and immunotherapy have offered high specificity for treatments; therefore, we edited MMP9 using CRISPR-Cas9 methodology to inhibit metastatic mechanisms and evaluated potential synergy with BCG and anti-PD-L1 therapy. We performed CRISPR-Cas9 gene editing using an RNP complex in the MB49 murine BC cell line. Gene expression of MMPs, integrins, and BAX was analyzed, along with protein expression. Cells were divided into a Scramble control group and CRISPR-Cas9 for the MMP9 edited group (MMP9-/-). Female C57BL/6 mice received orthotopic BC cells (scramble and MMP9-/- groups) treated with BCG and anti-PD-L1. Statistical analyses were performed using t test or ANOVA. MMP9 gene and protein expression were reduced in the MMP9-/- group compared with the scramble group. No differences were observed in other MMPs. Decreased ITGB3, increased BAX gene expression, as well as reduced migration and adhesion to ECM were observed in the MMP9-/- group. Animals in the scramble group showed greater weight loss and lower survival than treated groups. Overall, MMP9 modulated key cellular mechanisms, but did not show synergistic effects with BCG and anti-PD-L1 in vivo."
"pubmed","42706580","10.1186/s13395-026-00439-0","Duchenne muscular dystrophy: from gene to gene-ius therapies.","Muchir, Antoine; Musaro, Antonio; Chamberlain, Jeffrey","Skeletal muscle","2026-09-08","https://pubmed.ncbi.nlm.nih.gov/42706580/","Duchenne muscular dystrophy (DMD) is a severe X-linked neuromuscular disorder caused by mutations in the dystrophin gene that result in the absence of functional dystrophin, leading to progressive muscle degeneration, loss of ambulation, respiratory failure, cardiomyopathy, and premature mortality. Despite advances in multidisciplinary supportive care, DMD remains an incurable disease associated with substantial physical, psychosocial, and economic burdens. The monogenic nature of DMD and its well-defined molecular pathogenesis have made it a prime target for the development of precision therapies aimed at restoring dystrophin expression or modifying disease progression. This review provides an overview of the genetic and molecular mechanisms underlying DMD, summarizes its clinical manifestations and natural history, and discusses current standards of care. It further examines recent advances in disease-modifying therapeutic strategies, including exon-skipping antisense oligonucleotides, nonsense mutation readthrough agents, adeno-associated virus (AAV)-mediated micro-dystrophin gene replacement, and emerging genome-editing technologies such as CRISPR/Cas9. The review also highlights the limitations of existing treatments, including mutation specificity, variable efficacy, immune-related challenges, and uncertainties regarding long-term durability and safety. Finally, it considers future directions in therapeutic development, emphasizing the need for combination approaches, improved delivery systems, and next-generation gene-editing platforms to achieve more effective and lasting clinical outcomes. Collectively, these advances represent a paradigm shift in DMD management and offer renewed hope for improving survival and quality of life for affected individuals."
"pubmed","42706534","10.1186/s12967-026-08714-w","Enhancer-mediated DDIT4 activation by SMYD2-dependent H3K4me1 promotes pazopanib resistance in clear cell renal cell carcinoma.","Sun, Yun; Wang, Mengyao; Song, Haoran; Wu, Yi; He, Yingxia; Ma, Fumin; Liang, Yuxuan; Zhang, Lishuo; Gong, Jianan; Ren, Minghua; Zhong, Zhaohua; Zhao, Wenran; Ding, Beichen","Journal of translational medicine","2026-09-08","https://pubmed.ncbi.nlm.nih.gov/42706534/","BACKGROUND: The progression and resistance to targeted therapy, including pazopanib, frequently lead to poor prognosis in clear cell renal cell carcinoma (ccRCC) patients. However, the underlying molecular mechanisms of these processes remain unclear. METHODS: In this study, we first performed RNA-seq to identify genes that were differentially expressed in both SMYD2-knockdown and pazopanib-resistant cells, indicating their potential role in SMYD2-mediated drug resistance. We analyzed TCGA-KIRC data and 150 patient samples to identify the relationship between SMYD2 and DDIT4 expression levels, as well as the prognostic significance of DDIT4. In vitro functional assays and murine models were applied to evaluate the effects of SMYD2 and DDIT4 on tumor growth and on pazopanib resistance. CUT&Tag and chromosome conformation capture (4 C) assays were applied to identify enhancers associated with SMYD2-mediated regulation of DDIT4, while the JASPAR database was utilized to predict transcription factors involved in the enhancer regulation. CRISPR-mediated enhancer deletion and ChIP-qPCR were subsequently performed to validate the regulatory roles of the identified enhancer and the transcription factor SPI1 in DDIT4 expression. RESULTS: Our study revealed that the expression level of DDIT4 is positively correlated with SMYD2. DDIT4 is highly expressed in renal cell carcinoma and is associated with poorer survival outcomes. Further research revealed that SMYD2 regulates H3K4me1 in a DDIT4 distal enhancer (chr10:72830412-72830891), promoting the recruitment of the transcription factor SPI1, thereby activating DDIT4 expression. We found that DDIT4 promotes the proliferation, metastasis, and pazopanib resistance of ccRCC, and DDIT4 knockdown enhances drug sensitivity in both in vitro and in vivo experiments. Furthermore, the SMYD2-DDIT4 axis activates the downstream STAT3 signaling pathway, thereby promoting tumor progression. In addition, DDIT4-related prognostic features showed potential associations with patient survival and predicted drug sensitivity in computational analyses. CONCLUSIONS: Our study identifies a previously unrecognized SMYD2-enhancer-DDIT4 regulatory axis, which promotes tumor progression and pazopanib resistance in ccRCC. These findings may provide potential therapeutic implications to overcome pazopanib resistance and improve treatment outcomes in ccRCC by targeting the SMYD2-enhancer-DDIT4 axis."
"pubmed","42706481","10.1007/s11626-026-01240-5","Site-specific gene integration by recombinase-mediated cassette exchange in anhydrobiotic Pv11 cells.","Hotta, Masahiko; Yoshida, Yuki; Kikawada, Takahiro","In vitro cellular & developmental biology. Animal","2026-09-08","https://pubmed.ncbi.nlm.nih.gov/42706481/","Pv11 cells, derived from Polypedilum vanderplanki, uniquely tolerate complete desiccation (anhydrobiosis). Although a CRISPR/Cas9-based precise integration method (CRIS-PITCh) has been developed for Pv11 cells, a CRISPR-free strategy that fixes both the genomic locus and transgene copy number has not yet been established. Here, we implement recombinase-mediated cassette exchange (RMCE) in Pv11 cells and generate master cell lines that retain anhydrobiosis following genetic engineering. We first evaluated the activity of multiple site-specific recombinases in Pv11 cells using a transient two-plasmid reporter assay. Flp, Cre, and Bxb1 recombinases all excised a test cassette and activated a green fluorescent protein (GFP) reporter, whereas phiC31 integrase mediated recombination at the DNA sequence level but did not induce reporter expression under our construct configuration. To enable genomic RMCE, we inserted an FRT/FRT3-landing pad (LP) into a previously identified genomic safe-harbor locus using CRIS-PITCh and isolated clonal master cell lines by single-cell sorting. Using the established master line, Flp-based RMCE achieved site-specific cassette exchange at the LP, producing HaloTag fluorescence and drug resistance upon successful exchange. In addition, the expected post-exchange sequence was confirmed by sequencing. We further established an all-in-one RMCE vector combining the Flp recombinase and donor cassette on a single plasmid. Together, these results demonstrate locus-defined, single-copy transgene integration in anhydrobiotic Pv11 cells via RMCE and provide a standardized, CRISPR-free workflow for routine genetic manipulation in this unique cell line. This workflow facilitates both fundamental research and applied biotechnological applications using desiccation-tolerant cells."
"pubmed","42706427","10.1038/s41477-026-02385-7","Cell-based CRISPRa screen identifies a papillae-specific receptor kinase mediating broad-spectrum fungal resistance in rice.","Wang, Feng-Zhu; Bao, Ying; Qiu, Jiehua; Chen, Mo-Xian; Jiang, He; Li, Zhenxiang; Xiong, Xiangyu; Jiang, Xianya; Kou, Yanjun; Li, Jian-Feng","Nature plants","2026-09-08","https://pubmed.ncbi.nlm.nih.gov/42706427/","Gain-of-function screens enable the discovery of gene functions and candidate targets for molecular breeding. Here we developed a protoplast-based dCas9-TV-mediated CRISPR activation screen in rice and identified OsTV1, an epidermal papillae-specific receptor kinase, as a positive regulator of fungal resistance. OsTV1 overexpression enhanced silicon deposition, leaf rigidity and basal defence gene expression, conferring broad-spectrum fungal resistance without compromising growth. This study establishes a high-throughput gain-of-function screen adaptable for investigating diverse cellular processes in plants and provides insights into the roles of silicon in rice defence."
"pubmed","42706407","10.1038/s41576-026-01002-9","Programmable enzymes for targeted gene insertion.","Lampe, George D; King, Rebeca T; Sternberg, Samuel H","Nature reviews. Genetics","2026-09-08","https://pubmed.ncbi.nlm.nih.gov/42706407/","Genome editing technologies have advanced from nuclease-based reagents that generate programmed DNA double-strand breaks, which can cause deleterious effects, to next-generation reagents that perform controlled DNA modification through double-strand break-independent mechanisms, such as base editing and prime editing. Although these approaches enable precise small-scale sequence changes, methods for programmable insertion of large DNA cargos have been limited. The ability to write entire genes or large regions into the genome could transform the treatment of genetically heterogeneous disorders, for which numerous pathogenic variants underlie a common disease and mutation-specific editing strategies are impractical. Recent advances in computational genome mining have accelerated the discovery of naturally occurring enzymes with novel biochemical and functional properties, including recombinases and transposases capable of large-scale modifications. Moreover, directed evolution, rational engineering and expanded homologue discovery are enabling the repurposing and optimization of these systems for genome engineering. Here we review recent technology development efforts that harness diverse enzymes for kilobase-scale genome engineering, with a particular focus on CRISPR-associated transposase systems."
"pubmed","42706248","10.1038/s41419-026-09192-0","The skin-specific long non-coding RNA TEDAR orchestrates late epidermal differentiation via an ERK-KLF4 cytoplasmic regulatory axis.","Das Mahapatra, Kunal; Arslan, Ozge; Luo, Longlong; Kelemen, Evelyn; Kalarikkal, Sreeram Peringattu; Pasquali, Lorenzo; Ziegler, Christian; Graf, Johannes; Hemmer, Nicole; Sugars, Rachael; Kretz, Markus; Sonkoly, Eniko; Pivarcsi, Andor","Cell death & disease","2026-09-08","https://pubmed.ncbi.nlm.nih.gov/42706248/","The formation of a functional skin barrier depends on terminal keratinocyte differentiation, yet the contribution of long non-coding RNAs to this process remains incompletely understood. Here, using transcriptome analysis of more than 15,000 RNA-seq samples across 54 human tissues, we identify TEDAR (Terminal Epidermal Differentiation-Associated RNA), a highly skin-enriched lncRNA. Single-molecule RNA in situ hybridization revealed that TEDAR is confined to the uppermost granular layer of the epidermis, representing an exceptionally spatially restricted expression pattern. Functional studies demonstrated that CRISPR-mediated activation of TEDAR promotes keratinocyte differentiation even in the absence of external cues, while its depletion impaired late epidermal differentiation. In three-dimensional skin equivalents, TEDAR depletion severely compromises stratum corneum formation, highlighting its importance for proper epidermal barrier assembly. Mechanistically, TEDAR associates with ERK1/2-containing complexes and restrains ERK phosphorylation, thereby facilitating the nuclear accumulation of KLF4, a key regulator of epidermal differentiation. KLF4 depletion attenuated TEDAR-induced expression of several late differentiation genes, supporting a functional TEDAR-ERK-KLF4 axis. Clinically, TEDAR expression was reduced in cutaneous squamous cell carcinoma (cSCC) and chronic inflammatory skin diseases, including psoriasis and atopic dermatitis. Moreover, IL-22 suppressed TEDAR via STAT3 signalling in epidermal models. These findings identify TEDAR as an important regulator of terminal epidermal differentiation and suggest that its suppression may contribute to disturbed differentiation in inflammatory and neoplastic skin diseases."
"pubmed","42706237","10.1038/s41413-026-00581-x","Single-cell multi-omics defines H3K27me3 remodelling in intervertebral disc degeneration with implications for regenerative intervention.","Poramba-Liyanage, Deepani W; Tong, Xiaole; Riemers, Frank M; Meij, Bjorn P; Dilek, Yeter; Cleypool, Cindy G J; Kamali, S Amir; Le Maitre, Christine L; Camus, Anne; Chan, Danny; van Oudenaarden, Alexander; Zeller, Peter; Tryfonidou, Marianna A","Bone research","2026-09-08","https://pubmed.ncbi.nlm.nih.gov/42706237/","Utilizing key developmental cues and refining their orchestrating role in degeneration represents a promising strategy for understanding and treating intervertebral disc (IVD) degeneration, a major cause of chronic lower back pain. Here, we focus on notochordal cells (NCs), which originate from the embryonic notochord and reside in the developing nucleus pulposus. These distinctly vacuolated cells exhibit robust regenerative effects and hold promise for new therapeutic approaches. Dogs, like humans, suffer from the consequences of IVD degeneration. As the IVD matures and degenerates, NCs are replaced by smaller non-vacuolated NP cells (NPCs). The dog was employed as a model to capture, at the single-cell level, the heterogeneity of resident cells by studying the nucleus pulposus tissue at three stages (i.e., juvenile, young adult and degenerate adult). Here, we integrated transcriptomic data with repressive histone H3 lysine 27 trimethylation (H3K27me3) profiles at the single-cell level to assess changes in chromatin states and gene expression across this IVD degeneration-associated cell phenotypic transition. H3K27me3 enrichment on key genes involved in IVD development and homeostasis, such as Brachyury (TBXT), aligns with the observed attenuation during ageing and degeneration seen in both dog and human IVDs. This study further demonstrates that eliminating repressive histone marks, together with CRISPR-mediated gene transactivation, enhances TBXT gene expression in human NPCs derived from degenerated aged discs. Our findings underscore how extensive insights gained through single-cell omics can lead to the identification of crucial cellular cues that may enable degenerate NPCs to regain a healthier phenotype."
"pubmed","42706214","10.1093/cvr/cvag199","Sirtuin 1 modulation unlocks the therapeutic potential of sodium-glucose co-transporter 2 inhibitors (SGLT2i) in calcific aortic valve stenosis.","Valerio, Vincenza; Massaiu, Ilaria; Franchi, Matteo; Rimbert, Antoine; Begue-Racape, Zoe; Chiesa, Mattia; Myasoedova, Veronika A; Rusconi, Valentina; Bertolini, Francesca; De Giorgi, Donato; Bonomi, Alice; Pirola, Sergio; Zanobini, Marco; Di Pietro, Paola; Carrizzo, Albino; Ciccarelli, Michele; Capoulade, Romain; Genovese, Stefano; Poggio, Paolo","Cardiovascular research","2026-09-07","https://pubmed.ncbi.nlm.nih.gov/42706214/","BACKGROUND: Calcific aortic valve stenosis (AS) affects 3% of older adults and lacks medical treatment. The deacetylase Sirtuin 1 (SIRT1) could be involved in many pathways linked to AS progression. Sodium-glucose co-transporter 2 inhibitors (SGLT2i), glucose-lowering agents, have been shown to reduce cardiovascular events (likely via SIRT1), but their possible benefits in AS are unknown. Our study aims to uncover the role of SIRT1 in AS progression and assess the benefit of SGLT2i to slow down the aortic valve fibro-calcification processes. METHODS: RNA-seq data of human aortic valve specimens were collected from the ARChS4 database. SIRT1 knockdown (SIRT1 KD) and overexpressing (SIRT1 Over) valve interstitial cells (VIC) were generated by CRISPR/Cas9. Real-time PCR, immunofluorescence, and calcification assays were used to characterise mutant VICs. Conditioned medium experiments were implemented to evaluate SGLT2i effect on cellular cross-talk and calcification. Diabetic patients' data from the Lombardy regional healthcare database, treated with sulphonylureas (SU; no effect on SIRT1) and SGLT2i (acting on SIRT1), were selected and matched 1:1 by age, sex, and multisource comorbidity score. Cumulative incidence of hospitalisation for non-rheumatic aortic valve disease was assessed by Kaplan-Meier and Fine and Gray models were used to estimate subdistribution hazard ratios. RESULTS: RNA-seq showed that SIRT1 could be an upstream regulator of multiple AS-related pathways. Functional studies on mutant VICs revealed that SIRT1 directly regulates antioxidant processes, extracellular-matrix remodelling, and calcification by modulating key transcription factors. Moreover, calcification assays further support this role, revealing an increased calcification in SIRT1 KD VICs and a concomitant decrease in VIC SIRT1 Over when compared to wild type. Then, exploring SGLT2i impact on calcification, we showed that VICs cultured in SGLT2i-treated-endothelial medium exhibited reduced calcification associated with endothelial-increased nitric oxide levels, while SIRT1 inhibition enhanced VIC calcification. The real-world data analysis revealed that SGLT2i-treated group had a lower incidence of hospitalised patients for non-rheumatic aortic valve disease compared to SU-treated group. CONCLUSIONS: Our data identify SIRT1 as an upstream regulator of fibro-calcific processes in AS and suggest that SGLT2i may slow the aortic valve degeneration through SIRT1 modulation. These findings support SGLT2i as a potential therapeutic strategy for AS prevention and care."
"pubmed","42706176","10.3760/cma.j.cn121090-20260122-00046","[Exploring the feasibility and limitations of using large language model to interpret bibliometric findings: a case study in hemophilia gene therapy].","Bai, Y; Bo, H W; Xue, F; Wang, Y; Zhang, J; Song, Z","Zhonghua xue ye xue za zhi = Zhonghua xueyexue zazhi","2026-09-07","https://pubmed.ncbi.nlm.nih.gov/42706176/","Objective: To evaluate the feasibility and limitations of using a large language model to assist in the interpretation of bibliometric findings. Methods: This study retrieved 1599 English-language articles on hemophilia gene therapy published between 1970 and 2024 from the Web of Science Core Collection, comprising 1019 articles from the United States, 174 from China, and 172 from the United Kingdom. VOSviewer was used for keyword co-occurrence and clustering analyses of the global and country-specific datasets, whereas CiteSpace was used for keyword co-occurrence, clustering, and burst-detection analyses of the global dataset. Structured data exported from the two tools were interpreted with DeepSeek-R1-0528 to summarize research hotspots and their temporal evolution. Two domain experts independently interpreted the global data and reviewed the country-specific interpretations generated using DeepSeek. Additional literature searches on CRISPR/Cas9, stem-cell-based approaches, and in utero gene therapy were conducted to cross-validate the national research characteristics inferred by the model. Results: DeepSeek summarized global hemophilia gene therapy research into four major themes: the design and in vivo expression regulation of gene therapy vectors; Adeno-associated virus vector delivery strategies and breakthroughs in immunogenicity; the clinical translation and real-world application of gene therapy; the mechanisms of immune tolerance induction and inhibitor formation. Based on seven major CiteSpace clusters and the temporal and burst information of the keywords, DeepSeek further outlined four stages of development: early exploration of vectors and animal models, optimization of delivery and therapeutic strategies, clinical validation, and increasing attention to clinical application and patient benefits. The core research themes and overall developmental trajectory for the global dataset identified using DeepSeek were broadly consistent with expert interpretations, and the model rapidly generated well-structured summaries. However, expert calibration remained necessary for professional terminology, stage delineation, and historical milestone recognition. In country-specific datasets, DeepSeek demonstrated risks of conceptual conflation, overgeneralization of emerging research directions, and inappropriate cross-country comparisons according to within-country keyword frequencies or cluster strengths. Additional searches revealed that the relative prominence or absence of a keyword within a national dataset could not be directly interpreted as international leadership or a lack of research activity. Conclusions: Large language models can assist in interpreting global bibliometric findings and improve the efficiency of identifying research hotspots and outlining developmental trajectories; however, they cannot replace domain experts. Interpretations of emerging research directions and cross-country differences require expert review and calibration using globally comparable data obtained under a unified search strategy."
"pubmed","42705697","10.1136/gutjnl-2025-337414","S1P-TREM2 axis protects immunosuppressive neutrophils from ferroptosis to promote tumour progression in hepatocellular carcinoma.","Ma, Jun; Wu, Tong; Chen, Diyu; Zhu, Can; Huang, Shanhe; Du, Keyi; Peng, Chuanhui; Chen, Junru; Chen, Yunhao; Xie, Haiyang; Zhang, Feng; Chen, Jianzhong; Zheng, Shusen; Wu, Jian","Gut","2026-09-07","https://pubmed.ncbi.nlm.nih.gov/42705697/","BACKGROUND: Neutrophils are increasingly recognised as immunosuppressive drivers of hepatocellular carcinoma (HCC), yet their persistence in the oxidative, lipid-rich tumour microenvironment remains poorly understood. OBJECTIVE: To elucidate the metabolic and molecular programmes that enable tumour-associated neutrophils (TANs) to resist ferroptosis and sustain immunosuppression in HCC. DESIGN: We employed human HCC samples, multiple murine HCC models, transcriptomic and lipidomic profiling, genetic loss-of-function systems and therapeutic interventions. Ferroptosis sensitivity, lipid metabolic rewiring and immunological consequences of TANs were systematically evaluated across models and validated in patient datasets and biospecimens. RESULTS: TANs in human HCC and mouse models exhibit pronounced lipid accumulation and oxidative stress compared with peripheral neutrophils. Multi-omic profiling revealed that TANs are enriched for lipid-binding gene programmes and undergo rewiring towards sphingolipid and unsaturated fatty acid metabolism. We identified triggering receptor expressed on myeloid cells 2 (TREM2) as a key lipid-sensing receptor selectively expressed in TANs. Functional deletion of TREM2 reprogrammed the tumour immune microenvironment, restoring CD8(+) T cell activity and suppressing HCC progression. Mechanistically, tumour-derived sphingosine-1-phosphate (S1P) activates TREM2, triggering nuclear factor erythroid 2-related factor 2 (NRF2)-mediated transcription of glutathione peroxidase 4 (GPX4) and solute carrier family 7 member 11 (SLC7A11), thereby promoting ferroptosis resistance. TREM2 expression is transcriptionally induced by granulocyte-macrophage colony-stimulating factor-signal transducer and activator of transcription 3 (GM-CSF-STAT3) signalling. Genetic deletion of TREM2, clustered regularly interspaced short palindromic repeats/CRISPR-associated protein 9 (CRISPR/Cas9)-mediated knockout of sphingosine kinase 1/2 (SPHK1/2) in tumour cells, or pharmacological inhibition of S1P synthesis disrupts this protective lipid-immune circuit, sensitises TANs to ferroptosis and restricts tumour growth. Therapeutically, a peptide-based TREM2 inhibitor reprogrammes TANs, restores CD8(+) T cell function and enhances anti-programmed cell death protein 1 (PD-1) immunotherapy efficacy. Clinically, TREM2(+) polymorphonuclear myeloid-derived suppressor cells (PMN-MDSCs) are enriched in HCC tumours, correlate with SPHK1/2 expression and T cell dysfunction and associate with poor patient prognosis. CONCLUSION: Our study uncovers the S1P-TREM2-NRF2 axis as a critical metabolic-immune circuit that preserves neutrophil survival and immunosuppressive function in HCC. Targeting this lipid-dependent ferroptosis resistance pathway offers a promising therapeutic strategy to overcome immunotherapy resistance in liver cancer."
"pubmed","42705625","10.1111/ppl.71095","Carotenoids in Stress Tolerance: Current Understanding and Future Prospects.","Sharma, Shriya; Subramanyam, Rajagopal","Physiologia plantarum","2026-09-07","https://pubmed.ncbi.nlm.nih.gov/42705625/","Carotenoids are ubiquitous isoprenoid metabolites whose biological significance extends far beyond their classical roles as antioxidants and light-harvesting pigments. Across the tree of life, these molecules exhibit remarkable structural and functional diversity, enabling organisms to fine-tune photoprotection, redox homeostasis, membrane organization, and stress-responsive signaling. In this review, we provide a conceptual synthesis of carotenoid diversity and function across organisms, with emphasis on how carotenoid composition and accumulation are dynamically regulated under environmental and biotic stresses. We highlight stress-induced carotenoid plasticity, manifested as selective accumulation, rerouting of pathways, and the production of signaling apocarotenoids as a central adaptive strategy across photosynthetic organisms. Finally, we discuss emerging evidence and competing hypotheses regarding the mechanistic diversity of non-photochemical quenching and the evolving yet debated role of carotenoids in energy-dependent quenching. Together, this review emphasizes carotenoids as dynamic metabolic regulators that integrate many facets of photosynthetic performance, stress responses and signaling."
"pubmed","42705098","10.1016/j.compbiolchem.2026.109328","CRISPGen: A deep generative framework for multi-objective CRISPR/Cas9 guide RNA design via Conditional Latent Diffusion and Dual-Critic Reinforcement Learning.","Malekpouri, Mohammad; Lotfi, Somayeh","Computational biology and chemistry","2026-09-07","https://pubmed.ncbi.nlm.nih.gov/42705098/","MOTIVATION: The CRISPR-Cas9 system offers transformative potential for precision genome editing, yet its clinical translation remains constrained by the risk of unintended off-target double-strand breaks. While current discriminative models excel at evaluating pre-specified candidate guides, resolving the fundamental antagonism between on-target cleavage efficiency and off-target specificity within a fixed sequence search space remains a major challenge. RESULTS: We present CRISPGen, a unified deep generative framework that reframes sgRNA design as a multi-objective constrained sequence synthesis problem. It integrates (i) DNABERT-2 genomic-language embeddings, (ii) a conditional latent diffusion generator conditioned on a user-specified on-target efficiency target, and (iii) a dual-critic reinforcement-learning (RL) stage that couples a frozen on-target efficiency critic with a cross-attention off-target discriminator (validation Pearson R=0.8157) trained on a unified corpus of experimental off-target events from six detection platforms. Across 1000 generated sgRNAs, CRISPGen reduces the mean off-target discriminator score by 99.7% relative to the pre-RL baseline and, under an exhaustive whole-genome screen of all 302,631,056 NGG PAM sites in GRCh38, yields zero perfect-match and only 55 one-mismatch genomic hits. We further show, transparently, that the internal on-target critic saturates under RL optimization - an instance of Goodhart's Law - and therefore assess on-target viability using an independent external CRISPRon screen (mean 47.10/100). Repeating the RL fine-tuning stage under three random seeds (with the diffusion generator, DNABERT-2 embeddings, and off-target discriminator held fixed) yields a stable operating point across seeds. Full diversity, per-mismatch, and reproducibility statistics are reported in the Results. AVAILABILITY: Source code is available at https://github.com/malekpouri/CRISPGen; the pre-trained checkpoints and the 3,000,000-sequence library are hosted on Hugging Face (https://huggingface.co/malekpouri/CRISPGen-Checkpoints) and archived on Zenodo under DOI 10.5281/zenodo.21428641."
"pubmed","42704980","10.1016/j.phrs.2026.108438","A closed-loop paradigm for precision oncology: Integrating dynamic monitoring, organoid models, and explainable AI.","Liu, Yanan; Wang, Yaping; Huang, Xiaoxia; Li, Yang; Zhu, Aibei; Wang, Mengyuan; Yao, Hangping; Liang, Li-Guo","Pharmacological research","2026-09-07","https://pubmed.ncbi.nlm.nih.gov/42704980/","BACKGROUND: Precision oncology faces three systemic bottlenecks: static molecular snapshots fail to capture tumor dynamics, patient‑derived organoids lack physiological reconstruction of the tumor microenvironment (TME), and artificial intelligence (AI) remains a ""black box"" in clinical decision‑making. This review aims to propose an integrated closed‑loop framework that addresses these challenges by combining dynamic multi‑omics monitoring, next‑generation bioengineered models, and explainable AI. MAIN BODY: This review synthesizes recent advances in microfluidics, organoid technology, CRISPR screening, and multimodal data integration and, more importantly, proposes a closed-loop framework that distinguishes itself from existing approaches by explicitly linking dynamic monitoring, functional organoid testing, and explainable AI into an iterative decision cycle. Liquid biopsy enables longitudinal tracking of tumor evolution, while vascularized organoids and organ‑on‑chip systems reconstruct key TME features such as oxygen gradients, shear stress, and immune‑stromal interactions. These models serve as ""therapeutic sandboxes"" for functional drug testing and resistance mechanism elucidation. Concurrently, explainable AI (XAI) techniques-including feature perturbation, knowledge graph embedding, and dynamic Bayesian networks-provide interpretable predictions of treatment response. We outline a closed‑loop paradigm where dynamic monitoring data inform organoid‑based assays, XAI translates experimental evidence into clinical decisions, and real‑world outcomes continuously refine the models. Technical challenges such as multi‑scale data integration, vascularization fidelity, and AI transparency are discussed, along with emerging solutions including federated learning, 3D bioprinting, and standardized quality control pathways. CONCLUSIONS: Integrating dynamic monitoring, physiologically relevant organoid models, and explainable AI establishes a convergent precision oncology ecosystem that shifts the field from static biopsy‑based decisions toward adaptive, closed‑loop personalized therapy. This paradigm holds promise for overcoming tumor heterogeneity, predicting drug resistance, and improving clinical outcomes, while also providing a roadmap for future translational research and regulatory harmonization."
"pubmed","42704951","10.1016/j.vetmic.2026.111209","Phage therapy for mastitis in dairy cows: Multipathogen targeting strategies, clinical translation challenges, and future directions.","Bian, Yingjie; Lou, Jianye; Zhang, Haoyi; Xu, Huiling; Zhang, Lukun; Liu, Yongxia","Veterinary microbiology","2026-09-07","https://pubmed.ncbi.nlm.nih.gov/42704951/","Bovine mastitis is one of the most economically burdensome diseases in the global livestock industry. With the growing threat of antimicrobial resistance and the implementation of policies aimed at reducing or prohibiting antibiotic use, the development of novel antimicrobial strategies is urgently needed. Phage therapy, as a biological approach capable of precisely lysing pathogenic bacteria, holds promise as an alternative to antibiotics. This review systematically examines the scientific foundations of phage therapy, covering the phage life cycle, host recognition mechanisms, and the ability to degrade biofilms via depolymerases. It highlights the development strategies of phage cocktails, phage-based combination therapies, and preliminary evidence from preclinical models (e.g., mice) and limited bovine trials demonstrating the potential of phages in reducing bacterial load and alleviating inflammation. Key challenges are also discussed, including insufficient understanding of phage-host interactions within the complex mammary microenvironment, bottlenecks in phage preparation and formulation, the emergence of bacterial resistance, and the absence of a regulatory framework. Finally, this review outlines future research directions, emphasizing the potential of interdisciplinary strategies that integrate artificial intelligence-driven phage screening and rational design, nanomaterials, CRISPR-based gene editing, and novel delivery systems. By systematically summarizing concrete case studies and lessons learned from the clinical translation of phage therapy for bovine mastitis, with a particular focus on formulation engineering and delivery strategies applicable to livestock settings, this review provides a practical roadmap for advancing phage therapy from the laboratory to the farm."
"pubmed","42704709","10.1530/ERC-26-0026","Dickkopf-1 (DKK1) controls papillary and follicular thyroid cancer growth.","Fiorentino, Gloria; Latiano, Beatrice; Rinella, Letizia; Grange, Cristina; Cedrino, Massimo; Bosco, Ornella; Pighi, Chiara; Perin, Laura; Arvat, Emanuela; Catalano, Maria Graziella","Endocrine-related cancer","2026-09-07","https://pubmed.ncbi.nlm.nih.gov/42704709/","Thyroid cancer, the most frequent endocrine tumor, has a good prognosis. However, the survival rate of patients with recurrent or metastatic forms that become resistant to conventional treatments, drops to less than 20% at 10 years, with a mean life expectancy of 3-5 years. The molecular mechanisms that drive the advancement of these forms are still largely unknown, and, therefore, the identification of disease progression biomarkers is of great clinical relevance. Dickkopf-1 (DKK1) is a regulator of the Wnt signaling cascade that controls several biological processes including cell proliferation, differentiation and migration. DKK1 has been associated with progression and poor prognosis in different types of tumors; however, its role in thyroid cancer is still not well defined, and a better characterization is needed. The present study investigated the role of DKK1 in the growth of papillary and follicular thyroid cancers, in in vitro and in vivo models. In vitro, DKK1 silencing, through siRNA, and deletion, via CRISPR/Cas9 editing, were performed in different papillary and follicular thyroid cancer cell lines. Both silencing and deletion reduced cell growth and migration, with the involvement of beta-catenin-dependent Wnt and PI3K/mTOR pathways. In vivo xenograft tumor models, DKK1 deletion reduced tumor growth. In conclusion, our findings support the key role of DKK1 in the growth of differentiated thyroid cancers both in vitro and in vivo."
"pubmed","42704632","10.1093/mtomcs/mfag027","Specificity and Regulatory Mechanism of Metal Ions in Cas12a Enzymatic Cleavage Activity.","Guo, Yizhen; Tan, Xiangshi","Metallomics : integrated biometal science","2026-09-07","https://pubmed.ncbi.nlm.nih.gov/42704632/","Metal ions play key roles in both physiological and pathological processes. The activity of nearly all nucleases depends on metal ions as cofactors. CRISPR-Cas system is widely used in gene editing and nucleic acid detection, and its ongoing development and frontier research have attracted significant attention. This study aims to explore and elucidate the effects of various metal ions on Cas12a-catalysed cleavage reactions including their specificity and regulatory mechanisms. Here, we found that certain metal ions significantly affected both the cleavage activity and the reaction specificity of Cas12a. Metal ions mediate enzyme-substrate binding by increasing the affinity between Cas12a and single-stranded DNA (ssDNA). In particular, unlike other metal ions, Mn2+ can achieve cleavage of ssDNA by only activating the catalytic domain without requiring the entire Cas12a. Structural alignment and site-directed mutagenesis of the active site revealed the structural basis of Cas12a catalysis and elucidated how metal ions influence its catalytic reaction in terms of specificity and regulatory mechanism. These results provide a theoretical foundation and offer innovative perspectives for the application of Cas12a-based enzyme technology."
"pubmed","42704489","10.1007/s10142-026-02040-6","NFS1 activates PI3K/AKT/mTOR signaling to upregulate GPX4 expression and enhance ferroptosis resistance in osteosarcoma.","Man, Yu-Nan; Li, Jing-Tang; Zhang, Tao; Xu, Ying-Peng; Liu, Ya-Yun","Functional & integrative genomics","2026-09-07","https://pubmed.ncbi.nlm.nih.gov/42704489/","Osteosarcoma continues to exhibit poor survival outcomes due to chemoresistance and metastasis, with metabolic reprogramming and ferroptosis resistance being key features of tumor heterogeneity, yet their upstream regulators remain poorly defined. NFS1, a cysteine desulfurase essential for iron-sulfur cluster biogenesis, protects multiple cancers from ferroptosis, but its role in osteosarcoma is unknown. In this study, we performed a transcriptomic meta-analysis and found that NFS1 expression was significantly upregulated in osteosarcoma tissues, with further elevation in metastatic lesions, and high NFS1 expression correlated with poor overall survival. Genome‑wide CRISPR screening data revealed a marked NFS1 dependency in osteosarcoma cell lines. Functionally, NFS1 promoted cell proliferation, migration, and invasion, whereas its knockdown suppressed these phenotypes. Using single‑cell RNA sequencing data from 27 osteosarcoma specimens, we applied a multi‑algorithm glycolytic scoring framework and observed NFS1 enrichment in highly glycolytic malignant cells, along with an association with PI3K/AKT/mTOR pathway activation. Mechanistically, NFS1 selectively enhanced PI3K, AKT, and mTOR phosphorylation without altering total protein levels, and upregulated GPX4, a central ferroptosis suppressor, leading to elevated ferroptosis resistance scores in NFS1‑high malignant cells. Collectively, these findings identify a previously unrecognized NFS1-PI3K/AKT/mTOR-GPX4 regulatory axis in osteosarcoma, linking metabolic reprogramming to ferroptosis resistance, and suggest that NFS1 functions as an oncogenic driver, as well as a promising prognostic biomarker and therapeutic target in osteosarcoma."
"pubmed","42704429","10.1007/s00449-026-03419-2","Metabolic engineering of Escherichia coli for methanol-assisted resveratrol biosynthesis.","Nguyen, Huy Quang; Nguyen, Hoa An Thi; Vu, Dung Thi; Chu, Luan Luong","Bioprocess and biosystems engineering","2026-09-07","https://pubmed.ncbi.nlm.nih.gov/42704429/","Resveratrol is a high-value stilbenoid with diverse pharmaceutical and nutraceutical applications. However, its microbial production remains limited by insufficient precursor availability and inefficient carbon utilization. In this study, Escherichia coli was sequentially engineered to establish a methanol-assisted platform for resveratrol biosynthesis. The heterologous pathway was reconstructed by co-expressing Populus tomentosa 4-coumarate: CoA ligase (Pt4CL) and Arachis hypogaea stilbene synthase (AhSTS), followed by introduction of the matBC operon from Streptomyces coelicolor to enhance intracellular malonyl-CoA supply. A synthetic methylotrophic pathway comprising methanol dehydrogenase (mdh2) from Bacillus methanolicus together with 3-hexulose-6-phosphate synthase (hxlA) and 6-phospho-3-hexuloisomerase (hxlB) from Bacillus subtilis was subsequently introduced, and CRISPR interference (CRISPRi) targeting frmA was implemented to modulate formaldehyde metabolism and facilitate methanol utilization. Optimization of heterologous protein expression increased resveratrol production from 7.3 +/- 0.2 to 14.1 +/- 0.3 mg/L, while matBC-mediated precursor engineering further increased the titer to 20.2 +/- 0.4 mg/L. Under glucose-methanol co-feeding conditions, the engineered strain produced approximately 23 +/- 0.28 mg/L resveratrol in shake-flask cultivation. Scale-up in a 5-L bioreactor yielded 26.42 +/- 0.31 mg/L (132.1 +/- 2.4 mg/L total resveratrol) with a PCA conversion efficiency exceeding 95%, complete glucose consumption, and approximately 40.3% methanol utilization after 36 h of cultivation. To our knowledge, this is the first report of methanol-assisted resveratrol biosynthesis in engineered E. coli. These results demonstrate the potential of integrating synthetic methylotrophy, precursor engineering, and CRISPRi-mediated carbon redistribution to establish a methanol-assisted platform for microbial resveratrol production. This work provides a proof-of-concept framework for future development of microbial production systems utilizing renewable C(1) feedstocks."
"pubmed","42704380","10.1007/s11033-026-12665-2","A cost-effective and rapid TE-based DNA extraction for near point-of-care detection of Babesia spp. by RPA/CRISPR-Cas12a.","Paenkaew, Suphaporn; Sinthao, Onnicha; Thapthim, Thanawin; Mahakkaprateep, Simita; Cheukaw, Apisit; Keawmanee, Suphatra; Euppayo, Thippaporn; Tungtrakanpoung, Rongdej; Teapunvong, Worapan; Nganvongpanit, Korakot; Buddhachat, Kittisak","Molecular biology reports","2026-09-07","https://pubmed.ncbi.nlm.nih.gov/42704380/","BACKGROUND: Babesia spp. infects a wide range of mammals, including domestic animals, wildlife, and humans, highlighting the need for rapid diagnostics. This study developed a near point-of-care method combining rapid DNA extraction, recombinase polymerase amplification (RPA), and CRISPR-Cas12a for Babesia detection. METHODS AND RESULTS: The workflow includes three steps: DNA extraction, RPA amplification, and CRISPR-Cas12a signal detection. Five blood DNA extraction methods were evaluated: DNeasy kit, boiling, Tris-EDTA (TE) buffer, methanol-based, and Chelex(R)100. The commercial kit, boiling method, and TE buffer extraction yielded positive results using RPA/CRISPR-Cas12a based on the cytochrome c oxidase subunit I (COI) gene. The TE buffer extraction and boiling methods were further optimized by RPA/CRISPR-Cas12a assay using Babesia-specific primers based on the 18S rRNA gene. All these extraction methods produced results comparable to the commercial kit. The TE buffer extraction was selected due to its simplicity and speed. The RPA/CRISPR-Cas12a assay specifically detected Babesia spp., including B. vogeli, B. gibsoni, and B. ovata. The limit of detection using TE-extracted DNA was 104 copies per reaction, lower than that achieved with the commercial kit (103 copies per reaction). Evaluation of rapid DNA extraction for Babesia spp. detection by the RPA/CRISPR-Cas12a assay using seven bovine and eight canine blood samples showed complete concordance between the TE buffer extraction and the commercial kit, with six positive samples detected. CONCLUSIONS: The TE buffer extraction offered a low-cost, simple, and equipment-minimal approach suitable for combination with RPA/CRISPR-Cas12a diagnostics, enabling rapid detection of Babesia spp. in resource-limited or field settings."
"pubmed","42704368","10.1084/jem.20252080","TNFR1 expression on cancer cells mediates immune escape and an immunosuppressive microenvironment.","Bolanos, Elixabet; Canas-Zabala, Lorena; Olivera, Irene; Ruiz Guillamon, David; Vercher, Enric; Gomis, Gabriel; de Andrea, Carlos E; Alexandru, Raluca; Azpilikueta, Arantza; Soria, Nekane; Salinas, Dayanna; Molero-Glez, Paula; Luri-Rey, Carlos; Arrieta-Aranzueque, Saioa; Manzanal, Almudena; Garcia-Dominguez, Mario; Alignani, Diego; Segui, Bruno; Molina, Angie; Teijeira, Alvaro; Berraondo, Pedro; Melero, Ignacio","The Journal of experimental medicine","2026-09-07","https://pubmed.ncbi.nlm.nih.gov/42704368/","TNFalpha is a proinflammatory cytokine that can mediate immunosuppressive effects in cancer. Tumors in which we silenced TNFR1 by CRISPR/Cas9 showed that TNFR1KO variants poorly engrafted in immunocompetent hosts, while engraftment in immunodeficient or CD8 T lymphocyte-depleted mice was preserved. The mechanism was mediated by secondary chemotactic inflammatory mediators elicited by TNFalpha in the malignant cells themselves. As a result, TNFR1KO variants recruited drastically fewer myeloid-derived suppressor cells (MDSCs) into the tumor microenvironment, thus explaining the immune escape of the WT variants. Interestingly, small amounts of TNFR1-sufficient tumor cells co-engrafted with the TNFR1KO variants rescued tumorigenicity in the same tumor lesion but not in distantly implanted TNFR1KO tumors. Secondary mediators chiefly include CXCR1/2-acting chemokines, prostaglandin E2 and TNFalpha itself. Knocking down TNFR1 in a human tumor cell line rendered comparable MDSC-recruiting results when xenografted. Analyses of scRNA-seq and spatial transcriptomics datasets from human solid tumors corroborate the role of TNFR1 on tumor cells in the induction of secondary pro-tumor inflammatory mediators."
"pubmed","42704295","10.1111/cas.70513","WDR12 Promotes Glucose Metabolism via PFKFB4 Upregulation in Gastric Cancer.","Zhang, Rutong; Liu, Dehua; Feng, Xiaoxi; Cheng, Aoxing; Yang, Zhenye; Zhang, Kaiguang","Cancer science","2026-09-07","https://pubmed.ncbi.nlm.nih.gov/42704295/","Metabolic reprogramming is a hallmark of gastric cancer (GC); however, the role of transcriptional regulators in modulating glycolysis remains incompletely understood. By integrating proteomic, transcriptomic, and CRISPR-based functional screening datasets, we identified WDR12, a WD40-family protein that is upregulated in GC and associated with poor patient survival. WDR12 silencing suppressed GC cell proliferation and tumor growth in vitro and in vivo and markedly reduced glycolytic flux. Mechanistically, WDR12 interacts with TDP43 and promotes its occupancy at the PFKFB4 promoter, thereby increasing PFKFB4 transcription. Restoration of PFKFB4 expression partially rescued the metabolic and proliferative defects caused by WDR12 knockdown. Together, these findings implicate WDR12 in GC metabolic reprogramming and suggest a potential metabolic vulnerability associated with WDR12-dependent regulation of PFKFB4 through TDP43."
"pubmed","42703694","10.1111/jfd.70278","A CRISPR-Based Rapid Detection Assay for Crayfish Plague (Aphanomyces astaci) From Environmental Samples.","Heine, Christopher; Plewnia, Amadeus; Strand, David; Gupta, Simran; Krehenwinkel, Henrik; McFarlane, Gus R","Journal of fish diseases","2026-09-07","https://pubmed.ncbi.nlm.nih.gov/42703694/","Crayfish plague, caused by Aphanomyces astaci (Aa), is an infectious disease invasive in Europe, where its rapid spread has resulted in sharp declines of native crayfish species. Monitoring currently relies on a highly sensitive, but costly and time-consuming qPCR approach. Here, we designed a simplified, rapid and cost-efficient molecular assay for on-site detection of Aa. The novel rapid assay employs a combination of isothermal recombinase polymerase amplification and CRISPR-Cas12a-based detection that can be coupled with fluorescence or lateral flow visualisation. We demonstrate that the novel assay can detect A. astaci from tissue and environmental DNA with higher sensitivity than the available qPCR assay and readily distinguishes Aa from its non-pathogenic sister taxon A. fennicus. We tested two genomic marker sites for Aa that discriminate closely related oomycetes and incorporate field-deployable lateral flow and fluorescence readouts. Our work will make crayfish plague monitoring broadly accessible to practitioners and non-academic stakeholders as a tool to curb further Aa-driven loss of Europe's imperilled freshwater crustaceans and strengthen preparedness against future incursions of the pathogen in other regions."
"pubmed","42703025","10.1111/1751-7915.70437","One-Pot RPA-CRISPR/Cas12a Assay With Visual Readout for the Ultra-Specific Detection of Monkeypox Virus Clade I.","Li, Boyi; Liu, Luyao; Jin, Kaikai; Huang, Zanheng; Zhang, Tianyi; Gao, Rong; Chen, Huanxin; Niu, Lijuan; Fan, Changqi; Zhang, Haili; Huang, Pei; Wang, Hualei","Microbial biotechnology","2026-09-07","https://pubmed.ncbi.nlm.nih.gov/42703025/","In 2024, Monkeypox virus (MPXV) clade I has triggered outbreaks in several countries world-wide. MPXV clade I demonstrates enhanced virulence and transmissibility, with a case fatality rate reaching 10%. In response, we have developed a one-pot detection assay specifically targeting MPXV clade I, combining recombinase polymerase amplification (RPA) and the CRISPR/Cas12a system. The assay can be completed within 40 min and achieved a 95% limit of detection (LOD95) of 27.16 copies/muL. No cross-reactivity was observed with MPXV clade II or other tested viral templates, including Vaccinia virus (Tiantan strain). A preliminary room-temperature evaluation showed that the assay retained detectable performance at 25 degrees C, supporting its potential use in equipment-limited settings. The assay also showed good intra-assay and inter-assay repeatability for recombinant plasmid templates, with all coefficient of variation (CV) values below 10%. In simulated clinical samples, the RPA-CRISPR/Cas12a assay detected more low-concentration plasmid-spiked samples than quantitative polymerase chain reaction (qPCR). These results indicate that the established assay is specific, sensitive, repeatable, and easy to perform, providing a practical tool for field-based screening and decentralized detection of MPXV clade I."
"pubmed","42702653","10.1007/s00216-026-06786-7","Recent advances in CRISPR/Cas12a-based biosensors for heavy metal analysis: a review of signal readout strategies and analytical performance.","Hu, Shanshan; Liu, Jingxuan; Deng, Jiahui; Yuan, Yanhui; Peng, Shuchang; Le, Mingxia; Li, Jingxian; Xu, Kun","Analytical and bioanalytical chemistry","2026-09-07","https://pubmed.ncbi.nlm.nih.gov/42702653/","Heavy metals are environmental hazards owing to their toxicity, persistence, and bioaccumulation in living organisms. These metals often accumulate or transform into more toxic compounds, and some accumulate in the human body through the food chain, which is extremely harmful to health. Although conventional detection methods are reliable, they are often hampered by high costs and complex operations, motivating the exploration of alternative sensing strategies. CRISPR/Cas (Clustering Regularly Interspaced Short Palindromic Repeats and Related Proteins) systems have shown potential for developing sensitive assays with significant target specificity, programmability, and signal amplification capabilities. This review discusses research progress on using CRISPR/Cas12a to detect and prevent heavy metal contamination in food. This review introduces methodological innovations in various signal readout methods, including fluorescence, colorimetry, electrochemistry, and microfluidics, and critically evaluates their analytical performance, such as sensitivity, selectivity, and practical applicability in complex food matrices. Finally, this review aims to provide valuable guidance for researchers to develop next-generation diagnostic tools that meet the requirements of rapid screening and precision testing for food safety."
"pubmed","42702594","10.1038/s41467-026-76506-3","Allele-specific chromatin architecture shapes imprinted domains and coordinates a distal enhancer and antisense transcription at the mouse Mest-Copg2 domain.","Bae, Bongmin; Gu, Katherine; Loftus, Daniel; Whipple, Amanda J","Nature communications","2026-09-07","https://pubmed.ncbi.nlm.nih.gov/42702594/","Genomic imprinting results in parent-of-origin-dependent gene expression, but how three-dimensional genome organization contributes to imprinted gene regulation remains unclear. Using Capture Hi-C in mouse cortex and primary cortical neurons, we identified parental allele-specific chromatin architectures across multiple imprinted domains. These architectures largely originate from imprinting control regions and correlate with DNA methylation-sensitive CTCF binding. Active and inactive alleles of imprinted genes show distinct promoter interaction profiles and differential engagement with distal regulatory elements in both contact frequency and the epigenetic state of distal regions. A CRISPR interference screen identified a distal enhancer that regulates Mest-Copg2 imprinted expression through allele-specific chromatin interactions. In neurons, this enhancer activates Copg2 on the maternal allele, whereas on the paternal allele it drives Mest isoforms transcribed antisense to Copg2 and contributes to Copg2 repression. In summary, we show that allele-specific chromatin architecture coordinates maternal enhancer activity and paternal antisense transcription to control imprinted expression in neurons."
